ISO-10303-21;
HEADER;
FILE_DESCRIPTION(('KiCad electronic assembly'),'2;1');
FILE_NAME('Self Balancing robot.step','2026-08-28T12:46:18',('Pcbnew'),(
    'Kicad'),'Open CASCADE STEP processor 7.9','KiCad to STEP converter'
  ,'Unknown');
FILE_SCHEMA(('AUTOMOTIVE_DESIGN { 1 0 10303 214 1 1 1 1 }'));
ENDSEC;
DATA;
#1 = APPLICATION_PROTOCOL_DEFINITION('international standard',
  'automotive_design',2000,#2);
#2 = APPLICATION_CONTEXT(
  'core data for automotive mechanical design processes');
#3 = SHAPE_DEFINITION_REPRESENTATION(#4,#10);
#4 = PRODUCT_DEFINITION_SHAPE('','',#5);
#5 = PRODUCT_DEFINITION('design','',#6,#9);
#6 = PRODUCT_DEFINITION_FORMATION('','',#7);
#7 = PRODUCT('Self Balancing robot 1','Self Balancing robot 1','',(#8));
#8 = PRODUCT_CONTEXT('',#2,'mechanical');
#9 = PRODUCT_DEFINITION_CONTEXT('part definition',#2,'design');
#10 = SHAPE_REPRESENTATION('',(#11,#15,#19,#23),#27);
#11 = AXIS2_PLACEMENT_3D('',#12,#13,#14);
#12 = CARTESIAN_POINT('',(0.,0.,0.));
#13 = DIRECTION('',(0.,0.,1.));
#14 = DIRECTION('',(1.,0.,-0.));
#15 = AXIS2_PLACEMENT_3D('',#16,#17,#18);
#16 = CARTESIAN_POINT('',(163.739646,-112.24,1.595));
#17 = DIRECTION('',(0.,0.,1.));
#18 = DIRECTION('',(1.,0.,0.));
#19 = AXIS2_PLACEMENT_3D('',#20,#21,#22);
#20 = CARTESIAN_POINT('',(120.989646,-112.99,1.595));
#21 = DIRECTION('',(0.,0.,1.));
#22 = DIRECTION('',(1.,0.,0.));
#23 = AXIS2_PLACEMENT_3D('',#24,#25,#26);
#24 = CARTESIAN_POINT('',(0.,0.,0.));
#25 = DIRECTION('',(0.,0.,1.));
#26 = DIRECTION('',(1.,0.,-0.));
#27 = ( GEOMETRIC_REPRESENTATION_CONTEXT(3) 
GLOBAL_UNCERTAINTY_ASSIGNED_CONTEXT((#31)) GLOBAL_UNIT_ASSIGNED_CONTEXT(
(#28,#29,#30)) REPRESENTATION_CONTEXT('Context #1',
  '3D Context with UNIT and UNCERTAINTY') );
#28 = ( LENGTH_UNIT() NAMED_UNIT(*) SI_UNIT(.MILLI.,.METRE.) );
#29 = ( NAMED_UNIT(*) PLANE_ANGLE_UNIT() SI_UNIT($,.RADIAN.) );
#30 = ( NAMED_UNIT(*) SI_UNIT($,.STERADIAN.) SOLID_ANGLE_UNIT() );
#31 = UNCERTAINTY_MEASURE_WITH_UNIT(LENGTH_MEASURE(5.E-07),#28,
  'distance_accuracy_value','confusion accuracy');
#32 = PRODUCT_RELATED_PRODUCT_CATEGORY('part',$,(#7));
#33 = SHAPE_DEFINITION_REPRESENTATION(#34,#40);
#34 = PRODUCT_DEFINITION_SHAPE('','',#35);
#35 = PRODUCT_DEFINITION('design','',#36,#39);
#36 = PRODUCT_DEFINITION_FORMATION('','',#37);
#37 = PRODUCT('CP_Radial_D10.0mm_P5.00mm','CP_Radial_D10.0mm_P5.00mm',''
  ,(#38));
#38 = PRODUCT_CONTEXT('',#2,'mechanical');
#39 = PRODUCT_DEFINITION_CONTEXT('part definition',#2,'design');
#40 = SHAPE_REPRESENTATION('',(#11,#41),#45);
#41 = AXIS2_PLACEMENT_3D('',#42,#43,#44);
#42 = CARTESIAN_POINT('',(0.,0.,0.));
#43 = DIRECTION('',(0.,0.,1.));
#44 = DIRECTION('',(1.,0.,-0.));
#45 = ( GEOMETRIC_REPRESENTATION_CONTEXT(3) 
GLOBAL_UNCERTAINTY_ASSIGNED_CONTEXT((#49)) GLOBAL_UNIT_ASSIGNED_CONTEXT(
(#46,#47,#48)) REPRESENTATION_CONTEXT('Context #1',
  '3D Context with UNIT and UNCERTAINTY') );
#46 = ( LENGTH_UNIT() NAMED_UNIT(*) SI_UNIT(.MILLI.,.METRE.) );
#47 = ( NAMED_UNIT(*) PLANE_ANGLE_UNIT() SI_UNIT($,.RADIAN.) );
#48 = ( NAMED_UNIT(*) SI_UNIT($,.STERADIAN.) SOLID_ANGLE_UNIT() );
#49 = UNCERTAINTY_MEASURE_WITH_UNIT(LENGTH_MEASURE(1.E-06),#46,
  'distance_accuracy_value','confusion accuracy');
#50 = CONTEXT_DEPENDENT_SHAPE_REPRESENTATION(#51,#53);
#51 = ( REPRESENTATION_RELATIONSHIP('','',#40,#10) 
REPRESENTATION_RELATIONSHIP_WITH_TRANSFORMATION(#52) 
SHAPE_REPRESENTATION_RELATIONSHIP() );
#52 = ITEM_DEFINED_TRANSFORMATION('','',#11,#15);
#53 = PRODUCT_DEFINITION_SHAPE('Placement','Placement of an item',#54);
#54 = NEXT_ASSEMBLY_USAGE_OCCURRENCE('2','C2','',#5,#35,$);
#55 = PRODUCT_RELATED_PRODUCT_CATEGORY('part',$,(#37));
#56 = SHAPE_DEFINITION_REPRESENTATION(#57,#63);
#57 = PRODUCT_DEFINITION_SHAPE('','',#58);
#58 = PRODUCT_DEFINITION('design','',#59,#62);
#59 = PRODUCT_DEFINITION_FORMATION('','',#60);
#60 = PRODUCT('CP_Radial_D100mm_P500mm','CP_Radial_D100mm_P500mm','',(
    #61));
#61 = PRODUCT_CONTEXT('',#2,'mechanical');
#62 = PRODUCT_DEFINITION_CONTEXT('part definition',#2,'design');
#63 = ADVANCED_BREP_SHAPE_REPRESENTATION('',(#11,#64),#2134);
#64 = BREP_WITH_VOIDS('',#65,(#2012));
#65 = CLOSED_SHELL('',(#66,#83,#108,#157,#190,#208,#233,#265,#283,#292,
    #330,#352,#415,#443,#617,#683,#752,#784,#958,#1122,#1154,#1338,#1404
    ,#1438,#1456,#1472,#1488,#1520,#1538,#1681,#1733,#1757,#1781,#1805,
    #1867,#1884,#1908,#1924,#1948,#1960,#1976,#1988,#2000));
#66 = ADVANCED_FACE('',(#67),#78,.F.);
#67 = FACE_BOUND('',#68,.F.);
#68 = EDGE_LOOP('',(#69));
#69 = ORIENTED_EDGE('',*,*,#70,.T.);
#70 = EDGE_CURVE('',#71,#71,#73,.T.);
#71 = VERTEX_POINT('',#72);
#72 = CARTESIAN_POINT('',(4.65,-2.632990618167E-16,-1.9));
#73 = CIRCLE('',#74,0.35);
#74 = AXIS2_PLACEMENT_3D('',#75,#76,#77);
#75 = CARTESIAN_POINT('',(5.,-3.061616997868E-16,-1.9));
#76 = DIRECTION('',(0.,0.,1.));
#77 = DIRECTION('',(-1.,1.224646799147E-16,0.));
#78 = PLANE('',#79);
#79 = AXIS2_PLACEMENT_3D('',#80,#81,#82);
#80 = CARTESIAN_POINT('',(5.,-3.22397371041E-16,-1.9));
#81 = DIRECTION('',(0.,0.,1.));
#82 = DIRECTION('',(-1.,1.224646799147E-16,0.));
#83 = ADVANCED_FACE('',(#84),#103,.T.);
#84 = FACE_BOUND('',#85,.T.);
#85 = EDGE_LOOP('',(#86,#95,#101,#102));
#86 = ORIENTED_EDGE('',*,*,#87,.F.);
#87 = EDGE_CURVE('',#88,#88,#90,.T.);
#88 = VERTEX_POINT('',#89);
#89 = CARTESIAN_POINT('',(4.65,-2.632990618167E-16,0.2));
#90 = CIRCLE('',#91,0.35);
#91 = AXIS2_PLACEMENT_3D('',#92,#93,#94);
#92 = CARTESIAN_POINT('',(5.,-3.061616997868E-16,0.2));
#93 = DIRECTION('',(0.,0.,1.));
#94 = DIRECTION('',(-1.,1.224646799147E-16,0.));
#95 = ORIENTED_EDGE('',*,*,#96,.T.);
#96 = EDGE_CURVE('',#88,#71,#97,.T.);
#97 = LINE('',#98,#99);
#98 = CARTESIAN_POINT('',(4.65,-2.632990618167E-16,0.3));
#99 = VECTOR('',#100,1.);
#100 = DIRECTION('',(0.,0.,-1.));
#101 = ORIENTED_EDGE('',*,*,#70,.T.);
#102 = ORIENTED_EDGE('',*,*,#96,.F.);
#103 = CYLINDRICAL_SURFACE('',#104,0.35);
#104 = AXIS2_PLACEMENT_3D('',#105,#106,#107);
#105 = CARTESIAN_POINT('',(5.,-3.061616997868E-16,0.3));
#106 = DIRECTION('',(0.,0.,1.));
#107 = DIRECTION('',(-1.,1.224646799147E-16,0.));
#108 = ADVANCED_FACE('',(#109,#138,#141),#152,.F.);
#109 = FACE_BOUND('',#110,.F.);
#110 = EDGE_LOOP('',(#111,#122,#131));
#111 = ORIENTED_EDGE('',*,*,#112,.T.);
#112 = EDGE_CURVE('',#113,#115,#117,.T.);
#113 = VERTEX_POINT('',#114);
#114 = CARTESIAN_POINT('',(-1.,4.286263797016E-16,0.2));
#115 = VERTEX_POINT('',#116);
#116 = CARTESIAN_POINT('',(5.73357836379,-1.339392013278,0.2));
#117 = CIRCLE('',#118,3.5);
#118 = AXIS2_PLACEMENT_3D('',#119,#120,#121);
#119 = CARTESIAN_POINT('',(2.5,0.,0.2));
#120 = DIRECTION('',(0.,0.,1.));
#121 = DIRECTION('',(-1.,1.224646799147E-16,0.));
#122 = ORIENTED_EDGE('',*,*,#123,.T.);
#123 = EDGE_CURVE('',#115,#124,#126,.T.);
#124 = VERTEX_POINT('',#125);
#125 = CARTESIAN_POINT('',(5.73357836379,1.339392013278,0.2));
#126 = CIRCLE('',#127,3.5);
#127 = AXIS2_PLACEMENT_3D('',#128,#129,#130);
#128 = CARTESIAN_POINT('',(2.5,0.,0.2));
#129 = DIRECTION('',(0.,0.,1.));
#130 = DIRECTION('',(-1.,1.224646799147E-16,0.));
#131 = ORIENTED_EDGE('',*,*,#132,.T.);
#132 = EDGE_CURVE('',#124,#113,#133,.T.);
#133 = CIRCLE('',#134,3.5);
#134 = AXIS2_PLACEMENT_3D('',#135,#136,#137);
#135 = CARTESIAN_POINT('',(2.5,0.,0.2));
#136 = DIRECTION('',(0.,0.,1.));
#137 = DIRECTION('',(-1.,1.224646799147E-16,0.));
#138 = FACE_BOUND('',#139,.F.);
#139 = EDGE_LOOP('',(#140));
#140 = ORIENTED_EDGE('',*,*,#87,.F.);
#141 = FACE_BOUND('',#142,.F.);
#142 = EDGE_LOOP('',(#143));
#143 = ORIENTED_EDGE('',*,*,#144,.F.);
#144 = EDGE_CURVE('',#145,#145,#147,.T.);
#145 = VERTEX_POINT('',#146);
#146 = CARTESIAN_POINT('',(-0.35,3.49024337757E-16,0.2));
#147 = CIRCLE('',#148,0.35);
#148 = AXIS2_PLACEMENT_3D('',#149,#150,#151);
#149 = CARTESIAN_POINT('',(0.,3.061616997868E-16,0.2));
#150 = DIRECTION('',(0.,0.,1.));
#151 = DIRECTION('',(-1.,1.224646799147E-16,0.));
#152 = PLANE('',#153);
#153 = AXIS2_PLACEMENT_3D('',#154,#155,#156);
#154 = CARTESIAN_POINT('',(2.5,-2.47821720825E-16,0.2));
#155 = DIRECTION('',(0.,0.,1.));
#156 = DIRECTION('',(-1.,1.224646799147E-16,0.));
#157 = ADVANCED_FACE('',(#158),#185,.F.);
#158 = FACE_BOUND('',#159,.F.);
#159 = EDGE_LOOP('',(#160,#168,#169,#170,#178));
#160 = ORIENTED_EDGE('',*,*,#161,.F.);
#161 = EDGE_CURVE('',#115,#162,#164,.T.);
#162 = VERTEX_POINT('',#163);
#163 = CARTESIAN_POINT('',(5.73357836379,-1.339392013278,0.));
#164 = LINE('',#165,#166);
#165 = CARTESIAN_POINT('',(5.73357836379,-1.339392013278,0.3));
#166 = VECTOR('',#167,1.);
#167 = DIRECTION('',(0.,0.,-1.));
#168 = ORIENTED_EDGE('',*,*,#112,.F.);
#169 = ORIENTED_EDGE('',*,*,#132,.F.);
#170 = ORIENTED_EDGE('',*,*,#171,.T.);
#171 = EDGE_CURVE('',#124,#172,#174,.T.);
#172 = VERTEX_POINT('',#173);
#173 = CARTESIAN_POINT('',(5.73357836379,1.339392013278,0.));
#174 = LINE('',#175,#176);
#175 = CARTESIAN_POINT('',(5.73357836379,1.339392013278,0.3));
#176 = VECTOR('',#177,1.);
#177 = DIRECTION('',(0.,0.,-1.));
#178 = ORIENTED_EDGE('',*,*,#179,.F.);
#179 = EDGE_CURVE('',#162,#172,#180,.T.);
#180 = CIRCLE('',#181,3.5);
#181 = AXIS2_PLACEMENT_3D('',#182,#183,#184);
#182 = CARTESIAN_POINT('',(2.5,0.,0.));
#183 = DIRECTION('',(0.,-0.,-1.));
#184 = DIRECTION('',(0.923879532511,-0.382683432365,0.));
#185 = CYLINDRICAL_SURFACE('',#186,3.5);
#186 = AXIS2_PLACEMENT_3D('',#187,#188,#189);
#187 = CARTESIAN_POINT('',(2.5,0.,0.3));
#188 = DIRECTION('',(0.,0.,-1.));
#189 = DIRECTION('',(0.923879532511,-0.382683432365,0.));
#190 = ADVANCED_FACE('',(#191),#203,.F.);
#191 = FACE_BOUND('',#192,.F.);
#192 = EDGE_LOOP('',(#193,#194,#195,#196));
#193 = ORIENTED_EDGE('',*,*,#171,.F.);
#194 = ORIENTED_EDGE('',*,*,#123,.F.);
#195 = ORIENTED_EDGE('',*,*,#161,.T.);
#196 = ORIENTED_EDGE('',*,*,#197,.F.);
#197 = EDGE_CURVE('',#172,#162,#198,.T.);
#198 = CIRCLE('',#199,3.5);
#199 = AXIS2_PLACEMENT_3D('',#200,#201,#202);
#200 = CARTESIAN_POINT('',(2.5,0.,0.));
#201 = DIRECTION('',(0.,0.,-1.));
#202 = DIRECTION('',(0.923879532511,0.382683432365,0.));
#203 = CYLINDRICAL_SURFACE('',#204,3.5);
#204 = AXIS2_PLACEMENT_3D('',#205,#206,#207);
#205 = CARTESIAN_POINT('',(2.5,0.,0.3));
#206 = DIRECTION('',(0.,0.,-1.));
#207 = DIRECTION('',(0.923879532511,0.382683432365,0.));
#208 = ADVANCED_FACE('',(#209),#228,.T.);
#209 = FACE_BOUND('',#210,.T.);
#210 = EDGE_LOOP('',(#211,#212,#220,#227));
#211 = ORIENTED_EDGE('',*,*,#144,.F.);
#212 = ORIENTED_EDGE('',*,*,#213,.T.);
#213 = EDGE_CURVE('',#145,#214,#216,.T.);
#214 = VERTEX_POINT('',#215);
#215 = CARTESIAN_POINT('',(-0.35,3.49024337757E-16,-2.));
#216 = LINE('',#217,#218);
#217 = CARTESIAN_POINT('',(-0.35,3.49024337757E-16,0.3));
#218 = VECTOR('',#219,1.);
#219 = DIRECTION('',(0.,0.,-1.));
#220 = ORIENTED_EDGE('',*,*,#221,.T.);
#221 = EDGE_CURVE('',#214,#214,#222,.T.);
#222 = CIRCLE('',#223,0.35);
#223 = AXIS2_PLACEMENT_3D('',#224,#225,#226);
#224 = CARTESIAN_POINT('',(0.,3.061616997868E-16,-2.));
#225 = DIRECTION('',(0.,0.,1.));
#226 = DIRECTION('',(-1.,1.224646799147E-16,0.));
#227 = ORIENTED_EDGE('',*,*,#213,.F.);
#228 = CYLINDRICAL_SURFACE('',#229,0.35);
#229 = AXIS2_PLACEMENT_3D('',#230,#231,#232);
#230 = CARTESIAN_POINT('',(0.,3.061616997868E-16,0.3));
#231 = DIRECTION('',(0.,0.,1.));
#232 = DIRECTION('',(-1.,1.224646799147E-16,0.));
#233 = ADVANCED_FACE('',(#234),#260,.T.);
#234 = FACE_BOUND('',#235,.F.);
#235 = EDGE_LOOP('',(#236,#237,#245,#254));
#236 = ORIENTED_EDGE('',*,*,#179,.T.);
#237 = ORIENTED_EDGE('',*,*,#238,.T.);
#238 = EDGE_CURVE('',#172,#239,#241,.T.);
#239 = VERTEX_POINT('',#240);
#240 = CARTESIAN_POINT('',(6.934621756054,1.836880475352,
    -1.387778780781E-17));
#241 = LINE('',#242,#243);
#242 = CARTESIAN_POINT('',(5.73357836379,1.339392013278,0.));
#243 = VECTOR('',#244,1.);
#244 = DIRECTION('',(0.923879532511,0.382683432365,0.));
#245 = ORIENTED_EDGE('',*,*,#246,.F.);
#246 = EDGE_CURVE('',#247,#239,#249,.T.);
#247 = VERTEX_POINT('',#248);
#248 = CARTESIAN_POINT('',(6.934621756054,-1.836880475352,
    -1.387778780781E-17));
#249 = CIRCLE('',#250,4.8);
#250 = AXIS2_PLACEMENT_3D('',#251,#252,#253);
#251 = CARTESIAN_POINT('',(2.5,0.,-1.387778780781E-17));
#252 = DIRECTION('',(0.,-0.,-1.));
#253 = DIRECTION('',(0.923879532511,-0.382683432365,0.));
#254 = ORIENTED_EDGE('',*,*,#255,.F.);
#255 = EDGE_CURVE('',#162,#247,#256,.T.);
#256 = LINE('',#257,#258);
#257 = CARTESIAN_POINT('',(5.73357836379,-1.339392013278,0.));
#258 = VECTOR('',#259,1.);
#259 = DIRECTION('',(0.923879532511,-0.382683432365,0.));
#260 = PLANE('',#261);
#261 = AXIS2_PLACEMENT_3D('',#262,#263,#264);
#262 = CARTESIAN_POINT('',(2.5,0.,0.));
#263 = DIRECTION('',(0.,0.,-1.));
#264 = DIRECTION('',(0.923879532511,-0.382683432365,0.));
#265 = ADVANCED_FACE('',(#266),#278,.T.);
#266 = FACE_BOUND('',#267,.F.);
#267 = EDGE_LOOP('',(#268,#269,#270,#277));
#268 = ORIENTED_EDGE('',*,*,#197,.T.);
#269 = ORIENTED_EDGE('',*,*,#255,.T.);
#270 = ORIENTED_EDGE('',*,*,#271,.F.);
#271 = EDGE_CURVE('',#239,#247,#272,.T.);
#272 = CIRCLE('',#273,4.8);
#273 = AXIS2_PLACEMENT_3D('',#274,#275,#276);
#274 = CARTESIAN_POINT('',(2.5,0.,-1.387778780781E-17));
#275 = DIRECTION('',(0.,0.,-1.));
#276 = DIRECTION('',(0.923879532511,0.382683432365,0.));
#277 = ORIENTED_EDGE('',*,*,#238,.F.);
#278 = PLANE('',#279);
#279 = AXIS2_PLACEMENT_3D('',#280,#281,#282);
#280 = CARTESIAN_POINT('',(2.5,0.,0.));
#281 = DIRECTION('',(0.,0.,-1.));
#282 = DIRECTION('',(0.923879532511,0.382683432365,0.));
#283 = ADVANCED_FACE('',(#284),#287,.F.);
#284 = FACE_BOUND('',#285,.F.);
#285 = EDGE_LOOP('',(#286));
#286 = ORIENTED_EDGE('',*,*,#221,.T.);
#287 = PLANE('',#288);
#288 = AXIS2_PLACEMENT_3D('',#289,#290,#291);
#289 = CARTESIAN_POINT('',(0.,2.899260285327E-16,-2.));
#290 = DIRECTION('',(0.,0.,1.));
#291 = DIRECTION('',(-1.,1.224646799147E-16,0.));
#292 = ADVANCED_FACE('',(#293),#321,.F.);
#293 = FACE_BOUND('',#294,.F.);
#294 = EDGE_LOOP('',(#295,#296,#305,#314));
#295 = ORIENTED_EDGE('',*,*,#246,.T.);
#296 = ORIENTED_EDGE('',*,*,#297,.T.);
#297 = EDGE_CURVE('',#239,#298,#300,.T.);
#298 = VERTEX_POINT('',#299);
#299 = CARTESIAN_POINT('',(7.119397662556,1.913417161825,0.2));
#300 = CIRCLE('',#301,0.2);
#301 = AXIS2_PLACEMENT_3D('',#302,#303,#304);
#302 = CARTESIAN_POINT('',(6.934621756054,1.836880475352,0.2));
#303 = DIRECTION('',(0.382683432365,-0.923879532511,-2.570855538239E-32)
  );
#304 = DIRECTION('',(-4.102849315896E-15,-1.699455831017E-15,-1.));
#305 = ORIENTED_EDGE('',*,*,#306,.F.);
#306 = EDGE_CURVE('',#307,#298,#309,.T.);
#307 = VERTEX_POINT('',#308);
#308 = CARTESIAN_POINT('',(7.119397662556,-1.913417161825,0.2));
#309 = CIRCLE('',#310,5.);
#310 = AXIS2_PLACEMENT_3D('',#311,#312,#313);
#311 = CARTESIAN_POINT('',(2.5,0.,0.2));
#312 = DIRECTION('',(0.,-0.,-1.));
#313 = DIRECTION('',(0.923879532511,-0.382683432365,0.));
#314 = ORIENTED_EDGE('',*,*,#315,.F.);
#315 = EDGE_CURVE('',#247,#307,#316,.T.);
#316 = CIRCLE('',#317,0.2);
#317 = AXIS2_PLACEMENT_3D('',#318,#319,#320);
#318 = CARTESIAN_POINT('',(6.934621756054,-1.836880475352,0.2));
#319 = DIRECTION('',(-0.382683432365,-0.923879532511,2.570855538239E-32)
  );
#320 = DIRECTION('',(-4.102849315896E-15,1.699455831017E-15,-1.));
#321 = SURFACE_OF_REVOLUTION('',#322,#327);
#322 = CIRCLE('',#323,0.2);
#323 = AXIS2_PLACEMENT_3D('',#324,#325,#326);
#324 = CARTESIAN_POINT('',(6.934621756054,-1.836880475352,0.2));
#325 = DIRECTION('',(-0.382683432365,-0.923879532511,0.));
#326 = DIRECTION('',(-4.102849315896E-15,1.699455831017E-15,-1.));
#327 = AXIS1_PLACEMENT('',#328,#329);
#328 = CARTESIAN_POINT('',(2.5,0.,0.));
#329 = DIRECTION('',(0.,0.,-1.));
#330 = ADVANCED_FACE('',(#331),#343,.F.);
#331 = FACE_BOUND('',#332,.F.);
#332 = EDGE_LOOP('',(#333,#334,#335,#342));
#333 = ORIENTED_EDGE('',*,*,#271,.T.);
#334 = ORIENTED_EDGE('',*,*,#315,.T.);
#335 = ORIENTED_EDGE('',*,*,#336,.F.);
#336 = EDGE_CURVE('',#298,#307,#337,.T.);
#337 = CIRCLE('',#338,5.);
#338 = AXIS2_PLACEMENT_3D('',#339,#340,#341);
#339 = CARTESIAN_POINT('',(2.5,0.,0.2));
#340 = DIRECTION('',(0.,0.,-1.));
#341 = DIRECTION('',(0.923879532511,0.382683432365,0.));
#342 = ORIENTED_EDGE('',*,*,#297,.F.);
#343 = SURFACE_OF_REVOLUTION('',#344,#349);
#344 = CIRCLE('',#345,0.2);
#345 = AXIS2_PLACEMENT_3D('',#346,#347,#348);
#346 = CARTESIAN_POINT('',(6.934621756054,1.836880475352,0.2));
#347 = DIRECTION('',(0.382683432365,-0.923879532511,1.972152263054E-31)
  );
#348 = DIRECTION('',(-4.102849315896E-15,-1.699455831017E-15,-1.));
#349 = AXIS1_PLACEMENT('',#350,#351);
#350 = CARTESIAN_POINT('',(2.5,0.,0.));
#351 = DIRECTION('',(0.,0.,-1.));
#352 = ADVANCED_FACE('',(#353),#410,.T.);
#353 = FACE_BOUND('',#354,.T.);
#354 = EDGE_LOOP('',(#355,#397,#403,#404));
#355 = ORIENTED_EDGE('',*,*,#356,.T.);
#356 = EDGE_CURVE('',#357,#359,#361,.T.);
#357 = VERTEX_POINT('',#358);
#358 = CARTESIAN_POINT('',(7.119397662556,-1.913417161825,1.064979142851
    ));
#359 = VERTEX_POINT('',#360);
#360 = CARTESIAN_POINT('',(7.119397662556,1.913417161825,1.064979142851)
  );
#361 = B_SPLINE_CURVE_WITH_KNOTS('',12,(#362,#363,#364,#365,#366,#367,
    #368,#369,#370,#371,#372,#373,#374,#375,#376,#377,#378,#379,#380,
    #381,#382,#383,#384,#385,#386,#387,#388,#389,#390,#391,#392,#393,
    #394,#395,#396),.UNSPECIFIED.,.F.,.F.,(13,11,11,13),(-1.171231283167
    ,-3.991931790191E-16,27.488935718911,28.660167002077),
  .UNSPECIFIED.);
#362 = CARTESIAN_POINT('',(7.567608470092,-0.831340551471,1.064979142851
    ));
#363 = CARTESIAN_POINT('',(7.529998726783,-0.922138503845,1.064979142851
    ));
#364 = CARTESIAN_POINT('',(7.492436045779,-1.012822837762,1.064979142851
    ));
#365 = CARTESIAN_POINT('',(7.454920427082,-1.103393553223,1.064979142851
    ));
#366 = CARTESIAN_POINT('',(7.41745187069,-1.193850650228,1.064979142851)
  );
#367 = CARTESIAN_POINT('',(7.380030376603,-1.284194128775,1.064979142851
    ));
#368 = CARTESIAN_POINT('',(7.342655944822,-1.374423988867,1.064979142851
    ));
#369 = CARTESIAN_POINT('',(7.305328575347,-1.464540230501,1.064979142851
    ));
#370 = CARTESIAN_POINT('',(7.268048268178,-1.554542853679,1.064979142851
    ));
#371 = CARTESIAN_POINT('',(7.230815023314,-1.644431858401,1.064979142851
    ));
#372 = CARTESIAN_POINT('',(7.193628840756,-1.734207244665,1.064979142851
    ));
#373 = CARTESIAN_POINT('',(7.156489720503,-1.823869012474,1.064979142851
    ));
#374 = CARTESIAN_POINT('',(6.248842707922,-4.015122740097,1.064979142851
    ));
#375 = CARTESIAN_POINT('',(4.32138663606,-5.716779021404,1.064979179919)
  );
#376 = CARTESIAN_POINT('',(1.539129938892,-6.390920517957,1.064978653652
    ));
#377 = CARTESIAN_POINT('',(-1.444295453127,-5.513989403062,1.06498076459
    ));
#378 = CARTESIAN_POINT('',(-3.665575663563,-3.325471120225,
    1.064976103248));
#379 = CARTESIAN_POINT('',(-4.778923381471,8.212985846967E-12,
    1.064982844735));
#380 = CARTESIAN_POINT('',(-3.665575663563,3.32547112021,1.064976103248)
  );
#381 = CARTESIAN_POINT('',(-1.444295453127,5.513989403074,1.064980764591
    ));
#382 = CARTESIAN_POINT('',(1.539129938893,6.39092051795,1.064978653652)
  );
#383 = CARTESIAN_POINT('',(4.321386636059,5.716779021407,1.064979179919)
  );
#384 = CARTESIAN_POINT('',(6.248842707922,4.015122740096,1.064979142851)
  );
#385 = CARTESIAN_POINT('',(7.156489720503,1.823869012474,1.064979142851)
  );
#386 = CARTESIAN_POINT('',(7.193628840756,1.734207244665,1.064979142851)
  );
#387 = CARTESIAN_POINT('',(7.230815023314,1.644431858401,1.064979142851)
  );
#388 = CARTESIAN_POINT('',(7.268048268178,1.554542853679,1.064979142851)
  );
#389 = CARTESIAN_POINT('',(7.305328575347,1.464540230501,1.064979142851)
  );
#390 = CARTESIAN_POINT('',(7.342655944822,1.374423988867,1.064979142851)
  );
#391 = CARTESIAN_POINT('',(7.380030376603,1.284194128775,1.064979142851)
  );
#392 = CARTESIAN_POINT('',(7.41745187069,1.193850650228,1.064979142851)
  );
#393 = CARTESIAN_POINT('',(7.454920427082,1.103393553223,1.064979142851)
  );
#394 = CARTESIAN_POINT('',(7.492436045779,1.012822837762,1.064979142851)
  );
#395 = CARTESIAN_POINT('',(7.529998726783,0.922138503845,1.064979142851)
  );
#396 = CARTESIAN_POINT('',(7.567608470092,0.831340551471,1.064979142851)
  );
#397 = ORIENTED_EDGE('',*,*,#398,.F.);
#398 = EDGE_CURVE('',#298,#359,#399,.T.);
#399 = LINE('',#400,#401);
#400 = CARTESIAN_POINT('',(7.119397662556,1.913417161825,0.2));
#401 = VECTOR('',#402,1.);
#402 = DIRECTION('',(0.,0.,1.));
#403 = ORIENTED_EDGE('',*,*,#306,.F.);
#404 = ORIENTED_EDGE('',*,*,#405,.T.);
#405 = EDGE_CURVE('',#307,#357,#406,.T.);
#406 = LINE('',#407,#408);
#407 = CARTESIAN_POINT('',(7.119397662556,-1.913417161825,0.2));
#408 = VECTOR('',#409,1.);
#409 = DIRECTION('',(0.,0.,1.));
#410 = CYLINDRICAL_SURFACE('',#411,5.);
#411 = AXIS2_PLACEMENT_3D('',#412,#413,#414);
#412 = CARTESIAN_POINT('',(2.5,0.,0.2));
#413 = DIRECTION('',(0.,0.,1.));
#414 = DIRECTION('',(0.923879532511,-0.382683432365,0.));
#415 = ADVANCED_FACE('',(#416),#438,.T.);
#416 = FACE_BOUND('',#417,.T.);
#417 = EDGE_LOOP('',(#418,#435,#436,#437));
#418 = ORIENTED_EDGE('',*,*,#419,.T.);
#419 = EDGE_CURVE('',#359,#357,#420,.T.);
#420 = B_SPLINE_CURVE_WITH_KNOTS('',5,(#421,#422,#423,#424,#425,#426,
    #427,#428,#429,#430,#431,#432,#433,#434),.UNSPECIFIED.,.F.,.F.,(6,4,
    4,6),(-0.238826937805,-2.684273090947E-07,3.926991085414,
    4.165817386253),.UNSPECIFIED.);
#421 = CARTESIAN_POINT('',(7.02800265205,2.134064235451,1.064979142851)
  );
#422 = CARTESIAN_POINT('',(7.046281659523,2.089934807758,1.064979142851)
  );
#423 = CARTESIAN_POINT('',(7.064560664227,2.04580538675,1.064979142851)
  );
#424 = CARTESIAN_POINT('',(7.082839666162,2.001675972426,1.064979142851)
  );
#425 = CARTESIAN_POINT('',(7.101118665327,1.957546564788,1.064979142851)
  );
#426 = CARTESIAN_POINT('',(7.41995647701,1.187803996574,1.064979142851)
  );
#427 = CARTESIAN_POINT('',(7.578077492132,0.403182514539,1.064979142851)
  );
#428 = CARTESIAN_POINT('',(7.578078582592,-0.403179910909,1.064979142851
    ));
#429 = CARTESIAN_POINT('',(7.41995703187,-1.187802657023,1.064979142851)
  );
#430 = CARTESIAN_POINT('',(7.101118659789,-1.957546578158,1.064979142851
    ));
#431 = CARTESIAN_POINT('',(7.082839657855,-2.001675992481,1.064979142851
    ));
#432 = CARTESIAN_POINT('',(7.06456065592,-2.045805406805,1.064979142851)
  );
#433 = CARTESIAN_POINT('',(7.046281653985,-2.089934821128,1.064979142851
    ));
#434 = CARTESIAN_POINT('',(7.02800265205,-2.134064235451,1.064979142851)
  );
#435 = ORIENTED_EDGE('',*,*,#405,.F.);
#436 = ORIENTED_EDGE('',*,*,#336,.F.);
#437 = ORIENTED_EDGE('',*,*,#398,.T.);
#438 = CYLINDRICAL_SURFACE('',#439,5.);
#439 = AXIS2_PLACEMENT_3D('',#440,#441,#442);
#440 = CARTESIAN_POINT('',(2.5,0.,0.2));
#441 = DIRECTION('',(0.,0.,1.));
#442 = DIRECTION('',(0.923879532511,0.382683432365,-0.));
#443 = ADVANCED_FACE('',(#444),#511,.T.);
#444 = FACE_BOUND('',#445,.T.);
#445 = EDGE_LOOP('',(#446,#459,#499,#510));
#446 = ORIENTED_EDGE('',*,*,#447,.T.);
#447 = EDGE_CURVE('',#357,#448,#450,.T.);
#448 = VERTEX_POINT('',#449);
#449 = CARTESIAN_POINT('',(7.045145369717,-1.882660855094,1.269338405373
    ));
#450 = B_SPLINE_CURVE_WITH_KNOTS('',7,(#451,#452,#453,#454,#455,#456,
    #457,#458),.UNSPECIFIED.,.F.,.F.,(8,8),(0.,1.),
  .PIECEWISE_BEZIER_KNOTS.);
#451 = CARTESIAN_POINT('',(7.119397662556,-1.913417161825,1.064979142851
    ));
#452 = CARTESIAN_POINT('',(7.119397662479,-1.913417161793,1.096355884499
    ));
#453 = CARTESIAN_POINT('',(7.115860106587,-1.911951858165,1.128452340475
    ));
#454 = CARTESIAN_POINT('',(7.108495682308,-1.90890141375,1.160460292499)
  );
#455 = CARTESIAN_POINT('',(7.097254566883,-1.904245191285,1.191398408619
    ));
#456 = CARTESIAN_POINT('',(7.082502031892,-1.898134491212,1.220261378058
    ));
#457 = CARTESIAN_POINT('',(7.06489214839,-1.890840238634,1.246367503489)
  );
#458 = CARTESIAN_POINT('',(7.045145369717,-1.882660855094,1.269338405373
    ));
#459 = ORIENTED_EDGE('',*,*,#460,.T.);
#460 = EDGE_CURVE('',#448,#461,#463,.T.);
#461 = VERTEX_POINT('',#462);
#462 = CARTESIAN_POINT('',(7.045145369717,1.882660855094,1.269338405373)
  );
#463 = B_SPLINE_CURVE_WITH_KNOTS('',12,(#464,#465,#466,#467,#468,#469,
    #470,#471,#472,#473,#474,#475,#476,#477,#478,#479,#480,#481,#482,
    #483,#484,#485,#486,#487,#488,#489,#490,#491,#492,#493,#494,#495,
    #496,#497,#498),.UNSPECIFIED.,.F.,.F.,(13,11,11,13),(-1.171231283167
    ,-3.991931790191E-16,27.488935718911,28.660167002077),
  .UNSPECIFIED.);
#464 = CARTESIAN_POINT('',(7.493356177252,-0.800584244739,1.269338405373
    ));
#465 = CARTESIAN_POINT('',(7.455150215442,-0.892821595904,1.269338405373
    ));
#466 = CARTESIAN_POINT('',(7.417099719302,-0.984683619741,1.269338405373
    ));
#467 = CARTESIAN_POINT('',(7.379204688831,-1.076170316251,1.269338405373
    ));
#468 = CARTESIAN_POINT('',(7.34146512403,-1.167281685433,1.269338405373)
  );
#469 = CARTESIAN_POINT('',(7.303881024898,-1.258017727287,1.269338405373
    ));
#470 = CARTESIAN_POINT('',(7.266452391435,-1.348378441813,1.269338405373
    ));
#471 = CARTESIAN_POINT('',(7.229179223642,-1.438363829013,1.269338405373
    ));
#472 = CARTESIAN_POINT('',(7.192061521518,-1.527973888884,1.269338405373
    ));
#473 = CARTESIAN_POINT('',(7.155099285063,-1.617208621428,1.269338405373
    ));
#474 = CARTESIAN_POINT('',(7.118292514278,-1.706068026644,1.269338405373
    ));
#475 = CARTESIAN_POINT('',(7.081641209163,-1.794552104533,1.269338405373
    ));
#476 = CARTESIAN_POINT('',(6.188583733291,-3.950583574763,1.269338405373
    ));
#477 = CARTESIAN_POINT('',(4.292055982718,-5.625078304016,1.269338398757
    ));
#478 = CARTESIAN_POINT('',(1.554180226796,-6.28790347868,1.269338492685)
  );
#479 = CARTESIAN_POINT('',(-1.379931640379,-5.425347598474,
    1.269338115926));
#480 = CARTESIAN_POINT('',(-3.567377513268,-3.27236752885,1.269338947878
    ));
#481 = CARTESIAN_POINT('',(-4.661203210779,1.935340776527E-12,
    1.269337744664));
#482 = CARTESIAN_POINT('',(-3.567377513269,3.272367528846,1.269338947878
    ));
#483 = CARTESIAN_POINT('',(-1.379931640378,5.425347598477,1.269338115927
    ));
#484 = CARTESIAN_POINT('',(1.554180226795,6.287903478677,1.269338492684)
  );
#485 = CARTESIAN_POINT('',(4.292055982718,5.625078304017,1.269338398757)
  );
#486 = CARTESIAN_POINT('',(6.188583733291,3.950583574763,1.269338405373)
  );
#487 = CARTESIAN_POINT('',(7.081641209163,1.794552104533,1.269338405373)
  );
#488 = CARTESIAN_POINT('',(7.118292514278,1.706068026644,1.269338405373)
  );
#489 = CARTESIAN_POINT('',(7.155099285063,1.617208621428,1.269338405373)
  );
#490 = CARTESIAN_POINT('',(7.192061521518,1.527973888884,1.269338405373)
  );
#491 = CARTESIAN_POINT('',(7.229179223642,1.438363829013,1.269338405373)
  );
#492 = CARTESIAN_POINT('',(7.266452391435,1.348378441814,1.269338405373)
  );
#493 = CARTESIAN_POINT('',(7.303881024898,1.258017727287,1.269338405373)
  );
#494 = CARTESIAN_POINT('',(7.34146512403,1.167281685433,1.269338405373)
  );
#495 = CARTESIAN_POINT('',(7.379204688831,1.076170316251,1.269338405373)
  );
#496 = CARTESIAN_POINT('',(7.417099719302,0.984683619741,1.269338405373)
  );
#497 = CARTESIAN_POINT('',(7.455150215442,0.892821595904,1.269338405373)
  );
#498 = CARTESIAN_POINT('',(7.493356177252,0.800584244739,1.269338405373)
  );
#499 = ORIENTED_EDGE('',*,*,#500,.F.);
#500 = EDGE_CURVE('',#359,#461,#501,.T.);
#501 = B_SPLINE_CURVE_WITH_KNOTS('',7,(#502,#503,#504,#505,#506,#507,
    #508,#509),.UNSPECIFIED.,.F.,.F.,(8,8),(0.,1.),
  .PIECEWISE_BEZIER_KNOTS.);
#502 = CARTESIAN_POINT('',(7.119397662556,1.913417161825,1.064979142851)
  );
#503 = CARTESIAN_POINT('',(7.119397662479,1.913417161793,1.096355884499)
  );
#504 = CARTESIAN_POINT('',(7.115860106587,1.911951858165,1.128452340475)
  );
#505 = CARTESIAN_POINT('',(7.108495682308,1.90890141375,1.1604602925));
#506 = CARTESIAN_POINT('',(7.097254566884,1.904245191285,1.191398408619)
  );
#507 = CARTESIAN_POINT('',(7.082502031892,1.898134491212,1.220261378058)
  );
#508 = CARTESIAN_POINT('',(7.06489214839,1.890840238634,1.246367503489)
  );
#509 = CARTESIAN_POINT('',(7.045145369717,1.882660855094,1.269338405373)
  );
#510 = ORIENTED_EDGE('',*,*,#356,.F.);
#511 = ( BOUNDED_SURFACE() B_SPLINE_SURFACE(2,12,(
    (#512,#513,#514,#515,#516,#517,#518,#519,#520,#521,#522,#523,#524
      ,#525,#526,#527,#528,#529,#530,#531,#532,#533,#534,#535,#536,#537
      ,#538,#539,#540,#541,#542,#543,#544,#545,#546)
    ,(#547,#548,#549,#550,#551,#552,#553,#554,#555,#556,#557,#558,#559
      ,#560,#561,#562,#563,#564,#565,#566,#567,#568,#569,#570,#571,#572
      ,#573,#574,#575,#576,#577,#578,#579,#580,#581)
    ,(#582,#583,#584,#585,#586,#587,#588,#589,#590,#591,#592,#593,#594
      ,#595,#596,#597,#598,#599,#600,#601,#602,#603,#604,#605,#606,#607
      ,#608,#609,#610,#611,#612,#613,#614,#615,#616
)),.UNSPECIFIED.,.F.,.F.,.F.) B_SPLINE_SURFACE_WITH_KNOTS((3,3),(13,11,
    11,13),(0.,27.488935718911),(-1.171231283167,-3.991931790191E-16,
    27.488935718911,28.660167002077),.UNSPECIFIED.) 
GEOMETRIC_REPRESENTATION_ITEM() RATIONAL_B_SPLINE_SURFACE((
    (1.,1.,1.,1.,1.,1.,1.,1.,1.,1.,1.,1.,1.,1.,1.,1.,1.,1.,1.,1.,1.,1.
      ,1.,1.,1.,1.,1.,1.,1.,1.,1.,1.,1.,1.,1.)
    ,(0.93061798229,0.93061798229,0.93061798229,0.93061798229
      ,0.93061798229,0.93061798229,0.93061798229,0.93061798229
      ,0.93061798229,0.93061798229,0.93061798229,0.93061798229
      ,0.93061798229,0.930618018687,0.93061750194,0.930619574694
      ,0.930614997669,0.930621617211,0.930614997669,0.930619574694
      ,0.930617501939,0.930618018687,0.93061798229,0.93061798229
      ,0.93061798229,0.93061798229,0.93061798229,0.93061798229
      ,0.93061798229,0.93061798229,0.93061798229,0.93061798229
      ,0.93061798229,0.93061798229,0.93061798229)
    ,(1.,1.,1.,1.,1.,1.,1.,1.,1.,1.,1.,1.,1.,1.,1.,1.,1.,1.,1.,1.,1.,1.
,1.,1.,1.,1.,1.,1.,1.,1.,1.,1.,1.,1.,1.
))) REPRESENTATION_ITEM('') SURFACE() );
#512 = CARTESIAN_POINT('',(7.567608470092,-0.831340551471,1.064979142851
    ));
#513 = CARTESIAN_POINT('',(7.529998726783,-0.922138503845,1.064979142851
    ));
#514 = CARTESIAN_POINT('',(7.492436045779,-1.012822837762,1.064979142851
    ));
#515 = CARTESIAN_POINT('',(7.454920427082,-1.103393553223,1.064979142851
    ));
#516 = CARTESIAN_POINT('',(7.41745187069,-1.193850650228,1.064979142851)
  );
#517 = CARTESIAN_POINT('',(7.380030376603,-1.284194128775,1.064979142851
    ));
#518 = CARTESIAN_POINT('',(7.342655944822,-1.374423988867,1.064979142851
    ));
#519 = CARTESIAN_POINT('',(7.305328575347,-1.464540230501,1.064979142851
    ));
#520 = CARTESIAN_POINT('',(7.268048268178,-1.554542853679,1.064979142851
    ));
#521 = CARTESIAN_POINT('',(7.230815023314,-1.644431858401,1.064979142851
    ));
#522 = CARTESIAN_POINT('',(7.193628840756,-1.734207244665,1.064979142851
    ));
#523 = CARTESIAN_POINT('',(7.156489720503,-1.823869012474,1.064979142851
    ));
#524 = CARTESIAN_POINT('',(6.248842707922,-4.015122740097,1.064979142851
    ));
#525 = CARTESIAN_POINT('',(4.32138663606,-5.716779021404,1.064979179919)
  );
#526 = CARTESIAN_POINT('',(1.539129938892,-6.390920517957,1.064978653652
    ));
#527 = CARTESIAN_POINT('',(-1.444295453127,-5.513989403062,1.06498076459
    ));
#528 = CARTESIAN_POINT('',(-3.665575663563,-3.325471120225,
    1.064976103248));
#529 = CARTESIAN_POINT('',(-4.778923381471,8.212985846967E-12,
    1.064982844735));
#530 = CARTESIAN_POINT('',(-3.665575663563,3.32547112021,1.064976103248)
  );
#531 = CARTESIAN_POINT('',(-1.444295453127,5.513989403074,1.064980764591
    ));
#532 = CARTESIAN_POINT('',(1.539129938893,6.39092051795,1.064978653652)
  );
#533 = CARTESIAN_POINT('',(4.321386636059,5.716779021407,1.064979179919)
  );
#534 = CARTESIAN_POINT('',(6.248842707922,4.015122740096,1.064979142851)
  );
#535 = CARTESIAN_POINT('',(7.156489720503,1.823869012474,1.064979142851)
  );
#536 = CARTESIAN_POINT('',(7.193628840756,1.734207244665,1.064979142851)
  );
#537 = CARTESIAN_POINT('',(7.230815023314,1.644431858401,1.064979142851)
  );
#538 = CARTESIAN_POINT('',(7.268048268178,1.554542853679,1.064979142851)
  );
#539 = CARTESIAN_POINT('',(7.305328575347,1.464540230501,1.064979142851)
  );
#540 = CARTESIAN_POINT('',(7.342655944822,1.374423988867,1.064979142851)
  );
#541 = CARTESIAN_POINT('',(7.380030376603,1.284194128775,1.064979142851)
  );
#542 = CARTESIAN_POINT('',(7.41745187069,1.193850650228,1.064979142851)
  );
#543 = CARTESIAN_POINT('',(7.454920427082,1.103393553223,1.064979142851)
  );
#544 = CARTESIAN_POINT('',(7.492436045779,1.012822837762,1.064979142851)
  );
#545 = CARTESIAN_POINT('',(7.529998726783,0.922138503845,1.064979142851)
  );
#546 = CARTESIAN_POINT('',(7.567608470092,0.831340551471,1.064979142851)
  );
#547 = CARTESIAN_POINT('',(7.567608470092,-0.831340551471,1.182962690499
    ));
#548 = CARTESIAN_POINT('',(7.529998726783,-0.922138503845,1.182962690499
    ));
#549 = CARTESIAN_POINT('',(7.492436045779,-1.012822837762,1.182962690499
    ));
#550 = CARTESIAN_POINT('',(7.454920427082,-1.103393553223,1.182962690499
    ));
#551 = CARTESIAN_POINT('',(7.41745187069,-1.193850650228,1.182962690499)
  );
#552 = CARTESIAN_POINT('',(7.380030376603,-1.284194128775,1.182962690499
    ));
#553 = CARTESIAN_POINT('',(7.342655944822,-1.374423988866,1.182962690499
    ));
#554 = CARTESIAN_POINT('',(7.305328575347,-1.464540230501,1.182962690499
    ));
#555 = CARTESIAN_POINT('',(7.268048268178,-1.554542853679,1.182962690499
    ));
#556 = CARTESIAN_POINT('',(7.230815023314,-1.644431858401,1.182962690499
    ));
#557 = CARTESIAN_POINT('',(7.193628840756,-1.734207244665,1.182962690499
    ));
#558 = CARTESIAN_POINT('',(7.156489720503,-1.823869012474,1.182962690499
    ));
#559 = CARTESIAN_POINT('',(6.248842707922,-4.015122740097,1.182962690499
    ));
#560 = CARTESIAN_POINT('',(4.321386368821,-5.71677872611,1.182962693118)
  );
#561 = CARTESIAN_POINT('',(1.539129840826,-6.390923320819,1.182962655937
    ));
#562 = CARTESIAN_POINT('',(-1.44428930792,-5.513981416387,1.182962805076
    ));
#563 = CARTESIAN_POINT('',(-3.665594494273,-3.32548028429,1.182962475748
    ));
#564 = CARTESIAN_POINT('',(-4.778896063013,1.22675203329E-11,
    1.182962952039));
#565 = CARTESIAN_POINT('',(-3.665594494275,3.325480284268,1.182962475749
    ));
#566 = CARTESIAN_POINT('',(-1.444289307918,5.513981416403,1.182962805076
    ));
#567 = CARTESIAN_POINT('',(1.539129840826,6.39092332081,1.182962655937)
  );
#568 = CARTESIAN_POINT('',(4.32138636882,5.716778726113,1.182962693118)
  );
#569 = CARTESIAN_POINT('',(6.248842707922,4.015122740096,1.182962690499)
  );
#570 = CARTESIAN_POINT('',(7.156489720503,1.823869012474,1.182962690499)
  );
#571 = CARTESIAN_POINT('',(7.193628840756,1.734207244666,1.182962690499)
  );
#572 = CARTESIAN_POINT('',(7.230815023314,1.644431858401,1.182962690499)
  );
#573 = CARTESIAN_POINT('',(7.268048268178,1.554542853679,1.182962690499)
  );
#574 = CARTESIAN_POINT('',(7.305328575347,1.464540230501,1.182962690499)
  );
#575 = CARTESIAN_POINT('',(7.342655944822,1.374423988867,1.182962690499)
  );
#576 = CARTESIAN_POINT('',(7.380030376603,1.284194128775,1.182962690499)
  );
#577 = CARTESIAN_POINT('',(7.41745187069,1.193850650228,1.182962690499)
  );
#578 = CARTESIAN_POINT('',(7.454920427082,1.103393553223,1.182962690499)
  );
#579 = CARTESIAN_POINT('',(7.492436045779,1.012822837762,1.182962690499)
  );
#580 = CARTESIAN_POINT('',(7.529998726783,0.922138503845,1.182962690499)
  );
#581 = CARTESIAN_POINT('',(7.567608470092,0.831340551471,1.182962690499)
  );
#582 = CARTESIAN_POINT('',(7.493356177252,-0.800584244739,1.269338405373
    ));
#583 = CARTESIAN_POINT('',(7.455150215442,-0.892821595904,1.269338405373
    ));
#584 = CARTESIAN_POINT('',(7.417099719302,-0.984683619741,1.269338405373
    ));
#585 = CARTESIAN_POINT('',(7.379204688831,-1.076170316251,1.269338405373
    ));
#586 = CARTESIAN_POINT('',(7.34146512403,-1.167281685433,1.269338405373)
  );
#587 = CARTESIAN_POINT('',(7.303881024898,-1.258017727287,1.269338405373
    ));
#588 = CARTESIAN_POINT('',(7.266452391435,-1.348378441813,1.269338405373
    ));
#589 = CARTESIAN_POINT('',(7.229179223642,-1.438363829013,1.269338405373
    ));
#590 = CARTESIAN_POINT('',(7.192061521518,-1.527973888884,1.269338405373
    ));
#591 = CARTESIAN_POINT('',(7.155099285063,-1.617208621428,1.269338405373
    ));
#592 = CARTESIAN_POINT('',(7.118292514278,-1.706068026644,1.269338405373
    ));
#593 = CARTESIAN_POINT('',(7.081641209163,-1.794552104533,1.269338405373
    ));
#594 = CARTESIAN_POINT('',(6.188583733291,-3.950583574763,1.269338405373
    ));
#595 = CARTESIAN_POINT('',(4.292055982718,-5.625078304016,1.269338398757
    ));
#596 = CARTESIAN_POINT('',(1.554180226796,-6.28790347868,1.269338492685)
  );
#597 = CARTESIAN_POINT('',(-1.379931640379,-5.425347598474,
    1.269338115926));
#598 = CARTESIAN_POINT('',(-3.567377513268,-3.27236752885,1.269338947878
    ));
#599 = CARTESIAN_POINT('',(-4.661203210779,1.935340776527E-12,
    1.269337744664));
#600 = CARTESIAN_POINT('',(-3.567377513269,3.272367528846,1.269338947878
    ));
#601 = CARTESIAN_POINT('',(-1.379931640378,5.425347598477,1.269338115927
    ));
#602 = CARTESIAN_POINT('',(1.554180226795,6.287903478677,1.269338492684)
  );
#603 = CARTESIAN_POINT('',(4.292055982718,5.625078304017,1.269338398757)
  );
#604 = CARTESIAN_POINT('',(6.188583733291,3.950583574763,1.269338405373)
  );
#605 = CARTESIAN_POINT('',(7.081641209163,1.794552104533,1.269338405373)
  );
#606 = CARTESIAN_POINT('',(7.118292514278,1.706068026644,1.269338405373)
  );
#607 = CARTESIAN_POINT('',(7.155099285063,1.617208621428,1.269338405373)
  );
#608 = CARTESIAN_POINT('',(7.192061521518,1.527973888884,1.269338405373)
  );
#609 = CARTESIAN_POINT('',(7.229179223642,1.438363829013,1.269338405373)
  );
#610 = CARTESIAN_POINT('',(7.266452391435,1.348378441814,1.269338405373)
  );
#611 = CARTESIAN_POINT('',(7.303881024898,1.258017727287,1.269338405373)
  );
#612 = CARTESIAN_POINT('',(7.34146512403,1.167281685433,1.269338405373)
  );
#613 = CARTESIAN_POINT('',(7.379204688831,1.076170316251,1.269338405373)
  );
#614 = CARTESIAN_POINT('',(7.417099719302,0.984683619741,1.269338405373)
  );
#615 = CARTESIAN_POINT('',(7.455150215442,0.892821595904,1.269338405373)
  );
#616 = CARTESIAN_POINT('',(7.493356177252,0.800584244739,1.269338405373)
  );
#617 = ADVANCED_FACE('',(#618),#640,.T.);
#618 = FACE_BOUND('',#619,.T.);
#619 = EDGE_LOOP('',(#620,#621,#638,#639));
#620 = ORIENTED_EDGE('',*,*,#500,.T.);
#621 = ORIENTED_EDGE('',*,*,#622,.T.);
#622 = EDGE_CURVE('',#461,#448,#623,.T.);
#623 = B_SPLINE_CURVE_WITH_KNOTS('',5,(#624,#625,#626,#627,#628,#629,
    #630,#631,#632,#633,#634,#635,#636,#637),.UNSPECIFIED.,.F.,.F.,(6,4,
    4,6),(-0.238826937805,-2.684273090947E-07,3.926991085414,
    4.165817386253),.UNSPECIFIED.);
#624 = CARTESIAN_POINT('',(6.953750361054,2.103307924813,1.269338405373)
  );
#625 = CARTESIAN_POINT('',(6.972323185698,2.05846915961,1.269338405373)
  );
#626 = CARTESIAN_POINT('',(6.990749098968,2.01398506984,1.269338405373)
  );
#627 = CARTESIAN_POINT('',(7.009028100864,1.9698556555,1.269338405373));
#628 = CARTESIAN_POINT('',(7.027160191387,1.926080916593,1.269338405373)
  );
#629 = CARTESIAN_POINT('',(7.340872992573,1.168711216348,1.269338405373)
  );
#630 = CARTESIAN_POINT('',(7.496452374102,0.396701817373,1.269338405373)
  );
#631 = CARTESIAN_POINT('',(7.496453425325,-0.39669932202,1.269338405373)
  );
#632 = CARTESIAN_POINT('',(7.340873556352,-1.168709855265,1.269338405373
    ));
#633 = CARTESIAN_POINT('',(7.027160184853,-1.926080932367,1.269338405373
    ));
#634 = CARTESIAN_POINT('',(7.009028091064,-1.969855679162,1.269338405373
    ));
#635 = CARTESIAN_POINT('',(6.990749089167,-2.013985093501,1.269338405373
    ));
#636 = CARTESIAN_POINT('',(6.972323179164,-2.058469175384,1.269338405373
    ));
#637 = CARTESIAN_POINT('',(6.953750361054,-2.103307924813,1.269338405373
    ));
#638 = ORIENTED_EDGE('',*,*,#447,.F.);
#639 = ORIENTED_EDGE('',*,*,#419,.F.);
#640 = ( BOUNDED_SURFACE() B_SPLINE_SURFACE(2,5,(
    (#641,#642,#643,#644,#645,#646,#647,#648,#649,#650,#651,#652,#653
      ,#654)
    ,(#655,#656,#657,#658,#659,#660,#661,#662,#663,#664,#665,#666,#667
      ,#668)
    ,(#669,#670,#671,#672,#673,#674,#675,#676,#677,#678,#679,#680,#681
,#682
    )),.UNSPECIFIED.,.F.,.F.,.F.) B_SPLINE_SURFACE_WITH_KNOTS((3,3),(6,4
    ,4,6),(0.,3.926991353841),(-0.238826937805,-2.684273090947E-07,
    3.926991085414,4.165817386253),.UNSPECIFIED.) 
GEOMETRIC_REPRESENTATION_ITEM() RATIONAL_B_SPLINE_SURFACE((
    (1.,1.,1.,1.,1.,1.,1.,1.,1.,1.,1.,1.,1.,1.)
    ,(0.93061798229,0.93061798229,0.93061798229,0.93061798229
      ,0.93061798229,0.93061798229,0.93061798229,0.93061798229
      ,0.93061798229,0.93061798229,0.93061798229,0.93061798229
      ,0.93061798229,0.93061798229)
,(1.,1.,1.,1.,1.,1.,1.,1.,1.,1.,1.,1.,1.,1.
))) REPRESENTATION_ITEM('') SURFACE() );
#641 = CARTESIAN_POINT('',(7.02800265205,2.134064235451,1.064979142851)
  );
#642 = CARTESIAN_POINT('',(7.046281659523,2.089934807758,1.064979142851)
  );
#643 = CARTESIAN_POINT('',(7.064560664227,2.04580538675,1.064979142851)
  );
#644 = CARTESIAN_POINT('',(7.082839666162,2.001675972426,1.064979142851)
  );
#645 = CARTESIAN_POINT('',(7.101118665327,1.957546564788,1.064979142851)
  );
#646 = CARTESIAN_POINT('',(7.41995647701,1.187803996574,1.064979142851)
  );
#647 = CARTESIAN_POINT('',(7.578077492132,0.403182514539,1.064979142851)
  );
#648 = CARTESIAN_POINT('',(7.578078582592,-0.403179910909,1.064979142851
    ));
#649 = CARTESIAN_POINT('',(7.41995703187,-1.187802657023,1.064979142851)
  );
#650 = CARTESIAN_POINT('',(7.101118659789,-1.957546578158,1.064979142851
    ));
#651 = CARTESIAN_POINT('',(7.082839657855,-2.001675992481,1.064979142851
    ));
#652 = CARTESIAN_POINT('',(7.06456065592,-2.045805406805,1.064979142851)
  );
#653 = CARTESIAN_POINT('',(7.046281653985,-2.089934821128,1.064979142851
    ));
#654 = CARTESIAN_POINT('',(7.02800265205,-2.134064235451,1.064979142851)
  );
#655 = CARTESIAN_POINT('',(7.02800265205,2.134064235451,1.182962690499)
  );
#656 = CARTESIAN_POINT('',(7.046281659523,2.089934807758,1.182962690499)
  );
#657 = CARTESIAN_POINT('',(7.064560664227,2.04580538675,1.182962690499)
  );
#658 = CARTESIAN_POINT('',(7.082839666162,2.001675972426,1.182962690499)
  );
#659 = CARTESIAN_POINT('',(7.101118665327,1.957546564788,1.182962690499)
  );
#660 = CARTESIAN_POINT('',(7.41995647701,1.187803996574,1.182962690499)
  );
#661 = CARTESIAN_POINT('',(7.578077492132,0.403182514539,1.182962690499)
  );
#662 = CARTESIAN_POINT('',(7.578078582592,-0.403179910909,1.182962690499
    ));
#663 = CARTESIAN_POINT('',(7.41995703187,-1.187802657022,1.182962690499)
  );
#664 = CARTESIAN_POINT('',(7.101118659789,-1.957546578158,1.182962690499
    ));
#665 = CARTESIAN_POINT('',(7.082839657855,-2.001675992481,1.182962690499
    ));
#666 = CARTESIAN_POINT('',(7.06456065592,-2.045805406805,1.182962690499)
  );
#667 = CARTESIAN_POINT('',(7.046281653985,-2.089934821128,1.182962690499
    ));
#668 = CARTESIAN_POINT('',(7.02800265205,-2.134064235451,1.182962690499)
  );
#669 = CARTESIAN_POINT('',(6.953750361054,2.103307924813,1.269338405373)
  );
#670 = CARTESIAN_POINT('',(6.972323185698,2.05846915961,1.269338405373)
  );
#671 = CARTESIAN_POINT('',(6.990749098968,2.01398506984,1.269338405373)
  );
#672 = CARTESIAN_POINT('',(7.009028100864,1.9698556555,1.269338405373));
#673 = CARTESIAN_POINT('',(7.027160191387,1.926080916593,1.269338405373)
  );
#674 = CARTESIAN_POINT('',(7.340872992573,1.168711216348,1.269338405373)
  );
#675 = CARTESIAN_POINT('',(7.496452374102,0.396701817373,1.269338405373)
  );
#676 = CARTESIAN_POINT('',(7.496453425325,-0.39669932202,1.269338405373)
  );
#677 = CARTESIAN_POINT('',(7.340873556352,-1.168709855265,1.269338405373
    ));
#678 = CARTESIAN_POINT('',(7.027160184853,-1.926080932367,1.269338405373
    ));
#679 = CARTESIAN_POINT('',(7.009028091064,-1.969855679162,1.269338405373
    ));
#680 = CARTESIAN_POINT('',(6.990749089167,-2.013985093501,1.269338405373
    ));
#681 = CARTESIAN_POINT('',(6.972323179164,-2.058469175384,1.269338405373
    ));
#682 = CARTESIAN_POINT('',(6.953750361054,-2.103307924813,1.269338405373
    ));
#683 = ADVANCED_FACE('',(#684),#743,.F.);
#684 = FACE_BOUND('',#685,.F.);
#685 = EDGE_LOOP('',(#686,#695,#696,#705));
#686 = ORIENTED_EDGE('',*,*,#687,.F.);
#687 = EDGE_CURVE('',#448,#688,#690,.T.);
#688 = VERTEX_POINT('',#689);
#689 = CARTESIAN_POINT('',(7.045145369717,-1.882660855094,1.930661594627
    ));
#690 = CIRCLE('',#691,0.485412195974);
#691 = AXIS2_PLACEMENT_3D('',#692,#693,#694);
#692 = CARTESIAN_POINT('',(7.373464533997,-2.018655105726,1.6));
#693 = DIRECTION('',(0.382683432365,0.923879532511,1.734345329513E-17));
#694 = DIRECTION('',(-0.523404384043,0.216801194476,-0.824041924199));
#695 = ORIENTED_EDGE('',*,*,#460,.T.);
#696 = ORIENTED_EDGE('',*,*,#697,.T.);
#697 = EDGE_CURVE('',#461,#698,#700,.T.);
#698 = VERTEX_POINT('',#699);
#699 = CARTESIAN_POINT('',(7.045145369717,1.882660855094,1.930661594627)
  );
#700 = CIRCLE('',#701,0.485412195974);
#701 = AXIS2_PLACEMENT_3D('',#702,#703,#704);
#702 = CARTESIAN_POINT('',(7.373464533997,2.018655105726,1.6));
#703 = DIRECTION('',(-0.382683432365,0.923879532511,-1.734345329513E-17)
  );
#704 = DIRECTION('',(-0.523404384043,-0.216801194476,-0.824041924199));
#705 = ORIENTED_EDGE('',*,*,#706,.F.);
#706 = EDGE_CURVE('',#688,#698,#707,.T.);
#707 = B_SPLINE_CURVE_WITH_KNOTS('',12,(#708,#709,#710,#711,#712,#713,
    #714,#715,#716,#717,#718,#719,#720,#721,#722,#723,#724,#725,#726,
    #727,#728,#729,#730,#731,#732,#733,#734,#735,#736,#737,#738,#739,
    #740,#741,#742),.UNSPECIFIED.,.F.,.F.,(13,11,11,13),(-1.171231283167
    ,-3.876993946042E-16,27.488935718911,28.660167002077),
  .UNSPECIFIED.);
#708 = CARTESIAN_POINT('',(7.493356177252,-0.800584244739,1.930661594627
    ));
#709 = CARTESIAN_POINT('',(7.455150215442,-0.892821595904,1.930661594627
    ));
#710 = CARTESIAN_POINT('',(7.417099719302,-0.984683619741,1.930661594627
    ));
#711 = CARTESIAN_POINT('',(7.379204688831,-1.076170316251,1.930661594627
    ));
#712 = CARTESIAN_POINT('',(7.34146512403,-1.167281685433,1.930661594627)
  );
#713 = CARTESIAN_POINT('',(7.303881024898,-1.258017727287,1.930661594627
    ));
#714 = CARTESIAN_POINT('',(7.266452391435,-1.348378441813,1.930661594627
    ));
#715 = CARTESIAN_POINT('',(7.229179223642,-1.438363829013,1.930661594627
    ));
#716 = CARTESIAN_POINT('',(7.192061521518,-1.527973888884,1.930661594627
    ));
#717 = CARTESIAN_POINT('',(7.155099285063,-1.617208621428,1.930661594627
    ));
#718 = CARTESIAN_POINT('',(7.118292514278,-1.706068026644,1.930661594627
    ));
#719 = CARTESIAN_POINT('',(7.081641209163,-1.794552104533,1.930661594627
    ));
#720 = CARTESIAN_POINT('',(6.188583733291,-3.950583574763,1.930661594627
    ));
#721 = CARTESIAN_POINT('',(4.292055982718,-5.625078304015,1.930661601243
    ));
#722 = CARTESIAN_POINT('',(1.554180226796,-6.287903478681,1.930661507315
    ));
#723 = CARTESIAN_POINT('',(-1.379931640378,-5.425347598472,
    1.930661884075));
#724 = CARTESIAN_POINT('',(-3.567377513269,-3.272367528853,
    1.930661052118));
#725 = CARTESIAN_POINT('',(-4.661203210778,5.173639294753E-12,
    1.93066225534));
#726 = CARTESIAN_POINT('',(-3.56737751327,3.272367528844,1.930661052117)
  );
#727 = CARTESIAN_POINT('',(-1.379931640377,5.425347598479,1.930661884076
    ));
#728 = CARTESIAN_POINT('',(1.554180226795,6.287903478676,1.930661507314)
  );
#729 = CARTESIAN_POINT('',(4.292055982718,5.625078304018,1.930661601243)
  );
#730 = CARTESIAN_POINT('',(6.188583733291,3.950583574763,1.930661594627)
  );
#731 = CARTESIAN_POINT('',(7.081641209163,1.794552104533,1.930661594627)
  );
#732 = CARTESIAN_POINT('',(7.118292514278,1.706068026644,1.930661594627)
  );
#733 = CARTESIAN_POINT('',(7.155099285063,1.617208621428,1.930661594627)
  );
#734 = CARTESIAN_POINT('',(7.192061521518,1.527973888884,1.930661594627)
  );
#735 = CARTESIAN_POINT('',(7.229179223642,1.438363829013,1.930661594627)
  );
#736 = CARTESIAN_POINT('',(7.266452391435,1.348378441814,1.930661594627)
  );
#737 = CARTESIAN_POINT('',(7.303881024898,1.258017727287,1.930661594627)
  );
#738 = CARTESIAN_POINT('',(7.34146512403,1.167281685433,1.930661594627)
  );
#739 = CARTESIAN_POINT('',(7.379204688831,1.076170316251,1.930661594627)
  );
#740 = CARTESIAN_POINT('',(7.417099719302,0.984683619741,1.930661594627)
  );
#741 = CARTESIAN_POINT('',(7.455150215442,0.892821595904,1.930661594627)
  );
#742 = CARTESIAN_POINT('',(7.493356177252,0.800584244739,1.930661594627)
  );
#743 = SURFACE_OF_REVOLUTION('',#744,#749);
#744 = CIRCLE('',#745,0.485412195974);
#745 = AXIS2_PLACEMENT_3D('',#746,#747,#748);
#746 = CARTESIAN_POINT('',(7.373464533997,-2.018655105726,1.6));
#747 = DIRECTION('',(0.382683432365,0.923879532511,0.));
#748 = DIRECTION('',(-0.523404384043,0.216801194476,-0.824041924199));
#749 = AXIS1_PLACEMENT('',#750,#751);
#750 = CARTESIAN_POINT('',(2.5,0.,0.));
#751 = DIRECTION('',(0.,0.,-1.));
#752 = ADVANCED_FACE('',(#753),#775,.F.);
#753 = FACE_BOUND('',#754,.F.);
#754 = EDGE_LOOP('',(#755,#756,#757,#758));
#755 = ORIENTED_EDGE('',*,*,#697,.F.);
#756 = ORIENTED_EDGE('',*,*,#622,.T.);
#757 = ORIENTED_EDGE('',*,*,#687,.T.);
#758 = ORIENTED_EDGE('',*,*,#759,.F.);
#759 = EDGE_CURVE('',#698,#688,#760,.T.);
#760 = B_SPLINE_CURVE_WITH_KNOTS('',5,(#761,#762,#763,#764,#765,#766,
    #767,#768,#769,#770,#771,#772,#773,#774),.UNSPECIFIED.,.F.,.F.,(6,4,
    4,6),(-0.238826937805,-2.684273090679E-07,3.926991085414,
    4.165817386253),.UNSPECIFIED.);
#761 = CARTESIAN_POINT('',(6.953750361054,2.103307924813,1.930661594627)
  );
#762 = CARTESIAN_POINT('',(6.972323185698,2.05846915961,1.930661594627)
  );
#763 = CARTESIAN_POINT('',(6.990749098968,2.01398506984,1.930661594627)
  );
#764 = CARTESIAN_POINT('',(7.009028100864,1.9698556555,1.930661594627));
#765 = CARTESIAN_POINT('',(7.027160191387,1.926080916593,1.930661594627)
  );
#766 = CARTESIAN_POINT('',(7.340872992573,1.168711216348,1.930661594627)
  );
#767 = CARTESIAN_POINT('',(7.496452374102,0.396701817373,1.930661594627)
  );
#768 = CARTESIAN_POINT('',(7.496453425325,-0.396699322019,1.930661594627
    ));
#769 = CARTESIAN_POINT('',(7.340873556352,-1.168709855265,1.930661594627
    ));
#770 = CARTESIAN_POINT('',(7.027160184853,-1.926080932367,1.930661594627
    ));
#771 = CARTESIAN_POINT('',(7.009028091064,-1.969855679162,1.930661594627
    ));
#772 = CARTESIAN_POINT('',(6.990749089167,-2.013985093501,1.930661594627
    ));
#773 = CARTESIAN_POINT('',(6.972323179164,-2.058469175384,1.930661594627
    ));
#774 = CARTESIAN_POINT('',(6.953750361054,-2.103307924813,1.930661594627
    ));
#775 = SURFACE_OF_REVOLUTION('',#776,#781);
#776 = CIRCLE('',#777,0.485412195974);
#777 = AXIS2_PLACEMENT_3D('',#778,#779,#780);
#778 = CARTESIAN_POINT('',(7.373464533997,2.018655105726,1.6));
#779 = DIRECTION('',(-0.382683432365,0.923879532511,0.));
#780 = DIRECTION('',(-0.523404384043,-0.216801194476,-0.824041924199));
#781 = AXIS1_PLACEMENT('',#782,#783);
#782 = CARTESIAN_POINT('',(2.5,0.,0.));
#783 = DIRECTION('',(0.,0.,-1.));
#784 = ADVANCED_FACE('',(#785),#852,.T.);
#785 = FACE_BOUND('',#786,.T.);
#786 = EDGE_LOOP('',(#787,#800,#840,#851));
#787 = ORIENTED_EDGE('',*,*,#788,.T.);
#788 = EDGE_CURVE('',#688,#789,#791,.T.);
#789 = VERTEX_POINT('',#790);
#790 = CARTESIAN_POINT('',(7.119397662556,-1.913417161825,2.135020857149
    ));
#791 = B_SPLINE_CURVE_WITH_KNOTS('',7,(#792,#793,#794,#795,#796,#797,
    #798,#799),.UNSPECIFIED.,.F.,.F.,(8,8),(0.,1.),
  .PIECEWISE_BEZIER_KNOTS.);
#792 = CARTESIAN_POINT('',(7.045145369717,-1.882660855094,1.930661594627
    ));
#793 = CARTESIAN_POINT('',(7.06489214839,-1.890840238634,1.953632496511)
  );
#794 = CARTESIAN_POINT('',(7.082502031892,-1.898134491212,1.979738621942
    ));
#795 = CARTESIAN_POINT('',(7.097254566883,-1.904245191285,2.008601591381
    ));
#796 = CARTESIAN_POINT('',(7.108495682308,-1.90890141375,2.039539707501)
  );
#797 = CARTESIAN_POINT('',(7.115860106587,-1.911951858165,2.071547659525
    ));
#798 = CARTESIAN_POINT('',(7.119397662479,-1.913417161793,2.103644115501
    ));
#799 = CARTESIAN_POINT('',(7.119397662556,-1.913417161825,2.135020857149
    ));
#800 = ORIENTED_EDGE('',*,*,#801,.T.);
#801 = EDGE_CURVE('',#789,#802,#804,.T.);
#802 = VERTEX_POINT('',#803);
#803 = CARTESIAN_POINT('',(7.119397662556,1.913417161825,2.135020857149)
  );
#804 = B_SPLINE_CURVE_WITH_KNOTS('',12,(#805,#806,#807,#808,#809,#810,
    #811,#812,#813,#814,#815,#816,#817,#818,#819,#820,#821,#822,#823,
    #824,#825,#826,#827,#828,#829,#830,#831,#832,#833,#834,#835,#836,
    #837,#838,#839),.UNSPECIFIED.,.F.,.F.,(13,11,11,13),(-1.171231283167
    ,-3.876993946042E-16,27.488935718911,28.660167002077),
  .UNSPECIFIED.);
#805 = CARTESIAN_POINT('',(7.567608470092,-0.831340551471,2.135020857149
    ));
#806 = CARTESIAN_POINT('',(7.529998726783,-0.922138503845,2.135020857149
    ));
#807 = CARTESIAN_POINT('',(7.492436045779,-1.012822837762,2.135020857149
    ));
#808 = CARTESIAN_POINT('',(7.454920427082,-1.103393553223,2.135020857149
    ));
#809 = CARTESIAN_POINT('',(7.41745187069,-1.193850650228,2.135020857149)
  );
#810 = CARTESIAN_POINT('',(7.380030376603,-1.284194128775,2.135020857149
    ));
#811 = CARTESIAN_POINT('',(7.342655944822,-1.374423988867,2.135020857149
    ));
#812 = CARTESIAN_POINT('',(7.305328575347,-1.464540230501,2.135020857149
    ));
#813 = CARTESIAN_POINT('',(7.268048268178,-1.554542853679,2.135020857149
    ));
#814 = CARTESIAN_POINT('',(7.230815023314,-1.644431858401,2.135020857149
    ));
#815 = CARTESIAN_POINT('',(7.193628840756,-1.734207244665,2.135020857149
    ));
#816 = CARTESIAN_POINT('',(7.156489720503,-1.823869012474,2.135020857149
    ));
#817 = CARTESIAN_POINT('',(6.248842707922,-4.015122740097,2.135020857149
    ));
#818 = CARTESIAN_POINT('',(4.32138663606,-5.716779021404,2.135020820081)
  );
#819 = CARTESIAN_POINT('',(1.539129938893,-6.390920517957,2.135021346347
    ));
#820 = CARTESIAN_POINT('',(-1.444295453128,-5.513989403063,
    2.135019235411));
#821 = CARTESIAN_POINT('',(-3.665575663562,-3.325471120225,
    2.135023896749));
#822 = CARTESIAN_POINT('',(-4.778923381472,7.727152251391E-12,
    2.13501715527));
#823 = CARTESIAN_POINT('',(-3.665575663562,3.325471120211,2.135023896748
    ));
#824 = CARTESIAN_POINT('',(-1.444295453127,5.513989403073,2.135019235413
    ));
#825 = CARTESIAN_POINT('',(1.539129938893,6.390920517951,2.135021346346)
  );
#826 = CARTESIAN_POINT('',(4.321386636059,5.716779021407,2.135020820082)
  );
#827 = CARTESIAN_POINT('',(6.248842707922,4.015122740096,2.135020857149)
  );
#828 = CARTESIAN_POINT('',(7.156489720503,1.823869012474,2.135020857149)
  );
#829 = CARTESIAN_POINT('',(7.193628840756,1.734207244665,2.135020857149)
  );
#830 = CARTESIAN_POINT('',(7.230815023314,1.644431858401,2.135020857149)
  );
#831 = CARTESIAN_POINT('',(7.268048268178,1.554542853679,2.135020857149)
  );
#832 = CARTESIAN_POINT('',(7.305328575347,1.464540230501,2.135020857149)
  );
#833 = CARTESIAN_POINT('',(7.342655944822,1.374423988867,2.135020857149)
  );
#834 = CARTESIAN_POINT('',(7.380030376603,1.284194128775,2.135020857149)
  );
#835 = CARTESIAN_POINT('',(7.41745187069,1.193850650228,2.135020857149)
  );
#836 = CARTESIAN_POINT('',(7.454920427082,1.103393553223,2.135020857149)
  );
#837 = CARTESIAN_POINT('',(7.492436045779,1.012822837762,2.135020857149)
  );
#838 = CARTESIAN_POINT('',(7.529998726783,0.922138503845,2.135020857149)
  );
#839 = CARTESIAN_POINT('',(7.567608470092,0.831340551471,2.135020857149)
  );
#840 = ORIENTED_EDGE('',*,*,#841,.F.);
#841 = EDGE_CURVE('',#698,#802,#842,.T.);
#842 = B_SPLINE_CURVE_WITH_KNOTS('',7,(#843,#844,#845,#846,#847,#848,
    #849,#850),.UNSPECIFIED.,.F.,.F.,(8,8),(0.,1.),
  .PIECEWISE_BEZIER_KNOTS.);
#843 = CARTESIAN_POINT('',(7.045145369717,1.882660855094,1.930661594627)
  );
#844 = CARTESIAN_POINT('',(7.06489214839,1.890840238634,1.953632496511)
  );
#845 = CARTESIAN_POINT('',(7.082502031892,1.898134491212,1.979738621942)
  );
#846 = CARTESIAN_POINT('',(7.097254566883,1.904245191285,2.008601591381)
  );
#847 = CARTESIAN_POINT('',(7.108495682308,1.90890141375,2.039539707501)
  );
#848 = CARTESIAN_POINT('',(7.115860106587,1.911951858165,2.071547659525)
  );
#849 = CARTESIAN_POINT('',(7.119397662479,1.913417161793,2.103644115501)
  );
#850 = CARTESIAN_POINT('',(7.119397662556,1.913417161825,2.135020857149)
  );
#851 = ORIENTED_EDGE('',*,*,#706,.F.);
#852 = ( BOUNDED_SURFACE() B_SPLINE_SURFACE(2,12,(
    (#853,#854,#855,#856,#857,#858,#859,#860,#861,#862,#863,#864,#865
      ,#866,#867,#868,#869,#870,#871,#872,#873,#874,#875,#876,#877,#878
      ,#879,#880,#881,#882,#883,#884,#885,#886,#887)
    ,(#888,#889,#890,#891,#892,#893,#894,#895,#896,#897,#898,#899,#900
      ,#901,#902,#903,#904,#905,#906,#907,#908,#909,#910,#911,#912,#913
      ,#914,#915,#916,#917,#918,#919,#920,#921,#922)
    ,(#923,#924,#925,#926,#927,#928,#929,#930,#931,#932,#933,#934,#935
      ,#936,#937,#938,#939,#940,#941,#942,#943,#944,#945,#946,#947,#948
      ,#949,#950,#951,#952,#953,#954,#955,#956,#957
)),.UNSPECIFIED.,.F.,.F.,.F.) B_SPLINE_SURFACE_WITH_KNOTS((3,3),(13,11,
    11,13),(0.,27.488935718911),(-1.171231283167,-3.876993946042E-16,
    27.488935718911,28.660167002077),.UNSPECIFIED.) 
GEOMETRIC_REPRESENTATION_ITEM() RATIONAL_B_SPLINE_SURFACE((
    (1.,1.,1.,1.,1.,1.,1.,1.,1.,1.,1.,1.,1.,1.,1.,1.,1.,1.,1.,1.,1.,1.
      ,1.,1.,1.,1.,1.,1.,1.,1.,1.,1.,1.,1.,1.)
    ,(0.93061798229,0.93061798229,0.93061798229,0.93061798229
      ,0.93061798229,0.93061798229,0.93061798229,0.93061798229
      ,0.93061798229,0.93061798229,0.93061798229,0.93061798229
      ,0.93061798229,0.930618018687,0.93061750194,0.930619574694
      ,0.930614997668,0.930621617212,0.930614997668,0.930619574694
      ,0.930617501939,0.930618018687,0.93061798229,0.93061798229
      ,0.93061798229,0.93061798229,0.93061798229,0.93061798229
      ,0.93061798229,0.93061798229,0.93061798229,0.93061798229
      ,0.93061798229,0.93061798229,0.93061798229)
    ,(1.,1.,1.,1.,1.,1.,1.,1.,1.,1.,1.,1.,1.,1.,1.,1.,1.,1.,1.,1.,1.,1.
,1.,1.,1.,1.,1.,1.,1.,1.,1.,1.,1.,1.,1.
))) REPRESENTATION_ITEM('') SURFACE() );
#853 = CARTESIAN_POINT('',(7.493356177252,-0.800584244739,1.930661594627
    ));
#854 = CARTESIAN_POINT('',(7.455150215442,-0.892821595904,1.930661594627
    ));
#855 = CARTESIAN_POINT('',(7.417099719302,-0.984683619741,1.930661594627
    ));
#856 = CARTESIAN_POINT('',(7.379204688831,-1.076170316251,1.930661594627
    ));
#857 = CARTESIAN_POINT('',(7.34146512403,-1.167281685433,1.930661594627)
  );
#858 = CARTESIAN_POINT('',(7.303881024898,-1.258017727287,1.930661594627
    ));
#859 = CARTESIAN_POINT('',(7.266452391435,-1.348378441813,1.930661594627
    ));
#860 = CARTESIAN_POINT('',(7.229179223642,-1.438363829013,1.930661594627
    ));
#861 = CARTESIAN_POINT('',(7.192061521518,-1.527973888884,1.930661594627
    ));
#862 = CARTESIAN_POINT('',(7.155099285063,-1.617208621428,1.930661594627
    ));
#863 = CARTESIAN_POINT('',(7.118292514278,-1.706068026644,1.930661594627
    ));
#864 = CARTESIAN_POINT('',(7.081641209163,-1.794552104533,1.930661594627
    ));
#865 = CARTESIAN_POINT('',(6.188583733291,-3.950583574763,1.930661594627
    ));
#866 = CARTESIAN_POINT('',(4.292055982718,-5.625078304015,1.930661601243
    ));
#867 = CARTESIAN_POINT('',(1.554180226796,-6.287903478681,1.930661507315
    ));
#868 = CARTESIAN_POINT('',(-1.379931640378,-5.425347598472,
    1.930661884075));
#869 = CARTESIAN_POINT('',(-3.567377513269,-3.272367528853,
    1.930661052118));
#870 = CARTESIAN_POINT('',(-4.661203210778,5.173639294753E-12,
    1.93066225534));
#871 = CARTESIAN_POINT('',(-3.56737751327,3.272367528844,1.930661052117)
  );
#872 = CARTESIAN_POINT('',(-1.379931640377,5.425347598479,1.930661884076
    ));
#873 = CARTESIAN_POINT('',(1.554180226795,6.287903478676,1.930661507314)
  );
#874 = CARTESIAN_POINT('',(4.292055982718,5.625078304018,1.930661601243)
  );
#875 = CARTESIAN_POINT('',(6.188583733291,3.950583574763,1.930661594627)
  );
#876 = CARTESIAN_POINT('',(7.081641209163,1.794552104533,1.930661594627)
  );
#877 = CARTESIAN_POINT('',(7.118292514278,1.706068026644,1.930661594627)
  );
#878 = CARTESIAN_POINT('',(7.155099285063,1.617208621428,1.930661594627)
  );
#879 = CARTESIAN_POINT('',(7.192061521518,1.527973888884,1.930661594627)
  );
#880 = CARTESIAN_POINT('',(7.229179223642,1.438363829013,1.930661594627)
  );
#881 = CARTESIAN_POINT('',(7.266452391435,1.348378441814,1.930661594627)
  );
#882 = CARTESIAN_POINT('',(7.303881024898,1.258017727287,1.930661594627)
  );
#883 = CARTESIAN_POINT('',(7.34146512403,1.167281685433,1.930661594627)
  );
#884 = CARTESIAN_POINT('',(7.379204688831,1.076170316251,1.930661594627)
  );
#885 = CARTESIAN_POINT('',(7.417099719302,0.984683619741,1.930661594627)
  );
#886 = CARTESIAN_POINT('',(7.455150215442,0.892821595904,1.930661594627)
  );
#887 = CARTESIAN_POINT('',(7.493356177252,0.800584244739,1.930661594627)
  );
#888 = CARTESIAN_POINT('',(7.567608470092,-0.831340551471,2.017037309501
    ));
#889 = CARTESIAN_POINT('',(7.529998726783,-0.922138503845,2.017037309501
    ));
#890 = CARTESIAN_POINT('',(7.492436045779,-1.012822837762,2.017037309501
    ));
#891 = CARTESIAN_POINT('',(7.454920427082,-1.103393553223,2.017037309501
    ));
#892 = CARTESIAN_POINT('',(7.41745187069,-1.193850650228,2.017037309501)
  );
#893 = CARTESIAN_POINT('',(7.380030376603,-1.284194128775,2.017037309501
    ));
#894 = CARTESIAN_POINT('',(7.342655944822,-1.374423988866,2.017037309501
    ));
#895 = CARTESIAN_POINT('',(7.305328575347,-1.464540230501,2.017037309501
    ));
#896 = CARTESIAN_POINT('',(7.268048268178,-1.554542853679,2.017037309501
    ));
#897 = CARTESIAN_POINT('',(7.230815023314,-1.644431858401,2.017037309501
    ));
#898 = CARTESIAN_POINT('',(7.193628840756,-1.734207244665,2.017037309501
    ));
#899 = CARTESIAN_POINT('',(7.156489720503,-1.823869012474,2.017037309501
    ));
#900 = CARTESIAN_POINT('',(6.248842707922,-4.015122740097,2.017037309501
    ));
#901 = CARTESIAN_POINT('',(4.32138636882,-5.71677872611,2.017037306882)
  );
#902 = CARTESIAN_POINT('',(1.539129840829,-6.390923320818,2.017037344063
    ));
#903 = CARTESIAN_POINT('',(-1.444289307924,-5.513981416389,
    2.017037194924));
#904 = CARTESIAN_POINT('',(-3.665594494268,-3.325480284288,
    2.017037524252));
#905 = CARTESIAN_POINT('',(-4.778896063018,9.378275933614E-12,
    2.017037047961));
#906 = CARTESIAN_POINT('',(-3.66559449427,3.325480284271,2.017037524251)
  );
#907 = CARTESIAN_POINT('',(-1.444289307922,5.5139814164,2.017037194924)
  );
#908 = CARTESIAN_POINT('',(1.539129840828,6.390923320812,2.017037344063)
  );
#909 = CARTESIAN_POINT('',(4.321386368819,5.716778726113,2.017037306882)
  );
#910 = CARTESIAN_POINT('',(6.248842707922,4.015122740096,2.017037309501)
  );
#911 = CARTESIAN_POINT('',(7.156489720503,1.823869012474,2.017037309501)
  );
#912 = CARTESIAN_POINT('',(7.193628840756,1.734207244665,2.017037309501)
  );
#913 = CARTESIAN_POINT('',(7.230815023314,1.644431858401,2.017037309501)
  );
#914 = CARTESIAN_POINT('',(7.268048268178,1.554542853679,2.017037309501)
  );
#915 = CARTESIAN_POINT('',(7.305328575347,1.464540230501,2.017037309501)
  );
#916 = CARTESIAN_POINT('',(7.342655944822,1.374423988867,2.017037309501)
  );
#917 = CARTESIAN_POINT('',(7.380030376603,1.284194128775,2.017037309501)
  );
#918 = CARTESIAN_POINT('',(7.417451870689,1.193850650228,2.017037309501)
  );
#919 = CARTESIAN_POINT('',(7.454920427082,1.103393553223,2.017037309501)
  );
#920 = CARTESIAN_POINT('',(7.492436045779,1.012822837762,2.017037309501)
  );
#921 = CARTESIAN_POINT('',(7.529998726783,0.922138503845,2.017037309501)
  );
#922 = CARTESIAN_POINT('',(7.567608470092,0.831340551471,2.017037309501)
  );
#923 = CARTESIAN_POINT('',(7.567608470092,-0.831340551471,2.135020857149
    ));
#924 = CARTESIAN_POINT('',(7.529998726783,-0.922138503845,2.135020857149
    ));
#925 = CARTESIAN_POINT('',(7.492436045779,-1.012822837762,2.135020857149
    ));
#926 = CARTESIAN_POINT('',(7.454920427082,-1.103393553223,2.135020857149
    ));
#927 = CARTESIAN_POINT('',(7.41745187069,-1.193850650228,2.135020857149)
  );
#928 = CARTESIAN_POINT('',(7.380030376603,-1.284194128775,2.135020857149
    ));
#929 = CARTESIAN_POINT('',(7.342655944822,-1.374423988867,2.135020857149
    ));
#930 = CARTESIAN_POINT('',(7.305328575347,-1.464540230501,2.135020857149
    ));
#931 = CARTESIAN_POINT('',(7.268048268178,-1.554542853679,2.135020857149
    ));
#932 = CARTESIAN_POINT('',(7.230815023314,-1.644431858401,2.135020857149
    ));
#933 = CARTESIAN_POINT('',(7.193628840756,-1.734207244665,2.135020857149
    ));
#934 = CARTESIAN_POINT('',(7.156489720503,-1.823869012474,2.135020857149
    ));
#935 = CARTESIAN_POINT('',(6.248842707922,-4.015122740097,2.135020857149
    ));
#936 = CARTESIAN_POINT('',(4.32138663606,-5.716779021404,2.135020820081)
  );
#937 = CARTESIAN_POINT('',(1.539129938893,-6.390920517957,2.135021346347
    ));
#938 = CARTESIAN_POINT('',(-1.444295453128,-5.513989403063,
    2.135019235411));
#939 = CARTESIAN_POINT('',(-3.665575663562,-3.325471120225,
    2.135023896749));
#940 = CARTESIAN_POINT('',(-4.778923381472,7.727152251391E-12,
    2.13501715527));
#941 = CARTESIAN_POINT('',(-3.665575663562,3.325471120211,2.135023896748
    ));
#942 = CARTESIAN_POINT('',(-1.444295453127,5.513989403073,2.135019235413
    ));
#943 = CARTESIAN_POINT('',(1.539129938893,6.390920517951,2.135021346346)
  );
#944 = CARTESIAN_POINT('',(4.321386636059,5.716779021407,2.135020820082)
  );
#945 = CARTESIAN_POINT('',(6.248842707922,4.015122740096,2.135020857149)
  );
#946 = CARTESIAN_POINT('',(7.156489720503,1.823869012474,2.135020857149)
  );
#947 = CARTESIAN_POINT('',(7.193628840756,1.734207244665,2.135020857149)
  );
#948 = CARTESIAN_POINT('',(7.230815023314,1.644431858401,2.135020857149)
  );
#949 = CARTESIAN_POINT('',(7.268048268178,1.554542853679,2.135020857149)
  );
#950 = CARTESIAN_POINT('',(7.305328575347,1.464540230501,2.135020857149)
  );
#951 = CARTESIAN_POINT('',(7.342655944822,1.374423988867,2.135020857149)
  );
#952 = CARTESIAN_POINT('',(7.380030376603,1.284194128775,2.135020857149)
  );
#953 = CARTESIAN_POINT('',(7.41745187069,1.193850650228,2.135020857149)
  );
#954 = CARTESIAN_POINT('',(7.454920427082,1.103393553223,2.135020857149)
  );
#955 = CARTESIAN_POINT('',(7.492436045779,1.012822837762,2.135020857149)
  );
#956 = CARTESIAN_POINT('',(7.529998726783,0.922138503845,2.135020857149)
  );
#957 = CARTESIAN_POINT('',(7.567608470092,0.831340551471,2.135020857149)
  );
#958 = ADVANCED_FACE('',(#959),#1079,.T.);
#959 = FACE_BOUND('',#960,.T.);
#960 = EDGE_LOOP('',(#961,#962,#963,#982,#1017,#1024,#1061,#1078));
#961 = ORIENTED_EDGE('',*,*,#759,.F.);
#962 = ORIENTED_EDGE('',*,*,#841,.T.);
#963 = ORIENTED_EDGE('',*,*,#964,.T.);
#964 = EDGE_CURVE('',#802,#965,#967,.T.);
#965 = VERTEX_POINT('',#966);
#966 = CARTESIAN_POINT('',(7.495050178989,0.222381469403,2.135020857149)
  );
#967 = B_SPLINE_CURVE_WITH_KNOTS('',5,(#968,#969,#970,#971,#972,#973,
    #974,#975,#976,#977,#978,#979,#980,#981),.UNSPECIFIED.,.F.,.F.,(6,4,
    4,6),(-0.238826937805,-2.684273090679E-07,3.926991085414,
    4.165817386253),.UNSPECIFIED.);
#968 = CARTESIAN_POINT('',(7.02800265205,2.134064235451,2.135020857149)
  );
#969 = CARTESIAN_POINT('',(7.046281659523,2.089934807758,2.135020857149)
  );
#970 = CARTESIAN_POINT('',(7.064560664227,2.04580538675,2.135020857149)
  );
#971 = CARTESIAN_POINT('',(7.082839666162,2.001675972426,2.135020857149)
  );
#972 = CARTESIAN_POINT('',(7.101118665327,1.957546564788,2.135020857149)
  );
#973 = CARTESIAN_POINT('',(7.41995647701,1.187803996574,2.135020857149)
  );
#974 = CARTESIAN_POINT('',(7.578077492132,0.403182514539,2.135020857149)
  );
#975 = CARTESIAN_POINT('',(7.578078582592,-0.403179910909,2.135020857149
    ));
#976 = CARTESIAN_POINT('',(7.41995703187,-1.187802657022,2.135020857149)
  );
#977 = CARTESIAN_POINT('',(7.101118659789,-1.957546578158,2.135020857149
    ));
#978 = CARTESIAN_POINT('',(7.082839657855,-2.001675992481,2.135020857149
    ));
#979 = CARTESIAN_POINT('',(7.06456065592,-2.045805406805,2.135020857149)
  );
#980 = CARTESIAN_POINT('',(7.046281653985,-2.089934821128,2.135020857149
    ));
#981 = CARTESIAN_POINT('',(7.02800265205,-2.134064235451,2.135020857149)
  );
#982 = ORIENTED_EDGE('',*,*,#983,.T.);
#983 = EDGE_CURVE('',#965,#984,#986,.T.);
#984 = VERTEX_POINT('',#985);
#985 = CARTESIAN_POINT('',(7.467895582059,9.999999999994E-04,2.));
#986 = B_SPLINE_CURVE_WITH_KNOTS('',8,(#987,#988,#989,#990,#991,#992,
    #993,#994,#995,#996,#997,#998,#999,#1000,#1001,#1002,#1003,#1004,
    #1005,#1006,#1007,#1008,#1009,#1010,#1011,#1012,#1013,#1014,#1015,
    #1016),.UNSPECIFIED.,.F.,.F.,(9,7,7,7,9),(0.,0.529131575039,
    0.753368185122,0.88148168042,1.),.UNSPECIFIED.);
#987 = CARTESIAN_POINT('',(7.495050178989,0.222381469403,2.135020857149)
  );
#988 = CARTESIAN_POINT('',(7.495297587967,0.216823839602,2.124226283838)
  );
#989 = CARTESIAN_POINT('',(7.495127061487,0.210514124329,2.113449241367)
  );
#990 = CARTESIAN_POINT('',(7.494540221694,0.20339933068,2.102725021374)
  );
#991 = CARTESIAN_POINT('',(7.493542674744,0.195414539019,2.092097216091)
  );
#992 = CARTESIAN_POINT('',(7.492146179169,0.186494407645,2.081616684564)
  );
#993 = CARTESIAN_POINT('',(7.490372858803,0.176534258651,2.07134311485)
  );
#994 = CARTESIAN_POINT('',(7.488256010154,0.165424303505,2.061339919197)
  );
#995 = CARTESIAN_POINT('',(7.484825876412,0.147561524538,2.047590627146)
  );
#996 = CARTESIAN_POINT('',(7.483753109903,0.141990519679,2.043563201254)
  );
#997 = CARTESIAN_POINT('',(7.482632408315,0.136142680923,2.039605725668)
  );
#998 = CARTESIAN_POINT('',(7.481468548367,0.129993132167,2.035725335915)
  );
#999 = CARTESIAN_POINT('',(7.480267781858,0.123509505923,2.031931857162)
  );
#1000 = CARTESIAN_POINT('',(7.479038051018,0.116652879837,2.028237562142
    ));
#1001 = CARTESIAN_POINT('',(7.47778953365,0.109370919177,2.024657685846)
  );
#1002 = CARTESIAN_POINT('',(7.475820128431,9.711194888404E-02,
    2.019245274651));
#1003 = CARTESIAN_POINT('',(7.475103025691,9.248837308058E-02,
    2.017323020382));
#1004 = CARTESIAN_POINT('',(7.474387275972,8.767942674162E-02,
    2.015449613615));
#1005 = CARTESIAN_POINT('',(7.473675970505,8.266433624296E-02,
    2.013629811158));
#1006 = CARTESIAN_POINT('',(7.472973323409,7.741689627608E-02,
    2.011870634064));
#1007 = CARTESIAN_POINT('',(7.47228471189,7.19059807906E-02,
    2.010181217311));
#1008 = CARTESIAN_POINT('',(7.471617122438,6.609036029156E-02,
    2.008573576796));
#1009 = CARTESIAN_POINT('',(7.470392108823,5.416911681147E-02,
    2.005671398498));
#1010 = CARTESIAN_POINT('',(7.469839507501,4.820829975767E-02,
    2.004384503029));
#1011 = CARTESIAN_POINT('',(7.469319074382,4.187423776359E-02,
    2.003190329682));
#1012 = CARTESIAN_POINT('',(7.468838259815,3.504254471786E-02,
    2.002101956326));
#1013 = CARTESIAN_POINT('',(7.468415911202,2.761055062791E-02,
    2.001158274111));
#1014 = CARTESIAN_POINT('',(7.468085158468,1.949457575669E-02,
    2.000425854983));
#1015 = CARTESIAN_POINT('',(7.467893642391,1.063192520575E-02,2.));
#1016 = CARTESIAN_POINT('',(7.467895582059,9.999999999994E-04,2.));
#1017 = ORIENTED_EDGE('',*,*,#1018,.T.);
#1018 = EDGE_CURVE('',#984,#1019,#1021,.T.);
#1019 = VERTEX_POINT('',#1020);
#1020 = CARTESIAN_POINT('',(7.467895582265,-1.000000000001E-03,2.));
#1021 = B_SPLINE_CURVE_WITH_KNOTS('',1,(#1022,#1023),.UNSPECIFIED.,.F.,
  .F.,(2,2),(0.,1.),.PIECEWISE_BEZIER_KNOTS.);
#1022 = CARTESIAN_POINT('',(7.467895582059,9.999999999995E-04,2.));
#1023 = CARTESIAN_POINT('',(7.467895582265,-1.000000000001E-03,2.));
#1024 = ORIENTED_EDGE('',*,*,#1025,.T.);
#1025 = EDGE_CURVE('',#1019,#1026,#1028,.T.);
#1026 = VERTEX_POINT('',#1027);
#1027 = CARTESIAN_POINT('',(7.495050222963,-0.222381469403,
    2.135020857149));
#1028 = B_SPLINE_CURVE_WITH_KNOTS('',7,(#1029,#1030,#1031,#1032,#1033,
    #1034,#1035,#1036,#1037,#1038,#1039,#1040,#1041,#1042,#1043,#1044,
    #1045,#1046,#1047,#1048,#1049,#1050,#1051,#1052,#1053,#1054,#1055,
    #1056,#1057,#1058,#1059,#1060),.UNSPECIFIED.,.F.,.F.,(8,6,6,6,6,8),(
    0.,7.331526460372E-02,0.131741480551,0.267302660105,0.509834088262,
    1.),.UNSPECIFIED.);
#1029 = CARTESIAN_POINT('',(7.467895582265,-1.000000000001E-03,2.));
#1030 = CARTESIAN_POINT('',(7.467894229484,-7.724453764933E-03,2.));
#1031 = CARTESIAN_POINT('',(7.467989084073,-1.422556976783E-02,
    2.000211876868));
#1032 = CARTESIAN_POINT('',(7.468168684378,-2.034498346479E-02,
    2.000610220835));
#1033 = CARTESIAN_POINT('',(7.468407727402,-2.604664008835E-02,
    2.001142415509));
#1034 = CARTESIAN_POINT('',(7.468687752338,-3.135459311732E-02,
    2.001770363893));
#1035 = CARTESIAN_POINT('',(7.468998920647,-3.634533576613E-02,
    2.002473570784));
#1036 = CARTESIAN_POINT('',(7.46961521455,-4.495565718151E-02,
    2.003879884704));
#1037 = CARTESIAN_POINT('',(7.469906272285,-4.861354032028E-02,
    2.004548389031));
#1038 = CARTESIAN_POINT('',(7.470211690626,-5.21318237516E-02,
    2.005255186473));
#1039 = CARTESIAN_POINT('',(7.470528960778,-5.552573535596E-02,
    2.005995552016));
#1040 = CARTESIAN_POINT('',(7.470856115338,-5.880744178268E-02,
    2.006765853375));
#1041 = CARTESIAN_POINT('',(7.471191555113,-6.198752402645E-02,
    2.007563194492));
#1042 = CARTESIAN_POINT('',(7.47232863965,-7.223891902664E-02,
    2.010293116738));
#1043 = CARTESIAN_POINT('',(7.473160579192,-7.8900175191E-02,
    2.012333436301));
#1044 = CARTESIAN_POINT('',(7.474013886406,-8.517210369758E-02,
    2.014478399989));
#1045 = CARTESIAN_POINT('',(7.474878697611,-9.110776000598E-02,
    2.016711635847));
#1046 = CARTESIAN_POINT('',(7.47574728717,-9.675366031927E-02,
    2.019020189816));
#1047 = CARTESIAN_POINT('',(7.476614363068,-0.102143203314,
    2.021395840556));
#1048 = CARTESIAN_POINT('',(7.47901761551,-0.116543867807,2.028194734103
    ));
#1049 = CARTESIAN_POINT('',(7.480539632561,-0.125043345235,
    2.032748129865));
#1050 = CARTESIAN_POINT('',(7.48201798359,-0.132964492609,2.037458216049
    ));
#1051 = CARTESIAN_POINT('',(7.483436676151,-0.140377231321,
    2.042301179449));
#1052 = CARTESIAN_POINT('',(7.484783510161,-0.147343575708,2.04725740319
    ));
#1053 = CARTESIAN_POINT('',(7.486049874087,-0.153905855044,
    2.052313261167));
#1054 = CARTESIAN_POINT('',(7.48961231549,-0.172623525386,2.067860967228
    ));
#1055 = CARTESIAN_POINT('',(7.491636215098,-0.18363075283,2.078617730776
    ));
#1056 = CARTESIAN_POINT('',(7.493244863821,-0.193416897944,
    2.089641694368));
#1057 = CARTESIAN_POINT('',(7.494404584384,-0.202090226351,
    2.100857712196));
#1058 = CARTESIAN_POINT('',(7.495096197924,-0.209760782055,
    2.112196249276));
#1059 = CARTESIAN_POINT('',(7.495311989307,-0.216501300574,
    2.123599816925));
#1060 = CARTESIAN_POINT('',(7.495050222963,-0.222381469403,
    2.135020857149));
#1061 = ORIENTED_EDGE('',*,*,#1062,.T.);
#1062 = EDGE_CURVE('',#1026,#789,#1063,.T.);
#1063 = B_SPLINE_CURVE_WITH_KNOTS('',5,(#1064,#1065,#1066,#1067,#1068,
    #1069,#1070,#1071,#1072,#1073,#1074,#1075,#1076,#1077),
  .UNSPECIFIED.,.F.,.F.,(6,4,4,6),(-0.238826937805,-2.684273090679E-07,
    3.926991085414,4.165817386253),.UNSPECIFIED.);
#1064 = CARTESIAN_POINT('',(7.02800265205,2.134064235451,2.135020857149)
  );
#1065 = CARTESIAN_POINT('',(7.046281659523,2.089934807758,2.135020857149
    ));
#1066 = CARTESIAN_POINT('',(7.064560664227,2.04580538675,2.135020857149)
  );
#1067 = CARTESIAN_POINT('',(7.082839666162,2.001675972426,2.135020857149
    ));
#1068 = CARTESIAN_POINT('',(7.101118665327,1.957546564788,2.135020857149
    ));
#1069 = CARTESIAN_POINT('',(7.41995647701,1.187803996574,2.135020857149)
  );
#1070 = CARTESIAN_POINT('',(7.578077492132,0.403182514539,2.135020857149
    ));
#1071 = CARTESIAN_POINT('',(7.578078582592,-0.403179910909,
    2.135020857149));
#1072 = CARTESIAN_POINT('',(7.41995703187,-1.187802657022,2.135020857149
    ));
#1073 = CARTESIAN_POINT('',(7.101118659789,-1.957546578158,
    2.135020857149));
#1074 = CARTESIAN_POINT('',(7.082839657855,-2.001675992481,
    2.135020857149));
#1075 = CARTESIAN_POINT('',(7.06456065592,-2.045805406805,2.135020857149
    ));
#1076 = CARTESIAN_POINT('',(7.046281653985,-2.089934821128,
    2.135020857149));
#1077 = CARTESIAN_POINT('',(7.02800265205,-2.134064235451,2.135020857149
    ));
#1078 = ORIENTED_EDGE('',*,*,#788,.F.);
#1079 = ( BOUNDED_SURFACE() B_SPLINE_SURFACE(2,5,(
    (#1080,#1081,#1082,#1083,#1084,#1085,#1086,#1087,#1088,#1089,#1090
      ,#1091,#1092,#1093)
    ,(#1094,#1095,#1096,#1097,#1098,#1099,#1100,#1101,#1102,#1103,#1104
      ,#1105,#1106,#1107)
    ,(#1108,#1109,#1110,#1111,#1112,#1113,#1114,#1115,#1116,#1117,#1118
      ,#1119,#1120,#1121
)),.UNSPECIFIED.,.F.,.F.,.F.) B_SPLINE_SURFACE_WITH_KNOTS((3,3),(6,4,4,6
    ),(0.,3.926991353841),(-0.238826937805,-2.684273090679E-07,
    3.926991085414,4.165817386253),.UNSPECIFIED.) 
GEOMETRIC_REPRESENTATION_ITEM() RATIONAL_B_SPLINE_SURFACE((
    (1.,1.,1.,1.,1.,1.,1.,1.,1.,1.,1.,1.,1.,1.)
    ,(0.93061798229,0.93061798229,0.93061798229,0.93061798229
      ,0.93061798229,0.93061798229,0.93061798229,0.93061798229
      ,0.93061798229,0.93061798229,0.93061798229,0.93061798229
      ,0.93061798229,0.93061798229)
,(1.,1.,1.,1.,1.,1.,1.,1.,1.,1.,1.,1.,1.,1.
))) REPRESENTATION_ITEM('') SURFACE() );
#1080 = CARTESIAN_POINT('',(6.953750361054,2.103307924813,1.930661594627
    ));
#1081 = CARTESIAN_POINT('',(6.972323185698,2.05846915961,1.930661594627)
  );
#1082 = CARTESIAN_POINT('',(6.990749098968,2.01398506984,1.930661594627)
  );
#1083 = CARTESIAN_POINT('',(7.009028100864,1.9698556555,1.930661594627)
  );
#1084 = CARTESIAN_POINT('',(7.027160191387,1.926080916593,1.930661594627
    ));
#1085 = CARTESIAN_POINT('',(7.340872992573,1.168711216348,1.930661594627
    ));
#1086 = CARTESIAN_POINT('',(7.496452374102,0.396701817373,1.930661594627
    ));
#1087 = CARTESIAN_POINT('',(7.496453425325,-0.396699322019,
    1.930661594627));
#1088 = CARTESIAN_POINT('',(7.340873556352,-1.168709855265,
    1.930661594627));
#1089 = CARTESIAN_POINT('',(7.027160184853,-1.926080932367,
    1.930661594627));
#1090 = CARTESIAN_POINT('',(7.009028091064,-1.969855679162,
    1.930661594627));
#1091 = CARTESIAN_POINT('',(6.990749089167,-2.013985093501,
    1.930661594627));
#1092 = CARTESIAN_POINT('',(6.972323179164,-2.058469175384,
    1.930661594627));
#1093 = CARTESIAN_POINT('',(6.953750361054,-2.103307924813,
    1.930661594627));
#1094 = CARTESIAN_POINT('',(7.02800265205,2.134064235451,2.017037309501)
  );
#1095 = CARTESIAN_POINT('',(7.046281659523,2.089934807758,2.017037309501
    ));
#1096 = CARTESIAN_POINT('',(7.064560664227,2.04580538675,2.017037309501)
  );
#1097 = CARTESIAN_POINT('',(7.082839666162,2.001675972426,2.017037309501
    ));
#1098 = CARTESIAN_POINT('',(7.101118665327,1.957546564788,2.017037309501
    ));
#1099 = CARTESIAN_POINT('',(7.41995647701,1.187803996574,2.017037309501)
  );
#1100 = CARTESIAN_POINT('',(7.578077492132,0.403182514539,2.017037309501
    ));
#1101 = CARTESIAN_POINT('',(7.578078582592,-0.403179910909,
    2.017037309501));
#1102 = CARTESIAN_POINT('',(7.41995703187,-1.187802657022,2.017037309501
    ));
#1103 = CARTESIAN_POINT('',(7.101118659789,-1.957546578158,
    2.017037309501));
#1104 = CARTESIAN_POINT('',(7.082839657855,-2.001675992481,
    2.017037309501));
#1105 = CARTESIAN_POINT('',(7.06456065592,-2.045805406805,2.017037309501
    ));
#1106 = CARTESIAN_POINT('',(7.046281653985,-2.089934821128,
    2.017037309501));
#1107 = CARTESIAN_POINT('',(7.02800265205,-2.134064235451,2.017037309501
    ));
#1108 = CARTESIAN_POINT('',(7.02800265205,2.134064235451,2.135020857149)
  );
#1109 = CARTESIAN_POINT('',(7.046281659523,2.089934807758,2.135020857149
    ));
#1110 = CARTESIAN_POINT('',(7.064560664227,2.04580538675,2.135020857149)
  );
#1111 = CARTESIAN_POINT('',(7.082839666162,2.001675972426,2.135020857149
    ));
#1112 = CARTESIAN_POINT('',(7.101118665327,1.957546564788,2.135020857149
    ));
#1113 = CARTESIAN_POINT('',(7.41995647701,1.187803996574,2.135020857149)
  );
#1114 = CARTESIAN_POINT('',(7.578077492132,0.403182514539,2.135020857149
    ));
#1115 = CARTESIAN_POINT('',(7.578078582592,-0.403179910909,
    2.135020857149));
#1116 = CARTESIAN_POINT('',(7.41995703187,-1.187802657022,2.135020857149
    ));
#1117 = CARTESIAN_POINT('',(7.101118659789,-1.957546578158,
    2.135020857149));
#1118 = CARTESIAN_POINT('',(7.082839657855,-2.001675992481,
    2.135020857149));
#1119 = CARTESIAN_POINT('',(7.06456065592,-2.045805406805,2.135020857149
    ));
#1120 = CARTESIAN_POINT('',(7.046281653985,-2.089934821128,
    2.135020857149));
#1121 = CARTESIAN_POINT('',(7.02800265205,-2.134064235451,2.135020857149
    ));
#1122 = ADVANCED_FACE('',(#1123),#1149,.T.);
#1123 = FACE_BOUND('',#1124,.T.);
#1124 = EDGE_LOOP('',(#1125,#1136,#1142,#1143));
#1125 = ORIENTED_EDGE('',*,*,#1126,.T.);
#1126 = EDGE_CURVE('',#1127,#1129,#1131,.T.);
#1127 = VERTEX_POINT('',#1128);
#1128 = CARTESIAN_POINT('',(7.119397662556,-1.913417161825,9.8));
#1129 = VERTEX_POINT('',#1130);
#1130 = CARTESIAN_POINT('',(7.119397662556,1.913417161825,9.8));
#1131 = CIRCLE('',#1132,5.);
#1132 = AXIS2_PLACEMENT_3D('',#1133,#1134,#1135);
#1133 = CARTESIAN_POINT('',(2.5,0.,9.8));
#1134 = DIRECTION('',(0.,-0.,-1.));
#1135 = DIRECTION('',(0.923879532511,-0.382683432365,0.));
#1136 = ORIENTED_EDGE('',*,*,#1137,.F.);
#1137 = EDGE_CURVE('',#802,#1129,#1138,.T.);
#1138 = LINE('',#1139,#1140);
#1139 = CARTESIAN_POINT('',(7.119397662556,1.913417161825,2.));
#1140 = VECTOR('',#1141,1.);
#1141 = DIRECTION('',(0.,0.,1.));
#1142 = ORIENTED_EDGE('',*,*,#801,.F.);
#1143 = ORIENTED_EDGE('',*,*,#1144,.T.);
#1144 = EDGE_CURVE('',#789,#1127,#1145,.T.);
#1145 = LINE('',#1146,#1147);
#1146 = CARTESIAN_POINT('',(7.119397662556,-1.913417161825,2.));
#1147 = VECTOR('',#1148,1.);
#1148 = DIRECTION('',(0.,0.,1.));
#1149 = CYLINDRICAL_SURFACE('',#1150,5.);
#1150 = AXIS2_PLACEMENT_3D('',#1151,#1152,#1153);
#1151 = CARTESIAN_POINT('',(2.5,0.,2.));
#1152 = DIRECTION('',(0.,0.,1.));
#1153 = DIRECTION('',(0.923879532511,-0.382683432365,0.));
#1154 = ADVANCED_FACE('',(#1155,#1241),#1333,.T.);
#1155 = FACE_BOUND('',#1156,.T.);
#1156 = EDGE_LOOP('',(#1157,#1164,#1165,#1166,#1177,#1185,#1199,#1208,
    #1222,#1230,#1239,#1240));
#1157 = ORIENTED_EDGE('',*,*,#1158,.T.);
#1158 = EDGE_CURVE('',#1129,#1127,#1159,.T.);
#1159 = CIRCLE('',#1160,5.);
#1160 = AXIS2_PLACEMENT_3D('',#1161,#1162,#1163);
#1161 = CARTESIAN_POINT('',(2.5,0.,9.8));
#1162 = DIRECTION('',(0.,0.,-1.));
#1163 = DIRECTION('',(0.923879532511,0.382683432365,0.));
#1164 = ORIENTED_EDGE('',*,*,#1144,.F.);
#1165 = ORIENTED_EDGE('',*,*,#1062,.F.);
#1166 = ORIENTED_EDGE('',*,*,#1167,.T.);
#1167 = EDGE_CURVE('',#1026,#1168,#1170,.T.);
#1168 = VERTEX_POINT('',#1169);
#1169 = CARTESIAN_POINT('',(7.49374608886,-0.25,2.249));
#1170 = B_SPLINE_CURVE_WITH_KNOTS('',5,(#1171,#1172,#1173,#1174,#1175,
    #1176),.UNSPECIFIED.,.F.,.F.,(6,6),(0.,1.),
  .PIECEWISE_BEZIER_KNOTS.);
#1171 = CARTESIAN_POINT('',(7.495052213887,-0.222381160489,
    2.135020257149));
#1172 = CARTESIAN_POINT('',(7.494563923177,-0.23334898271,2.156322906933
    ));
#1173 = CARTESIAN_POINT('',(7.494163896259,-0.241656221279,
    2.178754170148));
#1174 = CARTESIAN_POINT('',(7.493885292331,-0.247218772451,
    2.201923810428));
#1175 = CARTESIAN_POINT('',(7.49374608886,-0.25,2.225463069594));
#1176 = CARTESIAN_POINT('',(7.49374608886,-0.25,2.249));
#1177 = ORIENTED_EDGE('',*,*,#1178,.T.);
#1178 = EDGE_CURVE('',#1168,#1179,#1181,.T.);
#1179 = VERTEX_POINT('',#1180);
#1180 = CARTESIAN_POINT('',(7.49374608886,-0.25,3.751));
#1181 = LINE('',#1182,#1183);
#1182 = CARTESIAN_POINT('',(7.49374608886,-0.25,2.));
#1183 = VECTOR('',#1184,1.);
#1184 = DIRECTION('',(0.,0.,1.));
#1185 = ORIENTED_EDGE('',*,*,#1186,.F.);
#1186 = EDGE_CURVE('',#1187,#1179,#1189,.T.);
#1187 = VERTEX_POINT('',#1188);
#1188 = CARTESIAN_POINT('',(7.4999999,-1.000000000001E-03,4.));
#1189 = B_SPLINE_CURVE_WITH_KNOTS('',8,(#1190,#1191,#1192,#1193,#1194,
    #1195,#1196,#1197,#1198),.UNSPECIFIED.,.F.,.F.,(9,9),(0.,1.),
  .PIECEWISE_BEZIER_KNOTS.);
#1190 = CARTESIAN_POINT('',(7.4999999,-1.000000000001E-03,4.));
#1191 = CARTESIAN_POINT('',(7.499989018823,-5.540588150831E-02,4.));
#1192 = CARTESIAN_POINT('',(7.499302058858,-0.107073318349,
    3.986413370238));
#1193 = CARTESIAN_POINT('',(7.498059230416,-0.152979870086,
    3.961639677108));
#1194 = CARTESIAN_POINT('',(7.496580099679,-0.191312597328,
    3.927958555586));
#1195 = CARTESIAN_POINT('',(7.495213244389,-0.220688926075,
    3.887697031689));
#1196 = CARTESIAN_POINT('',(7.494228849003,-0.240357958481,
    3.843186089555));
#1197 = CARTESIAN_POINT('',(7.49374608886,-0.25,3.796836183387));
#1198 = CARTESIAN_POINT('',(7.49374608886,-0.25,3.751));
#1199 = ORIENTED_EDGE('',*,*,#1200,.T.);
#1200 = EDGE_CURVE('',#1187,#1201,#1203,.T.);
#1201 = VERTEX_POINT('',#1202);
#1202 = CARTESIAN_POINT('',(7.4999999,9.999999999994E-04,4.));
#1203 = CIRCLE('',#1204,5.);
#1204 = AXIS2_PLACEMENT_3D('',#1205,#1206,#1207);
#1205 = CARTESIAN_POINT('',(2.5,0.,4.));
#1206 = DIRECTION('',(0.,-0.,1.));
#1207 = DIRECTION('',(0.923879532511,0.382683432365,0.));
#1208 = ORIENTED_EDGE('',*,*,#1209,.F.);
#1209 = EDGE_CURVE('',#1210,#1201,#1212,.T.);
#1210 = VERTEX_POINT('',#1211);
#1211 = CARTESIAN_POINT('',(7.49374608886,0.25,3.751));
#1212 = B_SPLINE_CURVE_WITH_KNOTS('',8,(#1213,#1214,#1215,#1216,#1217,
    #1218,#1219,#1220,#1221),.UNSPECIFIED.,.F.,.F.,(9,9),(0.,1.),
  .PIECEWISE_BEZIER_KNOTS.);
#1213 = CARTESIAN_POINT('',(7.49374608886,0.25,3.751));
#1214 = CARTESIAN_POINT('',(7.49374608886,0.25,3.796830413639));
#1215 = CARTESIAN_POINT('',(7.494228728765,0.24036039679,3.843180720046)
  );
#1216 = CARTESIAN_POINT('',(7.495213098755,0.220691663906,3.887697371081
    ));
#1217 = CARTESIAN_POINT('',(7.496580259654,0.191310832611,3.927965334112
    ));
#1218 = CARTESIAN_POINT('',(7.49805967795,0.152970763734,3.961648584304)
  );
#1219 = CARTESIAN_POINT('',(7.499302344202,0.107059270972,3.986419051254
    ));
#1220 = CARTESIAN_POINT('',(7.499989021087,5.539456201673E-02,4.));
#1221 = CARTESIAN_POINT('',(7.4999999,1.000000000001E-03,4.));
#1222 = ORIENTED_EDGE('',*,*,#1223,.F.);
#1223 = EDGE_CURVE('',#1224,#1210,#1226,.T.);
#1224 = VERTEX_POINT('',#1225);
#1225 = CARTESIAN_POINT('',(7.49374608886,0.25,2.249));
#1226 = LINE('',#1227,#1228);
#1227 = CARTESIAN_POINT('',(7.49374608886,0.25,2.));
#1228 = VECTOR('',#1229,1.);
#1229 = DIRECTION('',(0.,0.,1.));
#1230 = ORIENTED_EDGE('',*,*,#1231,.T.);
#1231 = EDGE_CURVE('',#1224,#965,#1232,.T.);
#1232 = B_SPLINE_CURVE_WITH_KNOTS('',5,(#1233,#1234,#1235,#1236,#1237,
    #1238),.UNSPECIFIED.,.F.,.F.,(6,6),(0.,1.),
  .PIECEWISE_BEZIER_KNOTS.);
#1233 = CARTESIAN_POINT('',(7.49374608886,0.25,2.249));
#1234 = CARTESIAN_POINT('',(7.49374608886,0.25,2.225463007846));
#1235 = CARTESIAN_POINT('',(7.493885294059,0.24721876512,2.201923811304)
  );
#1236 = CARTESIAN_POINT('',(7.494163894093,0.241656226339,2.178754221584
    ));
#1237 = CARTESIAN_POINT('',(7.494563922381,0.233349000591,2.156322941664
    ));
#1238 = CARTESIAN_POINT('',(7.495052213887,0.222381160489,2.135020257149
    ));
#1239 = ORIENTED_EDGE('',*,*,#964,.F.);
#1240 = ORIENTED_EDGE('',*,*,#1137,.T.);
#1241 = FACE_BOUND('',#1242,.T.);
#1242 = EDGE_LOOP('',(#1243,#1259,#1267,#1281,#1290,#1304,#1312,#1326));
#1243 = ORIENTED_EDGE('',*,*,#1244,.F.);
#1244 = EDGE_CURVE('',#1245,#1247,#1249,.T.);
#1245 = VERTEX_POINT('',#1246);
#1246 = CARTESIAN_POINT('',(7.49374608886,0.25,7.751));
#1247 = VERTEX_POINT('',#1248);
#1248 = CARTESIAN_POINT('',(7.4999999,9.999999999994E-04,8.));
#1249 = B_SPLINE_CURVE_WITH_KNOTS('',8,(#1250,#1251,#1252,#1253,#1254,
    #1255,#1256,#1257,#1258),.UNSPECIFIED.,.F.,.F.,(9,9),(0.,1.),
  .PIECEWISE_BEZIER_KNOTS.);
#1250 = CARTESIAN_POINT('',(7.49374608886,0.25,7.751));
#1251 = CARTESIAN_POINT('',(7.49374608886,0.25,7.796830413645));
#1252 = CARTESIAN_POINT('',(7.494228728765,0.240360396788,7.843180720032
    ));
#1253 = CARTESIAN_POINT('',(7.495213098755,0.220691663914,7.887697371087
    ));
#1254 = CARTESIAN_POINT('',(7.496580259655,0.191310832604,7.927965334119
    ));
#1255 = CARTESIAN_POINT('',(7.498059677949,0.152970763729,7.961648584295
    ));
#1256 = CARTESIAN_POINT('',(7.499302344203,0.107059270986,7.986419051257
    ));
#1257 = CARTESIAN_POINT('',(7.499989021087,5.539456200839E-02,8.));
#1258 = CARTESIAN_POINT('',(7.4999999,1.000000000001E-03,8.));
#1259 = ORIENTED_EDGE('',*,*,#1260,.F.);
#1260 = EDGE_CURVE('',#1261,#1245,#1263,.T.);
#1261 = VERTEX_POINT('',#1262);
#1262 = CARTESIAN_POINT('',(7.49374608886,0.25,6.249));
#1263 = LINE('',#1264,#1265);
#1264 = CARTESIAN_POINT('',(7.49374608886,0.25,2.));
#1265 = VECTOR('',#1266,1.);
#1266 = DIRECTION('',(0.,0.,1.));
#1267 = ORIENTED_EDGE('',*,*,#1268,.T.);
#1268 = EDGE_CURVE('',#1261,#1269,#1271,.T.);
#1269 = VERTEX_POINT('',#1270);
#1270 = CARTESIAN_POINT('',(7.4999999,9.999999999994E-04,6.));
#1271 = B_SPLINE_CURVE_WITH_KNOTS('',8,(#1272,#1273,#1274,#1275,#1276,
    #1277,#1278,#1279,#1280),.UNSPECIFIED.,.F.,.F.,(9,9),(0.,1.),
  .PIECEWISE_BEZIER_KNOTS.);
#1272 = CARTESIAN_POINT('',(7.49374608886,0.25,6.249));
#1273 = CARTESIAN_POINT('',(7.49374608886,0.25,6.203169586353));
#1274 = CARTESIAN_POINT('',(7.494228728765,0.240360396787,6.156819279971
    ));
#1275 = CARTESIAN_POINT('',(7.495213098755,0.220691663917,6.112302628913
    ));
#1276 = CARTESIAN_POINT('',(7.496580259655,0.1913108326,6.072034665876)
  );
#1277 = CARTESIAN_POINT('',(7.498059677949,0.15297076373,6.03835141571)
  );
#1278 = CARTESIAN_POINT('',(7.499302344203,0.10705927099,6.013580948741)
  );
#1279 = CARTESIAN_POINT('',(7.499989021087,5.539456200558E-02,6.));
#1280 = CARTESIAN_POINT('',(7.4999999,1.000000000001E-03,6.));
#1281 = ORIENTED_EDGE('',*,*,#1282,.F.);
#1282 = EDGE_CURVE('',#1283,#1269,#1285,.T.);
#1283 = VERTEX_POINT('',#1284);
#1284 = CARTESIAN_POINT('',(7.4999999,-1.000000000001E-03,6.));
#1285 = CIRCLE('',#1286,5.);
#1286 = AXIS2_PLACEMENT_3D('',#1287,#1288,#1289);
#1287 = CARTESIAN_POINT('',(2.5,0.,6.));
#1288 = DIRECTION('',(0.,-0.,1.));
#1289 = DIRECTION('',(0.923879532511,0.382683432365,0.));
#1290 = ORIENTED_EDGE('',*,*,#1291,.T.);
#1291 = EDGE_CURVE('',#1283,#1292,#1294,.T.);
#1292 = VERTEX_POINT('',#1293);
#1293 = CARTESIAN_POINT('',(7.49374608886,-0.25,6.249));
#1294 = B_SPLINE_CURVE_WITH_KNOTS('',8,(#1295,#1296,#1297,#1298,#1299,
    #1300,#1301,#1302,#1303),.UNSPECIFIED.,.F.,.F.,(9,9),(0.,1.),
  .PIECEWISE_BEZIER_KNOTS.);
#1295 = CARTESIAN_POINT('',(7.4999999,-1.000000000001E-03,6.));
#1296 = CARTESIAN_POINT('',(7.499989018823,-5.540588150702E-02,6.));
#1297 = CARTESIAN_POINT('',(7.499302058858,-0.10707331835,6.013586629761
    ));
#1298 = CARTESIAN_POINT('',(7.498059230416,-0.152979870089,
    6.038360322895));
#1299 = CARTESIAN_POINT('',(7.49658009968,-0.191312597324,6.072041444411
    ));
#1300 = CARTESIAN_POINT('',(7.495213244389,-0.220688926078,
    6.112302968311));
#1301 = CARTESIAN_POINT('',(7.494228849003,-0.24035795848,6.156813910446
    ));
#1302 = CARTESIAN_POINT('',(7.49374608886,-0.25,6.203163816612));
#1303 = CARTESIAN_POINT('',(7.49374608886,-0.25,6.249));
#1304 = ORIENTED_EDGE('',*,*,#1305,.T.);
#1305 = EDGE_CURVE('',#1292,#1306,#1308,.T.);
#1306 = VERTEX_POINT('',#1307);
#1307 = CARTESIAN_POINT('',(7.49374608886,-0.25,7.751));
#1308 = LINE('',#1309,#1310);
#1309 = CARTESIAN_POINT('',(7.49374608886,-0.25,2.));
#1310 = VECTOR('',#1311,1.);
#1311 = DIRECTION('',(0.,0.,1.));
#1312 = ORIENTED_EDGE('',*,*,#1313,.F.);
#1313 = EDGE_CURVE('',#1314,#1306,#1316,.T.);
#1314 = VERTEX_POINT('',#1315);
#1315 = CARTESIAN_POINT('',(7.4999999,-1.000000000001E-03,8.));
#1316 = B_SPLINE_CURVE_WITH_KNOTS('',8,(#1317,#1318,#1319,#1320,#1321,
    #1322,#1323,#1324,#1325),.UNSPECIFIED.,.F.,.F.,(9,9),(0.,1.),
  .PIECEWISE_BEZIER_KNOTS.);
#1317 = CARTESIAN_POINT('',(7.4999999,-1.000000000001E-03,8.));
#1318 = CARTESIAN_POINT('',(7.499989018823,-5.540588150768E-02,8.));
#1319 = CARTESIAN_POINT('',(7.499302058858,-0.107073318349,
    7.986413370239));
#1320 = CARTESIAN_POINT('',(7.498059230416,-0.152979870088,
    7.961639677106));
#1321 = CARTESIAN_POINT('',(7.496580099679,-0.191312597325,
    7.927958555588));
#1322 = CARTESIAN_POINT('',(7.495213244389,-0.220688926076,
    7.887697031689));
#1323 = CARTESIAN_POINT('',(7.494228849003,-0.240357958481,
    7.843186089555));
#1324 = CARTESIAN_POINT('',(7.49374608886,-0.25,7.796836183387));
#1325 = CARTESIAN_POINT('',(7.49374608886,-0.25,7.751));
#1326 = ORIENTED_EDGE('',*,*,#1327,.T.);
#1327 = EDGE_CURVE('',#1314,#1247,#1328,.T.);
#1328 = CIRCLE('',#1329,5.);
#1329 = AXIS2_PLACEMENT_3D('',#1330,#1331,#1332);
#1330 = CARTESIAN_POINT('',(2.5,0.,8.));
#1331 = DIRECTION('',(0.,-0.,1.));
#1332 = DIRECTION('',(0.923879532511,0.382683432365,0.));
#1333 = CYLINDRICAL_SURFACE('',#1334,5.);
#1334 = AXIS2_PLACEMENT_3D('',#1335,#1336,#1337);
#1335 = CARTESIAN_POINT('',(2.5,0.,2.));
#1336 = DIRECTION('',(0.,0.,1.));
#1337 = DIRECTION('',(0.923879532511,0.382683432365,-0.));
#1338 = ADVANCED_FACE('',(#1339),#1361,.T.);
#1339 = FACE_BOUND('',#1340,.T.);
#1340 = EDGE_LOOP('',(#1341,#1342,#1359,#1360));
#1341 = ORIENTED_EDGE('',*,*,#983,.F.);
#1342 = ORIENTED_EDGE('',*,*,#1343,.T.);
#1343 = EDGE_CURVE('',#965,#1026,#1344,.T.);
#1344 = B_SPLINE_CURVE_WITH_KNOTS('',5,(#1345,#1346,#1347,#1348,#1349,
    #1350,#1351,#1352,#1353,#1354,#1355,#1356,#1357,#1358),
  .UNSPECIFIED.,.F.,.F.,(6,4,4,6),(-0.238826937805,-2.684273090679E-07,
    3.926991085414,4.165817386253),.UNSPECIFIED.);
#1345 = CARTESIAN_POINT('',(7.02800265205,2.134064235451,2.135020857149)
  );
#1346 = CARTESIAN_POINT('',(7.046281659523,2.089934807758,2.135020857149
    ));
#1347 = CARTESIAN_POINT('',(7.064560664227,2.04580538675,2.135020857149)
  );
#1348 = CARTESIAN_POINT('',(7.082839666162,2.001675972426,2.135020857149
    ));
#1349 = CARTESIAN_POINT('',(7.101118665327,1.957546564788,2.135020857149
    ));
#1350 = CARTESIAN_POINT('',(7.41995647701,1.187803996574,2.135020857149)
  );
#1351 = CARTESIAN_POINT('',(7.578077492132,0.403182514539,2.135020857149
    ));
#1352 = CARTESIAN_POINT('',(7.578078582592,-0.403179910909,
    2.135020857149));
#1353 = CARTESIAN_POINT('',(7.41995703187,-1.187802657022,2.135020857149
    ));
#1354 = CARTESIAN_POINT('',(7.101118659789,-1.957546578158,
    2.135020857149));
#1355 = CARTESIAN_POINT('',(7.082839657855,-2.001675992481,
    2.135020857149));
#1356 = CARTESIAN_POINT('',(7.06456065592,-2.045805406805,2.135020857149
    ));
#1357 = CARTESIAN_POINT('',(7.046281653985,-2.089934821128,
    2.135020857149));
#1358 = CARTESIAN_POINT('',(7.02800265205,-2.134064235451,2.135020857149
    ));
#1359 = ORIENTED_EDGE('',*,*,#1025,.F.);
#1360 = ORIENTED_EDGE('',*,*,#1018,.F.);
#1361 = ( BOUNDED_SURFACE() B_SPLINE_SURFACE(2,5,(
    (#1362,#1363,#1364,#1365,#1366,#1367,#1368,#1369,#1370,#1371,#1372
      ,#1373,#1374,#1375)
    ,(#1376,#1377,#1378,#1379,#1380,#1381,#1382,#1383,#1384,#1385,#1386
      ,#1387,#1388,#1389)
    ,(#1390,#1391,#1392,#1393,#1394,#1395,#1396,#1397,#1398,#1399,#1400
      ,#1401,#1402,#1403
)),.UNSPECIFIED.,.F.,.F.,.F.) B_SPLINE_SURFACE_WITH_KNOTS((3,3),(6,4,4,6
    ),(0.,3.926991353841),(-0.238826937805,-2.684273090679E-07,
    3.926991085414,4.165817386253),.UNSPECIFIED.) 
GEOMETRIC_REPRESENTATION_ITEM() RATIONAL_B_SPLINE_SURFACE((
    (1.,1.,1.,1.,1.,1.,1.,1.,1.,1.,1.,1.,1.,1.)
    ,(0.93061798229,0.93061798229,0.93061798229,0.93061798229
      ,0.93061798229,0.93061798229,0.93061798229,0.93061798229
      ,0.93061798229,0.93061798229,0.93061798229,0.93061798229
      ,0.93061798229,0.93061798229)
,(1.,1.,1.,1.,1.,1.,1.,1.,1.,1.,1.,1.,1.,1.
))) REPRESENTATION_ITEM('') SURFACE() );
#1362 = CARTESIAN_POINT('',(6.953750361054,2.103307924813,1.930661594627
    ));
#1363 = CARTESIAN_POINT('',(6.972323185698,2.05846915961,1.930661594627)
  );
#1364 = CARTESIAN_POINT('',(6.990749098968,2.01398506984,1.930661594627)
  );
#1365 = CARTESIAN_POINT('',(7.009028100864,1.9698556555,1.930661594627)
  );
#1366 = CARTESIAN_POINT('',(7.027160191387,1.926080916593,1.930661594627
    ));
#1367 = CARTESIAN_POINT('',(7.340872992573,1.168711216348,1.930661594627
    ));
#1368 = CARTESIAN_POINT('',(7.496452374102,0.396701817373,1.930661594627
    ));
#1369 = CARTESIAN_POINT('',(7.496453425325,-0.396699322019,
    1.930661594627));
#1370 = CARTESIAN_POINT('',(7.340873556352,-1.168709855265,
    1.930661594627));
#1371 = CARTESIAN_POINT('',(7.027160184853,-1.926080932367,
    1.930661594627));
#1372 = CARTESIAN_POINT('',(7.009028091064,-1.969855679162,
    1.930661594627));
#1373 = CARTESIAN_POINT('',(6.990749089167,-2.013985093501,
    1.930661594627));
#1374 = CARTESIAN_POINT('',(6.972323179164,-2.058469175384,
    1.930661594627));
#1375 = CARTESIAN_POINT('',(6.953750361054,-2.103307924813,
    1.930661594627));
#1376 = CARTESIAN_POINT('',(7.02800265205,2.134064235451,2.017037309501)
  );
#1377 = CARTESIAN_POINT('',(7.046281659523,2.089934807758,2.017037309501
    ));
#1378 = CARTESIAN_POINT('',(7.064560664227,2.04580538675,2.017037309501)
  );
#1379 = CARTESIAN_POINT('',(7.082839666162,2.001675972426,2.017037309501
    ));
#1380 = CARTESIAN_POINT('',(7.101118665327,1.957546564788,2.017037309501
    ));
#1381 = CARTESIAN_POINT('',(7.41995647701,1.187803996574,2.017037309501)
  );
#1382 = CARTESIAN_POINT('',(7.578077492132,0.403182514539,2.017037309501
    ));
#1383 = CARTESIAN_POINT('',(7.578078582592,-0.403179910909,
    2.017037309501));
#1384 = CARTESIAN_POINT('',(7.41995703187,-1.187802657022,2.017037309501
    ));
#1385 = CARTESIAN_POINT('',(7.101118659789,-1.957546578158,
    2.017037309501));
#1386 = CARTESIAN_POINT('',(7.082839657855,-2.001675992481,
    2.017037309501));
#1387 = CARTESIAN_POINT('',(7.06456065592,-2.045805406805,2.017037309501
    ));
#1388 = CARTESIAN_POINT('',(7.046281653985,-2.089934821128,
    2.017037309501));
#1389 = CARTESIAN_POINT('',(7.02800265205,-2.134064235451,2.017037309501
    ));
#1390 = CARTESIAN_POINT('',(7.02800265205,2.134064235451,2.135020857149)
  );
#1391 = CARTESIAN_POINT('',(7.046281659523,2.089934807758,2.135020857149
    ));
#1392 = CARTESIAN_POINT('',(7.064560664227,2.04580538675,2.135020857149)
  );
#1393 = CARTESIAN_POINT('',(7.082839666162,2.001675972426,2.135020857149
    ));
#1394 = CARTESIAN_POINT('',(7.101118665327,1.957546564788,2.135020857149
    ));
#1395 = CARTESIAN_POINT('',(7.41995647701,1.187803996574,2.135020857149)
  );
#1396 = CARTESIAN_POINT('',(7.578077492132,0.403182514539,2.135020857149
    ));
#1397 = CARTESIAN_POINT('',(7.578078582592,-0.403179910909,
    2.135020857149));
#1398 = CARTESIAN_POINT('',(7.41995703187,-1.187802657022,2.135020857149
    ));
#1399 = CARTESIAN_POINT('',(7.101118659789,-1.957546578158,
    2.135020857149));
#1400 = CARTESIAN_POINT('',(7.082839657855,-2.001675992481,
    2.135020857149));
#1401 = CARTESIAN_POINT('',(7.06456065592,-2.045805406805,2.135020857149
    ));
#1402 = CARTESIAN_POINT('',(7.046281653985,-2.089934821128,
    2.135020857149));
#1403 = CARTESIAN_POINT('',(7.02800265205,-2.134064235451,2.135020857149
    ));
#1404 = ADVANCED_FACE('',(#1405),#1433,.T.);
#1405 = FACE_BOUND('',#1406,.T.);
#1406 = EDGE_LOOP('',(#1407,#1416,#1425,#1432));
#1407 = ORIENTED_EDGE('',*,*,#1408,.T.);
#1408 = EDGE_CURVE('',#1127,#1409,#1411,.T.);
#1409 = VERTEX_POINT('',#1410);
#1410 = CARTESIAN_POINT('',(6.934621756054,-1.836880475352,10.));
#1411 = CIRCLE('',#1412,0.2);
#1412 = AXIS2_PLACEMENT_3D('',#1413,#1414,#1415);
#1413 = CARTESIAN_POINT('',(6.934621756054,-1.836880475352,9.8));
#1414 = DIRECTION('',(-0.382683432365,-0.923879532511,
    -3.298273329587E-31));
#1415 = DIRECTION('',(0.923879532511,-0.382683432365,-8.881784197004E-15
    ));
#1416 = ORIENTED_EDGE('',*,*,#1417,.T.);
#1417 = EDGE_CURVE('',#1409,#1418,#1420,.T.);
#1418 = VERTEX_POINT('',#1419);
#1419 = CARTESIAN_POINT('',(6.934621756054,1.836880475352,10.));
#1420 = CIRCLE('',#1421,4.8);
#1421 = AXIS2_PLACEMENT_3D('',#1422,#1423,#1424);
#1422 = CARTESIAN_POINT('',(2.5,0.,10.));
#1423 = DIRECTION('',(0.,-0.,-1.));
#1424 = DIRECTION('',(0.923879532511,-0.382683432365,0.));
#1425 = ORIENTED_EDGE('',*,*,#1426,.F.);
#1426 = EDGE_CURVE('',#1129,#1418,#1427,.T.);
#1427 = CIRCLE('',#1428,0.2);
#1428 = AXIS2_PLACEMENT_3D('',#1429,#1430,#1431);
#1429 = CARTESIAN_POINT('',(6.934621756054,1.836880475352,9.8));
#1430 = DIRECTION('',(0.382683432365,-0.923879532511,6.942335551247E-31)
  );
#1431 = DIRECTION('',(0.923879532511,0.382683432365,-8.881784197004E-15)
  );
#1432 = ORIENTED_EDGE('',*,*,#1126,.F.);
#1433 = TOROIDAL_SURFACE('',#1434,4.8,0.2);
#1434 = AXIS2_PLACEMENT_3D('',#1435,#1436,#1437);
#1435 = CARTESIAN_POINT('',(2.5,0.,9.8));
#1436 = DIRECTION('',(0.,0.,1.));
#1437 = DIRECTION('',(0.923879532511,-0.382683432365,0.));
#1438 = ADVANCED_FACE('',(#1439),#1451,.T.);
#1439 = FACE_BOUND('',#1440,.T.);
#1440 = EDGE_LOOP('',(#1441,#1442,#1449,#1450));
#1441 = ORIENTED_EDGE('',*,*,#1426,.T.);
#1442 = ORIENTED_EDGE('',*,*,#1443,.T.);
#1443 = EDGE_CURVE('',#1418,#1409,#1444,.T.);
#1444 = CIRCLE('',#1445,4.8);
#1445 = AXIS2_PLACEMENT_3D('',#1446,#1447,#1448);
#1446 = CARTESIAN_POINT('',(2.5,0.,10.));
#1447 = DIRECTION('',(0.,0.,-1.));
#1448 = DIRECTION('',(0.923879532511,0.382683432365,0.));
#1449 = ORIENTED_EDGE('',*,*,#1408,.F.);
#1450 = ORIENTED_EDGE('',*,*,#1158,.F.);
#1451 = TOROIDAL_SURFACE('',#1452,4.8,0.2);
#1452 = AXIS2_PLACEMENT_3D('',#1453,#1454,#1455);
#1453 = CARTESIAN_POINT('',(2.5,0.,9.8));
#1454 = DIRECTION('',(0.,0.,1.));
#1455 = DIRECTION('',(0.923879532511,0.382683432365,-0.));
#1456 = ADVANCED_FACE('',(#1457),#1467,.T.);
#1457 = FACE_BOUND('',#1458,.T.);
#1458 = EDGE_LOOP('',(#1459,#1460,#1461,#1462,#1463,#1464,#1465,#1466));
#1459 = ORIENTED_EDGE('',*,*,#1223,.T.);
#1460 = ORIENTED_EDGE('',*,*,#1209,.T.);
#1461 = ORIENTED_EDGE('',*,*,#1200,.F.);
#1462 = ORIENTED_EDGE('',*,*,#1186,.T.);
#1463 = ORIENTED_EDGE('',*,*,#1178,.F.);
#1464 = ORIENTED_EDGE('',*,*,#1167,.F.);
#1465 = ORIENTED_EDGE('',*,*,#1343,.F.);
#1466 = ORIENTED_EDGE('',*,*,#1231,.F.);
#1467 = CYLINDRICAL_SURFACE('',#1468,5.);
#1468 = AXIS2_PLACEMENT_3D('',#1469,#1470,#1471);
#1469 = CARTESIAN_POINT('',(2.5,0.,2.));
#1470 = DIRECTION('',(0.,0.,1.));
#1471 = DIRECTION('',(0.923879532511,0.382683432365,-0.));
#1472 = ADVANCED_FACE('',(#1473),#1483,.T.);
#1473 = FACE_BOUND('',#1474,.T.);
#1474 = EDGE_LOOP('',(#1475,#1476,#1477,#1478,#1479,#1480,#1481,#1482));
#1475 = ORIENTED_EDGE('',*,*,#1244,.T.);
#1476 = ORIENTED_EDGE('',*,*,#1327,.F.);
#1477 = ORIENTED_EDGE('',*,*,#1313,.T.);
#1478 = ORIENTED_EDGE('',*,*,#1305,.F.);
#1479 = ORIENTED_EDGE('',*,*,#1291,.F.);
#1480 = ORIENTED_EDGE('',*,*,#1282,.T.);
#1481 = ORIENTED_EDGE('',*,*,#1268,.F.);
#1482 = ORIENTED_EDGE('',*,*,#1260,.T.);
#1483 = CYLINDRICAL_SURFACE('',#1484,5.);
#1484 = AXIS2_PLACEMENT_3D('',#1485,#1486,#1487);
#1485 = CARTESIAN_POINT('',(2.5,0.,2.));
#1486 = DIRECTION('',(0.,0.,1.));
#1487 = DIRECTION('',(0.923879532511,0.382683432365,-0.));
#1488 = ADVANCED_FACE('',(#1489),#1515,.F.);
#1489 = FACE_BOUND('',#1490,.F.);
#1490 = EDGE_LOOP('',(#1491,#1492,#1500,#1509));
#1491 = ORIENTED_EDGE('',*,*,#1417,.T.);
#1492 = ORIENTED_EDGE('',*,*,#1493,.T.);
#1493 = EDGE_CURVE('',#1418,#1494,#1496,.T.);
#1494 = VERTEX_POINT('',#1495);
#1495 = CARTESIAN_POINT('',(5.73357836379,1.339392013278,10.));
#1496 = LINE('',#1497,#1498);
#1497 = CARTESIAN_POINT('',(6.934621756054,1.836880475352,10.));
#1498 = VECTOR('',#1499,1.);
#1499 = DIRECTION('',(-0.923879532511,-0.382683432365,0.));
#1500 = ORIENTED_EDGE('',*,*,#1501,.F.);
#1501 = EDGE_CURVE('',#1502,#1494,#1504,.T.);
#1502 = VERTEX_POINT('',#1503);
#1503 = CARTESIAN_POINT('',(5.73357836379,-1.339392013278,10.));
#1504 = CIRCLE('',#1505,3.5);
#1505 = AXIS2_PLACEMENT_3D('',#1506,#1507,#1508);
#1506 = CARTESIAN_POINT('',(2.5,0.,10.));
#1507 = DIRECTION('',(0.,-0.,-1.));
#1508 = DIRECTION('',(0.923879532511,-0.382683432365,0.));
#1509 = ORIENTED_EDGE('',*,*,#1510,.F.);
#1510 = EDGE_CURVE('',#1409,#1502,#1511,.T.);
#1511 = LINE('',#1512,#1513);
#1512 = CARTESIAN_POINT('',(6.934621756054,-1.836880475352,10.));
#1513 = VECTOR('',#1514,1.);
#1514 = DIRECTION('',(-0.923879532511,0.382683432365,0.));
#1515 = PLANE('',#1516);
#1516 = AXIS2_PLACEMENT_3D('',#1517,#1518,#1519);
#1517 = CARTESIAN_POINT('',(2.5,0.,10.));
#1518 = DIRECTION('',(0.,0.,-1.));
#1519 = DIRECTION('',(0.923879532511,-0.382683432365,0.));
#1520 = ADVANCED_FACE('',(#1521),#1533,.F.);
#1521 = FACE_BOUND('',#1522,.F.);
#1522 = EDGE_LOOP('',(#1523,#1524,#1525,#1532));
#1523 = ORIENTED_EDGE('',*,*,#1443,.T.);
#1524 = ORIENTED_EDGE('',*,*,#1510,.T.);
#1525 = ORIENTED_EDGE('',*,*,#1526,.F.);
#1526 = EDGE_CURVE('',#1494,#1502,#1527,.T.);
#1527 = CIRCLE('',#1528,3.5);
#1528 = AXIS2_PLACEMENT_3D('',#1529,#1530,#1531);
#1529 = CARTESIAN_POINT('',(2.5,0.,10.));
#1530 = DIRECTION('',(0.,0.,-1.));
#1531 = DIRECTION('',(0.923879532511,0.382683432365,0.));
#1532 = ORIENTED_EDGE('',*,*,#1493,.F.);
#1533 = PLANE('',#1534);
#1534 = AXIS2_PLACEMENT_3D('',#1535,#1536,#1537);
#1535 = CARTESIAN_POINT('',(2.5,0.,10.));
#1536 = DIRECTION('',(0.,0.,-1.));
#1537 = DIRECTION('',(0.923879532511,0.382683432365,0.));
#1538 = ADVANCED_FACE('',(#1539),#1676,.F.);
#1539 = FACE_BOUND('',#1540,.F.);
#1540 = EDGE_LOOP('',(#1541,#1549,#1550,#1558,#1567,#1575,#1584,#1592,
    #1601,#1609,#1618,#1627,#1635,#1644,#1652,#1661,#1669));
#1541 = ORIENTED_EDGE('',*,*,#1542,.F.);
#1542 = EDGE_CURVE('',#1502,#1543,#1545,.T.);
#1543 = VERTEX_POINT('',#1544);
#1544 = CARTESIAN_POINT('',(5.73357836379,-1.339392013278,9.9));
#1545 = LINE('',#1546,#1547);
#1546 = CARTESIAN_POINT('',(5.73357836379,-1.339392013278,10.));
#1547 = VECTOR('',#1548,1.);
#1548 = DIRECTION('',(0.,0.,-1.));
#1549 = ORIENTED_EDGE('',*,*,#1501,.T.);
#1550 = ORIENTED_EDGE('',*,*,#1551,.T.);
#1551 = EDGE_CURVE('',#1494,#1552,#1554,.T.);
#1552 = VERTEX_POINT('',#1553);
#1553 = CARTESIAN_POINT('',(5.73357836379,1.339392013278,9.9));
#1554 = LINE('',#1555,#1556);
#1555 = CARTESIAN_POINT('',(5.73357836379,1.339392013278,10.));
#1556 = VECTOR('',#1557,1.);
#1557 = DIRECTION('',(0.,0.,-1.));
#1558 = ORIENTED_EDGE('',*,*,#1559,.T.);
#1559 = EDGE_CURVE('',#1552,#1560,#1562,.T.);
#1560 = VERTEX_POINT('',#1561);
#1561 = CARTESIAN_POINT('',(2.55,3.499642838919,9.9));
#1562 = CIRCLE('',#1563,3.5);
#1563 = AXIS2_PLACEMENT_3D('',#1564,#1565,#1566);
#1564 = CARTESIAN_POINT('',(2.5,0.,9.9));
#1565 = DIRECTION('',(0.,0.,1.));
#1566 = DIRECTION('',(-1.,1.224646799147E-16,0.));
#1567 = ORIENTED_EDGE('',*,*,#1568,.T.);
#1568 = EDGE_CURVE('',#1560,#1569,#1571,.T.);
#1569 = VERTEX_POINT('',#1570);
#1570 = CARTESIAN_POINT('',(2.55,3.499642838919,9.8));
#1571 = LINE('',#1572,#1573);
#1572 = CARTESIAN_POINT('',(2.55,3.499642838919,9.7));
#1573 = VECTOR('',#1574,1.);
#1574 = DIRECTION('',(0.,0.,-1.));
#1575 = ORIENTED_EDGE('',*,*,#1576,.F.);
#1576 = EDGE_CURVE('',#1577,#1569,#1579,.T.);
#1577 = VERTEX_POINT('',#1578);
#1578 = CARTESIAN_POINT('',(2.45,3.499642838919,9.8));
#1579 = CIRCLE('',#1580,3.5);
#1580 = AXIS2_PLACEMENT_3D('',#1581,#1582,#1583);
#1581 = CARTESIAN_POINT('',(2.5,0.,9.8));
#1582 = DIRECTION('',(0.,0.,-1.));
#1583 = DIRECTION('',(-1.,1.224646799147E-16,0.));
#1584 = ORIENTED_EDGE('',*,*,#1585,.F.);
#1585 = EDGE_CURVE('',#1586,#1577,#1588,.T.);
#1586 = VERTEX_POINT('',#1587);
#1587 = CARTESIAN_POINT('',(2.45,3.499642838919,9.9));
#1588 = LINE('',#1589,#1590);
#1589 = CARTESIAN_POINT('',(2.45,3.499642838919,9.7));
#1590 = VECTOR('',#1591,1.);
#1591 = DIRECTION('',(0.,0.,-1.));
#1592 = ORIENTED_EDGE('',*,*,#1593,.T.);
#1593 = EDGE_CURVE('',#1586,#1594,#1596,.T.);
#1594 = VERTEX_POINT('',#1595);
#1595 = CARTESIAN_POINT('',(-0.999642838919,5.000000000006E-02,9.9));
#1596 = CIRCLE('',#1597,3.5);
#1597 = AXIS2_PLACEMENT_3D('',#1598,#1599,#1600);
#1598 = CARTESIAN_POINT('',(2.5,0.,9.9));
#1599 = DIRECTION('',(0.,0.,1.));
#1600 = DIRECTION('',(-1.,1.224646799147E-16,0.));
#1601 = ORIENTED_EDGE('',*,*,#1602,.T.);
#1602 = EDGE_CURVE('',#1594,#1603,#1605,.T.);
#1603 = VERTEX_POINT('',#1604);
#1604 = CARTESIAN_POINT('',(-0.999642838919,5.E-02,9.8));
#1605 = LINE('',#1606,#1607);
#1606 = CARTESIAN_POINT('',(-0.999642838919,5.E-02,9.7));
#1607 = VECTOR('',#1608,1.);
#1608 = DIRECTION('',(0.,0.,-1.));
#1609 = ORIENTED_EDGE('',*,*,#1610,.F.);
#1610 = EDGE_CURVE('',#1611,#1603,#1613,.T.);
#1611 = VERTEX_POINT('',#1612);
#1612 = CARTESIAN_POINT('',(-1.,4.286263797016E-16,9.8));
#1613 = CIRCLE('',#1614,3.5);
#1614 = AXIS2_PLACEMENT_3D('',#1615,#1616,#1617);
#1615 = CARTESIAN_POINT('',(2.5,0.,9.8));
#1616 = DIRECTION('',(0.,0.,-1.));
#1617 = DIRECTION('',(-1.,1.224646799147E-16,0.));
#1618 = ORIENTED_EDGE('',*,*,#1619,.F.);
#1619 = EDGE_CURVE('',#1620,#1611,#1622,.T.);
#1620 = VERTEX_POINT('',#1621);
#1621 = CARTESIAN_POINT('',(-0.999642838919,-5.E-02,9.8));
#1622 = CIRCLE('',#1623,3.5);
#1623 = AXIS2_PLACEMENT_3D('',#1624,#1625,#1626);
#1624 = CARTESIAN_POINT('',(2.5,0.,9.8));
#1625 = DIRECTION('',(0.,0.,-1.));
#1626 = DIRECTION('',(-1.,1.224646799147E-16,0.));
#1627 = ORIENTED_EDGE('',*,*,#1628,.F.);
#1628 = EDGE_CURVE('',#1629,#1620,#1631,.T.);
#1629 = VERTEX_POINT('',#1630);
#1630 = CARTESIAN_POINT('',(-0.999642838919,-5.000000000007E-02,9.9));
#1631 = LINE('',#1632,#1633);
#1632 = CARTESIAN_POINT('',(-0.999642838919,-5.E-02,9.7));
#1633 = VECTOR('',#1634,1.);
#1634 = DIRECTION('',(0.,0.,-1.));
#1635 = ORIENTED_EDGE('',*,*,#1636,.T.);
#1636 = EDGE_CURVE('',#1629,#1637,#1639,.T.);
#1637 = VERTEX_POINT('',#1638);
#1638 = CARTESIAN_POINT('',(2.45,-3.499642838919,9.9));
#1639 = CIRCLE('',#1640,3.5);
#1640 = AXIS2_PLACEMENT_3D('',#1641,#1642,#1643);
#1641 = CARTESIAN_POINT('',(2.5,0.,9.9));
#1642 = DIRECTION('',(0.,0.,1.));
#1643 = DIRECTION('',(-1.,1.224646799147E-16,0.));
#1644 = ORIENTED_EDGE('',*,*,#1645,.T.);
#1645 = EDGE_CURVE('',#1637,#1646,#1648,.T.);
#1646 = VERTEX_POINT('',#1647);
#1647 = CARTESIAN_POINT('',(2.45,-3.499642838919,9.8));
#1648 = LINE('',#1649,#1650);
#1649 = CARTESIAN_POINT('',(2.45,-3.499642838919,9.7));
#1650 = VECTOR('',#1651,1.);
#1651 = DIRECTION('',(0.,0.,-1.));
#1652 = ORIENTED_EDGE('',*,*,#1653,.F.);
#1653 = EDGE_CURVE('',#1654,#1646,#1656,.T.);
#1654 = VERTEX_POINT('',#1655);
#1655 = CARTESIAN_POINT('',(2.55,-3.499642838919,9.8));
#1656 = CIRCLE('',#1657,3.5);
#1657 = AXIS2_PLACEMENT_3D('',#1658,#1659,#1660);
#1658 = CARTESIAN_POINT('',(2.5,0.,9.8));
#1659 = DIRECTION('',(0.,0.,-1.));
#1660 = DIRECTION('',(-1.,1.224646799147E-16,0.));
#1661 = ORIENTED_EDGE('',*,*,#1662,.F.);
#1662 = EDGE_CURVE('',#1663,#1654,#1665,.T.);
#1663 = VERTEX_POINT('',#1664);
#1664 = CARTESIAN_POINT('',(2.55,-3.499642838919,9.9));
#1665 = LINE('',#1666,#1667);
#1666 = CARTESIAN_POINT('',(2.55,-3.499642838919,9.7));
#1667 = VECTOR('',#1668,1.);
#1668 = DIRECTION('',(0.,0.,-1.));
#1669 = ORIENTED_EDGE('',*,*,#1670,.T.);
#1670 = EDGE_CURVE('',#1663,#1543,#1671,.T.);
#1671 = CIRCLE('',#1672,3.5);
#1672 = AXIS2_PLACEMENT_3D('',#1673,#1674,#1675);
#1673 = CARTESIAN_POINT('',(2.5,0.,9.9));
#1674 = DIRECTION('',(0.,0.,1.));
#1675 = DIRECTION('',(-1.,1.224646799147E-16,0.));
#1676 = CYLINDRICAL_SURFACE('',#1677,3.5);
#1677 = AXIS2_PLACEMENT_3D('',#1678,#1679,#1680);
#1678 = CARTESIAN_POINT('',(2.5,0.,10.));
#1679 = DIRECTION('',(0.,0.,-1.));
#1680 = DIRECTION('',(0.923879532511,-0.382683432365,0.));
#1681 = ADVANCED_FACE('',(#1682),#1728,.F.);
#1682 = FACE_BOUND('',#1683,.F.);
#1683 = EDGE_LOOP('',(#1684,#1685,#1686,#1687,#1696,#1704,#1713,#1721));
#1684 = ORIENTED_EDGE('',*,*,#1551,.F.);
#1685 = ORIENTED_EDGE('',*,*,#1526,.T.);
#1686 = ORIENTED_EDGE('',*,*,#1542,.T.);
#1687 = ORIENTED_EDGE('',*,*,#1688,.T.);
#1688 = EDGE_CURVE('',#1543,#1689,#1691,.T.);
#1689 = VERTEX_POINT('',#1690);
#1690 = CARTESIAN_POINT('',(5.999642838919,-5.000000000009E-02,9.9));
#1691 = CIRCLE('',#1692,3.5);
#1692 = AXIS2_PLACEMENT_3D('',#1693,#1694,#1695);
#1693 = CARTESIAN_POINT('',(2.5,0.,9.9));
#1694 = DIRECTION('',(0.,0.,1.));
#1695 = DIRECTION('',(-1.,1.224646799147E-16,0.));
#1696 = ORIENTED_EDGE('',*,*,#1697,.T.);
#1697 = EDGE_CURVE('',#1689,#1698,#1700,.T.);
#1698 = VERTEX_POINT('',#1699);
#1699 = CARTESIAN_POINT('',(5.999642838919,-5.E-02,9.8));
#1700 = LINE('',#1701,#1702);
#1701 = CARTESIAN_POINT('',(5.999642838919,-5.E-02,9.7));
#1702 = VECTOR('',#1703,1.);
#1703 = DIRECTION('',(0.,0.,-1.));
#1704 = ORIENTED_EDGE('',*,*,#1705,.F.);
#1705 = EDGE_CURVE('',#1706,#1698,#1708,.T.);
#1706 = VERTEX_POINT('',#1707);
#1707 = CARTESIAN_POINT('',(5.999642838919,5.E-02,9.8));
#1708 = CIRCLE('',#1709,3.5);
#1709 = AXIS2_PLACEMENT_3D('',#1710,#1711,#1712);
#1710 = CARTESIAN_POINT('',(2.5,0.,9.8));
#1711 = DIRECTION('',(0.,0.,-1.));
#1712 = DIRECTION('',(-1.,1.224646799147E-16,0.));
#1713 = ORIENTED_EDGE('',*,*,#1714,.F.);
#1714 = EDGE_CURVE('',#1715,#1706,#1717,.T.);
#1715 = VERTEX_POINT('',#1716);
#1716 = CARTESIAN_POINT('',(5.999642838919,5.000000000009E-02,9.9));
#1717 = LINE('',#1718,#1719);
#1718 = CARTESIAN_POINT('',(5.999642838919,5.E-02,9.7));
#1719 = VECTOR('',#1720,1.);
#1720 = DIRECTION('',(0.,0.,-1.));
#1721 = ORIENTED_EDGE('',*,*,#1722,.T.);
#1722 = EDGE_CURVE('',#1715,#1552,#1723,.T.);
#1723 = CIRCLE('',#1724,3.5);
#1724 = AXIS2_PLACEMENT_3D('',#1725,#1726,#1727);
#1725 = CARTESIAN_POINT('',(2.5,0.,9.9));
#1726 = DIRECTION('',(0.,0.,1.));
#1727 = DIRECTION('',(-1.,1.224646799147E-16,0.));
#1728 = CYLINDRICAL_SURFACE('',#1729,3.5);
#1729 = AXIS2_PLACEMENT_3D('',#1730,#1731,#1732);
#1730 = CARTESIAN_POINT('',(2.5,0.,10.));
#1731 = DIRECTION('',(0.,0.,-1.));
#1732 = DIRECTION('',(0.923879532511,0.382683432365,0.));
#1733 = ADVANCED_FACE('',(#1734),#1752,.T.);
#1734 = FACE_BOUND('',#1735,.T.);
#1735 = EDGE_LOOP('',(#1736,#1744,#1745,#1746));
#1736 = ORIENTED_EDGE('',*,*,#1737,.F.);
#1737 = EDGE_CURVE('',#1663,#1738,#1740,.T.);
#1738 = VERTEX_POINT('',#1739);
#1739 = CARTESIAN_POINT('',(2.55,-5.E-02,9.9));
#1740 = LINE('',#1741,#1742);
#1741 = CARTESIAN_POINT('',(2.55,-10.05,9.9));
#1742 = VECTOR('',#1743,1.);
#1743 = DIRECTION('',(1.224646799147E-16,1.,0.));
#1744 = ORIENTED_EDGE('',*,*,#1670,.T.);
#1745 = ORIENTED_EDGE('',*,*,#1688,.T.);
#1746 = ORIENTED_EDGE('',*,*,#1747,.F.);
#1747 = EDGE_CURVE('',#1738,#1689,#1748,.T.);
#1748 = LINE('',#1749,#1750);
#1749 = CARTESIAN_POINT('',(2.55,-5.E-02,9.9));
#1750 = VECTOR('',#1751,1.);
#1751 = DIRECTION('',(1.,-1.224646799147E-16,0.));
#1752 = PLANE('',#1753);
#1753 = AXIS2_PLACEMENT_3D('',#1754,#1755,#1756);
#1754 = CARTESIAN_POINT('',(2.5,-2.47821720825E-16,9.9));
#1755 = DIRECTION('',(-2.146560286316E-32,-5.341514587755E-32,1.));
#1756 = DIRECTION('',(-1.224646799147E-16,-1.,-5.341514587755E-32));
#1757 = ADVANCED_FACE('',(#1758),#1776,.F.);
#1758 = FACE_BOUND('',#1759,.F.);
#1759 = EDGE_LOOP('',(#1760,#1761,#1762,#1770));
#1760 = ORIENTED_EDGE('',*,*,#1737,.F.);
#1761 = ORIENTED_EDGE('',*,*,#1662,.T.);
#1762 = ORIENTED_EDGE('',*,*,#1763,.T.);
#1763 = EDGE_CURVE('',#1654,#1764,#1766,.T.);
#1764 = VERTEX_POINT('',#1765);
#1765 = CARTESIAN_POINT('',(2.55,-5.E-02,9.8));
#1766 = LINE('',#1767,#1768);
#1767 = CARTESIAN_POINT('',(2.55,-10.05,9.8));
#1768 = VECTOR('',#1769,1.);
#1769 = DIRECTION('',(1.224646799147E-16,1.,0.));
#1770 = ORIENTED_EDGE('',*,*,#1771,.F.);
#1771 = EDGE_CURVE('',#1738,#1764,#1772,.T.);
#1772 = LINE('',#1773,#1774);
#1773 = CARTESIAN_POINT('',(2.55,-5.E-02,9.9));
#1774 = VECTOR('',#1775,1.);
#1775 = DIRECTION('',(2.146560286316E-32,5.341514587755E-32,-1.));
#1776 = PLANE('',#1777);
#1777 = AXIS2_PLACEMENT_3D('',#1778,#1779,#1780);
#1778 = CARTESIAN_POINT('',(2.55,-10.05,9.9));
#1779 = DIRECTION('',(1.,-1.224646799147E-16,2.146560286316E-32));
#1780 = DIRECTION('',(1.224646799147E-16,1.,0.));
#1781 = ADVANCED_FACE('',(#1782),#1800,.T.);
#1782 = FACE_BOUND('',#1783,.T.);
#1783 = EDGE_LOOP('',(#1784,#1785,#1786,#1794));
#1784 = ORIENTED_EDGE('',*,*,#1722,.T.);
#1785 = ORIENTED_EDGE('',*,*,#1559,.T.);
#1786 = ORIENTED_EDGE('',*,*,#1787,.F.);
#1787 = EDGE_CURVE('',#1788,#1560,#1790,.T.);
#1788 = VERTEX_POINT('',#1789);
#1789 = CARTESIAN_POINT('',(2.55,5.E-02,9.9));
#1790 = LINE('',#1791,#1792);
#1791 = CARTESIAN_POINT('',(2.55,5.E-02,9.9));
#1792 = VECTOR('',#1793,1.);
#1793 = DIRECTION('',(1.224646799147E-16,1.,0.));
#1794 = ORIENTED_EDGE('',*,*,#1795,.F.);
#1795 = EDGE_CURVE('',#1715,#1788,#1796,.T.);
#1796 = LINE('',#1797,#1798);
#1797 = CARTESIAN_POINT('',(12.55,5.E-02,9.9));
#1798 = VECTOR('',#1799,1.);
#1799 = DIRECTION('',(-1.,1.224646799147E-16,0.));
#1800 = PLANE('',#1801);
#1801 = AXIS2_PLACEMENT_3D('',#1802,#1803,#1804);
#1802 = CARTESIAN_POINT('',(2.5,-2.47821720825E-16,9.9));
#1803 = DIRECTION('',(-2.146560286316E-32,-5.341514587755E-32,1.));
#1804 = DIRECTION('',(-1.224646799147E-16,-1.,-5.341514587755E-32));
#1805 = ADVANCED_FACE('',(#1806),#1862,.T.);
#1806 = FACE_BOUND('',#1807,.T.);
#1807 = EDGE_LOOP('',(#1808,#1816,#1822,#1823,#1824,#1830,#1831,#1839,
    #1845,#1846,#1854,#1860,#1861));
#1808 = ORIENTED_EDGE('',*,*,#1809,.T.);
#1809 = EDGE_CURVE('',#1620,#1810,#1812,.T.);
#1810 = VERTEX_POINT('',#1811);
#1811 = CARTESIAN_POINT('',(2.45,-5.E-02,9.8));
#1812 = LINE('',#1813,#1814);
#1813 = CARTESIAN_POINT('',(-7.55,-5.E-02,9.8));
#1814 = VECTOR('',#1815,1.);
#1815 = DIRECTION('',(1.,-1.005459867144E-17,0.));
#1816 = ORIENTED_EDGE('',*,*,#1817,.T.);
#1817 = EDGE_CURVE('',#1810,#1646,#1818,.T.);
#1818 = LINE('',#1819,#1820);
#1819 = CARTESIAN_POINT('',(2.45,-5.E-02,9.8));
#1820 = VECTOR('',#1821,1.);
#1821 = DIRECTION('',(-1.224646799147E-16,-1.,0.));
#1822 = ORIENTED_EDGE('',*,*,#1653,.F.);
#1823 = ORIENTED_EDGE('',*,*,#1763,.T.);
#1824 = ORIENTED_EDGE('',*,*,#1825,.T.);
#1825 = EDGE_CURVE('',#1764,#1698,#1826,.T.);
#1826 = LINE('',#1827,#1828);
#1827 = CARTESIAN_POINT('',(2.55,-5.E-02,9.8));
#1828 = VECTOR('',#1829,1.);
#1829 = DIRECTION('',(1.,-1.224646799147E-16,0.));
#1830 = ORIENTED_EDGE('',*,*,#1705,.F.);
#1831 = ORIENTED_EDGE('',*,*,#1832,.T.);
#1832 = EDGE_CURVE('',#1706,#1833,#1835,.T.);
#1833 = VERTEX_POINT('',#1834);
#1834 = CARTESIAN_POINT('',(2.55,5.E-02,9.8));
#1835 = LINE('',#1836,#1837);
#1836 = CARTESIAN_POINT('',(12.55,5.E-02,9.8));
#1837 = VECTOR('',#1838,1.);
#1838 = DIRECTION('',(-1.,1.224646799147E-16,0.));
#1839 = ORIENTED_EDGE('',*,*,#1840,.T.);
#1840 = EDGE_CURVE('',#1833,#1569,#1841,.T.);
#1841 = LINE('',#1842,#1843);
#1842 = CARTESIAN_POINT('',(2.55,5.E-02,9.8));
#1843 = VECTOR('',#1844,1.);
#1844 = DIRECTION('',(1.224646799147E-16,1.,0.));
#1845 = ORIENTED_EDGE('',*,*,#1576,.F.);
#1846 = ORIENTED_EDGE('',*,*,#1847,.T.);
#1847 = EDGE_CURVE('',#1577,#1848,#1850,.T.);
#1848 = VERTEX_POINT('',#1849);
#1849 = CARTESIAN_POINT('',(2.45,5.E-02,9.8));
#1850 = LINE('',#1851,#1852);
#1851 = CARTESIAN_POINT('',(2.45,10.05,9.8));
#1852 = VECTOR('',#1853,1.);
#1853 = DIRECTION('',(-1.224646799147E-16,-1.,0.));
#1854 = ORIENTED_EDGE('',*,*,#1855,.T.);
#1855 = EDGE_CURVE('',#1848,#1603,#1856,.T.);
#1856 = LINE('',#1857,#1858);
#1857 = CARTESIAN_POINT('',(2.45,5.E-02,9.8));
#1858 = VECTOR('',#1859,1.);
#1859 = DIRECTION('',(-1.,1.224646799147E-16,0.));
#1860 = ORIENTED_EDGE('',*,*,#1610,.F.);
#1861 = ORIENTED_EDGE('',*,*,#1619,.F.);
#1862 = PLANE('',#1863);
#1863 = AXIS2_PLACEMENT_3D('',#1864,#1865,#1866);
#1864 = CARTESIAN_POINT('',(2.5,-4.39808499183E-16,9.8));
#1865 = DIRECTION('',(2.138494777254E-32,-1.196107248295E-32,1.));
#1866 = DIRECTION('',(-1.,1.224646799147E-16,2.138494777254E-32));
#1867 = ADVANCED_FACE('',(#1868),#1879,.F.);
#1868 = FACE_BOUND('',#1869,.F.);
#1869 = EDGE_LOOP('',(#1870,#1871,#1877,#1878));
#1870 = ORIENTED_EDGE('',*,*,#1787,.F.);
#1871 = ORIENTED_EDGE('',*,*,#1872,.T.);
#1872 = EDGE_CURVE('',#1788,#1833,#1873,.T.);
#1873 = LINE('',#1874,#1875);
#1874 = CARTESIAN_POINT('',(2.55,5.E-02,9.9));
#1875 = VECTOR('',#1876,1.);
#1876 = DIRECTION('',(2.146560286316E-32,5.341514587755E-32,-1.));
#1877 = ORIENTED_EDGE('',*,*,#1840,.T.);
#1878 = ORIENTED_EDGE('',*,*,#1568,.F.);
#1879 = PLANE('',#1880);
#1880 = AXIS2_PLACEMENT_3D('',#1881,#1882,#1883);
#1881 = CARTESIAN_POINT('',(2.55,5.E-02,9.9));
#1882 = DIRECTION('',(1.,-1.224646799147E-16,2.146560286316E-32));
#1883 = DIRECTION('',(1.224646799147E-16,1.,0.));
#1884 = ADVANCED_FACE('',(#1885),#1903,.F.);
#1885 = FACE_BOUND('',#1886,.F.);
#1886 = EDGE_LOOP('',(#1887,#1895,#1901,#1902));
#1887 = ORIENTED_EDGE('',*,*,#1888,.F.);
#1888 = EDGE_CURVE('',#1889,#1637,#1891,.T.);
#1889 = VERTEX_POINT('',#1890);
#1890 = CARTESIAN_POINT('',(2.45,-5.E-02,9.9));
#1891 = LINE('',#1892,#1893);
#1892 = CARTESIAN_POINT('',(2.45,-5.E-02,9.9));
#1893 = VECTOR('',#1894,1.);
#1894 = DIRECTION('',(-1.224646799147E-16,-1.,0.));
#1895 = ORIENTED_EDGE('',*,*,#1896,.T.);
#1896 = EDGE_CURVE('',#1889,#1810,#1897,.T.);
#1897 = LINE('',#1898,#1899);
#1898 = CARTESIAN_POINT('',(2.45,-5.E-02,9.9));
#1899 = VECTOR('',#1900,1.);
#1900 = DIRECTION('',(2.146560286316E-32,5.341514587755E-32,-1.));
#1901 = ORIENTED_EDGE('',*,*,#1817,.T.);
#1902 = ORIENTED_EDGE('',*,*,#1645,.F.);
#1903 = PLANE('',#1904);
#1904 = AXIS2_PLACEMENT_3D('',#1905,#1906,#1907);
#1905 = CARTESIAN_POINT('',(2.45,-5.E-02,9.9));
#1906 = DIRECTION('',(-1.,1.224646799147E-16,-2.146560286316E-32));
#1907 = DIRECTION('',(-1.224646799147E-16,-1.,0.));
#1908 = ADVANCED_FACE('',(#1909),#1919,.T.);
#1909 = FACE_BOUND('',#1910,.T.);
#1910 = EDGE_LOOP('',(#1911,#1917,#1918));
#1911 = ORIENTED_EDGE('',*,*,#1912,.F.);
#1912 = EDGE_CURVE('',#1629,#1889,#1913,.T.);
#1913 = LINE('',#1914,#1915);
#1914 = CARTESIAN_POINT('',(-7.55,-5.E-02,9.9));
#1915 = VECTOR('',#1916,1.);
#1916 = DIRECTION('',(1.,-1.005459867144E-17,0.));
#1917 = ORIENTED_EDGE('',*,*,#1636,.T.);
#1918 = ORIENTED_EDGE('',*,*,#1888,.F.);
#1919 = PLANE('',#1920);
#1920 = AXIS2_PLACEMENT_3D('',#1921,#1922,#1923);
#1921 = CARTESIAN_POINT('',(2.5,-2.47821720825E-16,9.9));
#1922 = DIRECTION('',(-2.146560286316E-32,-5.341514587755E-32,1.));
#1923 = DIRECTION('',(-1.224646799147E-16,-1.,-5.341514587755E-32));
#1924 = ADVANCED_FACE('',(#1925),#1943,.F.);
#1925 = FACE_BOUND('',#1926,.F.);
#1926 = EDGE_LOOP('',(#1927,#1935,#1936,#1937));
#1927 = ORIENTED_EDGE('',*,*,#1928,.F.);
#1928 = EDGE_CURVE('',#1586,#1929,#1931,.T.);
#1929 = VERTEX_POINT('',#1930);
#1930 = CARTESIAN_POINT('',(2.45,5.E-02,9.9));
#1931 = LINE('',#1932,#1933);
#1932 = CARTESIAN_POINT('',(2.45,10.05,9.9));
#1933 = VECTOR('',#1934,1.);
#1934 = DIRECTION('',(-1.224646799147E-16,-1.,0.));
#1935 = ORIENTED_EDGE('',*,*,#1585,.T.);
#1936 = ORIENTED_EDGE('',*,*,#1847,.T.);
#1937 = ORIENTED_EDGE('',*,*,#1938,.F.);
#1938 = EDGE_CURVE('',#1929,#1848,#1939,.T.);
#1939 = LINE('',#1940,#1941);
#1940 = CARTESIAN_POINT('',(2.45,5.E-02,9.9));
#1941 = VECTOR('',#1942,1.);
#1942 = DIRECTION('',(2.146560286316E-32,5.341514587755E-32,-1.));
#1943 = PLANE('',#1944);
#1944 = AXIS2_PLACEMENT_3D('',#1945,#1946,#1947);
#1945 = CARTESIAN_POINT('',(2.45,10.05,9.9));
#1946 = DIRECTION('',(-1.,1.224646799147E-16,-2.146560286316E-32));
#1947 = DIRECTION('',(-1.224646799147E-16,-1.,0.));
#1948 = ADVANCED_FACE('',(#1949),#1955,.F.);
#1949 = FACE_BOUND('',#1950,.F.);
#1950 = EDGE_LOOP('',(#1951,#1952,#1953,#1954));
#1951 = ORIENTED_EDGE('',*,*,#1912,.F.);
#1952 = ORIENTED_EDGE('',*,*,#1628,.T.);
#1953 = ORIENTED_EDGE('',*,*,#1809,.T.);
#1954 = ORIENTED_EDGE('',*,*,#1896,.F.);
#1955 = PLANE('',#1956);
#1956 = AXIS2_PLACEMENT_3D('',#1957,#1958,#1959);
#1957 = CARTESIAN_POINT('',(-7.55,-5.E-02,9.9));
#1958 = DIRECTION('',(-1.005459867144E-17,-1.,-5.341514587755E-32));
#1959 = DIRECTION('',(1.,-1.005459867144E-17,2.542780454943E-65));
#1960 = ADVANCED_FACE('',(#1961),#1971,.T.);
#1961 = FACE_BOUND('',#1962,.T.);
#1962 = EDGE_LOOP('',(#1963,#1964,#1970));
#1963 = ORIENTED_EDGE('',*,*,#1593,.T.);
#1964 = ORIENTED_EDGE('',*,*,#1965,.F.);
#1965 = EDGE_CURVE('',#1929,#1594,#1966,.T.);
#1966 = LINE('',#1967,#1968);
#1967 = CARTESIAN_POINT('',(2.45,5.E-02,9.9));
#1968 = VECTOR('',#1969,1.);
#1969 = DIRECTION('',(-1.,1.224646799147E-16,0.));
#1970 = ORIENTED_EDGE('',*,*,#1928,.F.);
#1971 = PLANE('',#1972);
#1972 = AXIS2_PLACEMENT_3D('',#1973,#1974,#1975);
#1973 = CARTESIAN_POINT('',(2.5,-2.47821720825E-16,9.9));
#1974 = DIRECTION('',(-2.146560286316E-32,-5.341514587755E-32,1.));
#1975 = DIRECTION('',(-1.224646799147E-16,-1.,-5.341514587755E-32));
#1976 = ADVANCED_FACE('',(#1977),#1983,.F.);
#1977 = FACE_BOUND('',#1978,.F.);
#1978 = EDGE_LOOP('',(#1979,#1980,#1981,#1982));
#1979 = ORIENTED_EDGE('',*,*,#1965,.F.);
#1980 = ORIENTED_EDGE('',*,*,#1938,.T.);
#1981 = ORIENTED_EDGE('',*,*,#1855,.T.);
#1982 = ORIENTED_EDGE('',*,*,#1602,.F.);
#1983 = PLANE('',#1984);
#1984 = AXIS2_PLACEMENT_3D('',#1985,#1986,#1987);
#1985 = CARTESIAN_POINT('',(2.45,5.E-02,9.9));
#1986 = DIRECTION('',(1.224646799147E-16,1.,5.341514587755E-32));
#1987 = DIRECTION('',(-1.,1.224646799147E-16,5.85075808344E-64));
#1988 = ADVANCED_FACE('',(#1989),#1995,.F.);
#1989 = FACE_BOUND('',#1990,.F.);
#1990 = EDGE_LOOP('',(#1991,#1992,#1993,#1994));
#1991 = ORIENTED_EDGE('',*,*,#1795,.F.);
#1992 = ORIENTED_EDGE('',*,*,#1714,.T.);
#1993 = ORIENTED_EDGE('',*,*,#1832,.T.);
#1994 = ORIENTED_EDGE('',*,*,#1872,.F.);
#1995 = PLANE('',#1996);
#1996 = AXIS2_PLACEMENT_3D('',#1997,#1998,#1999);
#1997 = CARTESIAN_POINT('',(12.55,5.E-02,9.9));
#1998 = DIRECTION('',(1.224646799147E-16,1.,5.341514587755E-32));
#1999 = DIRECTION('',(-1.,1.224646799147E-16,5.85075808344E-64));
#2000 = ADVANCED_FACE('',(#2001),#2007,.F.);
#2001 = FACE_BOUND('',#2002,.F.);
#2002 = EDGE_LOOP('',(#2003,#2004,#2005,#2006));
#2003 = ORIENTED_EDGE('',*,*,#1747,.F.);
#2004 = ORIENTED_EDGE('',*,*,#1771,.T.);
#2005 = ORIENTED_EDGE('',*,*,#1825,.T.);
#2006 = ORIENTED_EDGE('',*,*,#1697,.F.);
#2007 = PLANE('',#2008);
#2008 = AXIS2_PLACEMENT_3D('',#2009,#2010,#2011);
#2009 = CARTESIAN_POINT('',(2.55,-5.E-02,9.9));
#2010 = DIRECTION('',(-1.224646799147E-16,-1.,-5.341514587755E-32));
#2011 = DIRECTION('',(1.,-1.224646799147E-16,-5.85075808344E-64));
#2012 = ORIENTED_CLOSED_SHELL('',*,#2013,.F.);
#2013 = CLOSED_SHELL('',(#2014,#2047,#2079,#2096,#2123));
#2014 = ADVANCED_FACE('',(#2015),#2042,.T.);
#2015 = FACE_BOUND('',#2016,.T.);
#2016 = EDGE_LOOP('',(#2017,#2028,#2036));
#2017 = ORIENTED_EDGE('',*,*,#2018,.T.);
#2018 = EDGE_CURVE('',#2019,#2021,#2023,.T.);
#2019 = VERTEX_POINT('',#2020);
#2020 = CARTESIAN_POINT('',(5.73357836379,1.339392013278,9.6));
#2021 = VERTEX_POINT('',#2022);
#2022 = CARTESIAN_POINT('',(5.73357836379,-1.339392013278,9.6));
#2023 = CIRCLE('',#2024,3.5);
#2024 = AXIS2_PLACEMENT_3D('',#2025,#2026,#2027);
#2025 = CARTESIAN_POINT('',(2.5,0.,9.6));
#2026 = DIRECTION('',(0.,0.,-1.));
#2027 = DIRECTION('',(0.923879532511,0.382683432365,0.));
#2028 = ORIENTED_EDGE('',*,*,#2029,.T.);
#2029 = EDGE_CURVE('',#2021,#2030,#2032,.T.);
#2030 = VERTEX_POINT('',#2031);
#2031 = CARTESIAN_POINT('',(2.5,0.,9.6));
#2032 = LINE('',#2033,#2034);
#2033 = CARTESIAN_POINT('',(5.73357836379,-1.339392013278,9.6));
#2034 = VECTOR('',#2035,1.);
#2035 = DIRECTION('',(-0.923879532511,0.382683432365,0.));
#2036 = ORIENTED_EDGE('',*,*,#2037,.F.);
#2037 = EDGE_CURVE('',#2019,#2030,#2038,.T.);
#2038 = LINE('',#2039,#2040);
#2039 = CARTESIAN_POINT('',(5.73357836379,1.339392013278,9.6));
#2040 = VECTOR('',#2041,1.);
#2041 = DIRECTION('',(-0.923879532511,-0.382683432365,0.));
#2042 = PLANE('',#2043);
#2043 = AXIS2_PLACEMENT_3D('',#2044,#2045,#2046);
#2044 = CARTESIAN_POINT('',(2.5,0.,9.6));
#2045 = DIRECTION('',(0.,0.,-1.));
#2046 = DIRECTION('',(0.923879532511,0.382683432365,0.));
#2047 = ADVANCED_FACE('',(#2048),#2074,.T.);
#2048 = FACE_BOUND('',#2049,.T.);
#2049 = EDGE_LOOP('',(#2050,#2058,#2067,#2073));
#2050 = ORIENTED_EDGE('',*,*,#2051,.F.);
#2051 = EDGE_CURVE('',#2052,#2019,#2054,.T.);
#2052 = VERTEX_POINT('',#2053);
#2053 = CARTESIAN_POINT('',(5.73357836379,1.339392013278,9.7));
#2054 = LINE('',#2055,#2056);
#2055 = CARTESIAN_POINT('',(5.73357836379,1.339392013278,10.));
#2056 = VECTOR('',#2057,1.);
#2057 = DIRECTION('',(0.,0.,-1.));
#2058 = ORIENTED_EDGE('',*,*,#2059,.F.);
#2059 = EDGE_CURVE('',#2060,#2052,#2062,.T.);
#2060 = VERTEX_POINT('',#2061);
#2061 = CARTESIAN_POINT('',(5.73357836379,-1.339392013278,9.7));
#2062 = CIRCLE('',#2063,3.5);
#2063 = AXIS2_PLACEMENT_3D('',#2064,#2065,#2066);
#2064 = CARTESIAN_POINT('',(2.5,0.,9.7));
#2065 = DIRECTION('',(0.,0.,1.));
#2066 = DIRECTION('',(-1.,1.224646799147E-16,0.));
#2067 = ORIENTED_EDGE('',*,*,#2068,.T.);
#2068 = EDGE_CURVE('',#2060,#2021,#2069,.T.);
#2069 = LINE('',#2070,#2071);
#2070 = CARTESIAN_POINT('',(5.73357836379,-1.339392013278,10.));
#2071 = VECTOR('',#2072,1.);
#2072 = DIRECTION('',(0.,0.,-1.));
#2073 = ORIENTED_EDGE('',*,*,#2018,.F.);
#2074 = CYLINDRICAL_SURFACE('',#2075,3.5);
#2075 = AXIS2_PLACEMENT_3D('',#2076,#2077,#2078);
#2076 = CARTESIAN_POINT('',(2.5,0.,10.));
#2077 = DIRECTION('',(0.,0.,-1.));
#2078 = DIRECTION('',(0.923879532511,0.382683432365,0.));
#2079 = ADVANCED_FACE('',(#2080),#2091,.T.);
#2080 = FACE_BOUND('',#2081,.T.);
#2081 = EDGE_LOOP('',(#2082,#2089,#2090));
#2082 = ORIENTED_EDGE('',*,*,#2083,.T.);
#2083 = EDGE_CURVE('',#2021,#2019,#2084,.T.);
#2084 = CIRCLE('',#2085,3.5);
#2085 = AXIS2_PLACEMENT_3D('',#2086,#2087,#2088);
#2086 = CARTESIAN_POINT('',(2.5,0.,9.6));
#2087 = DIRECTION('',(0.,-0.,-1.));
#2088 = DIRECTION('',(0.923879532511,-0.382683432365,0.));
#2089 = ORIENTED_EDGE('',*,*,#2037,.T.);
#2090 = ORIENTED_EDGE('',*,*,#2029,.F.);
#2091 = PLANE('',#2092);
#2092 = AXIS2_PLACEMENT_3D('',#2093,#2094,#2095);
#2093 = CARTESIAN_POINT('',(2.5,0.,9.6));
#2094 = DIRECTION('',(0.,0.,-1.));
#2095 = DIRECTION('',(0.923879532511,-0.382683432365,0.));
#2096 = ADVANCED_FACE('',(#2097),#2118,.T.);
#2097 = FACE_BOUND('',#2098,.T.);
#2098 = EDGE_LOOP('',(#2099,#2100,#2109,#2116,#2117));
#2099 = ORIENTED_EDGE('',*,*,#2068,.F.);
#2100 = ORIENTED_EDGE('',*,*,#2101,.F.);
#2101 = EDGE_CURVE('',#2102,#2060,#2104,.T.);
#2102 = VERTEX_POINT('',#2103);
#2103 = CARTESIAN_POINT('',(-1.,4.286263797016E-16,9.7));
#2104 = CIRCLE('',#2105,3.5);
#2105 = AXIS2_PLACEMENT_3D('',#2106,#2107,#2108);
#2106 = CARTESIAN_POINT('',(2.5,0.,9.7));
#2107 = DIRECTION('',(0.,0.,1.));
#2108 = DIRECTION('',(-1.,1.224646799147E-16,0.));
#2109 = ORIENTED_EDGE('',*,*,#2110,.F.);
#2110 = EDGE_CURVE('',#2052,#2102,#2111,.T.);
#2111 = CIRCLE('',#2112,3.5);
#2112 = AXIS2_PLACEMENT_3D('',#2113,#2114,#2115);
#2113 = CARTESIAN_POINT('',(2.5,0.,9.7));
#2114 = DIRECTION('',(0.,0.,1.));
#2115 = DIRECTION('',(-1.,1.224646799147E-16,0.));
#2116 = ORIENTED_EDGE('',*,*,#2051,.T.);
#2117 = ORIENTED_EDGE('',*,*,#2083,.F.);
#2118 = CYLINDRICAL_SURFACE('',#2119,3.5);
#2119 = AXIS2_PLACEMENT_3D('',#2120,#2121,#2122);
#2120 = CARTESIAN_POINT('',(2.5,0.,10.));
#2121 = DIRECTION('',(0.,0.,-1.));
#2122 = DIRECTION('',(0.923879532511,-0.382683432365,0.));
#2123 = ADVANCED_FACE('',(#2124),#2129,.T.);
#2124 = FACE_BOUND('',#2125,.T.);
#2125 = EDGE_LOOP('',(#2126,#2127,#2128));
#2126 = ORIENTED_EDGE('',*,*,#2101,.T.);
#2127 = ORIENTED_EDGE('',*,*,#2059,.T.);
#2128 = ORIENTED_EDGE('',*,*,#2110,.T.);
#2129 = PLANE('',#2130);
#2130 = AXIS2_PLACEMENT_3D('',#2131,#2132,#2133);
#2131 = CARTESIAN_POINT('',(2.5,-2.47821720825E-16,9.7));
#2132 = DIRECTION('',(-2.146560286316E-32,-5.341514587755E-32,1.));
#2133 = DIRECTION('',(-1.224646799147E-16,-1.,-5.341514587755E-32));
#2134 = ( GEOMETRIC_REPRESENTATION_CONTEXT(3) 
GLOBAL_UNCERTAINTY_ASSIGNED_CONTEXT((#2138)) 
GLOBAL_UNIT_ASSIGNED_CONTEXT((#2135,#2136,#2137)) REPRESENTATION_CONTEXT
('Context #1','3D Context with UNIT and UNCERTAINTY') );
#2135 = ( LENGTH_UNIT() NAMED_UNIT(*) SI_UNIT(.MILLI.,.METRE.) );
#2136 = ( NAMED_UNIT(*) PLANE_ANGLE_UNIT() SI_UNIT($,.RADIAN.) );
#2137 = ( NAMED_UNIT(*) SI_UNIT($,.STERADIAN.) SOLID_ANGLE_UNIT() );
#2138 = UNCERTAINTY_MEASURE_WITH_UNIT(LENGTH_MEASURE(1.E-06),#2135,
  'distance_accuracy_value','confusion accuracy');
#2139 = CONTEXT_DEPENDENT_SHAPE_REPRESENTATION(#2140,#2142);
#2140 = ( REPRESENTATION_RELATIONSHIP('','',#63,#40) 
REPRESENTATION_RELATIONSHIP_WITH_TRANSFORMATION(#2141) 
SHAPE_REPRESENTATION_RELATIONSHIP() );
#2141 = ITEM_DEFINED_TRANSFORMATION('','',#11,#41);
#2142 = PRODUCT_DEFINITION_SHAPE('Placement','Placement of an item',
  #2143);
#2143 = NEXT_ASSEMBLY_USAGE_OCCURRENCE('1','=>[0:1:1:3]','',#35,#58,$);
#2144 = PRODUCT_RELATED_PRODUCT_CATEGORY('part',$,(#60));
#2145 = CONTEXT_DEPENDENT_SHAPE_REPRESENTATION(#2146,#2148);
#2146 = ( REPRESENTATION_RELATIONSHIP('','',#40,#10) 
REPRESENTATION_RELATIONSHIP_WITH_TRANSFORMATION(#2147) 
SHAPE_REPRESENTATION_RELATIONSHIP() );
#2147 = ITEM_DEFINED_TRANSFORMATION('','',#11,#19);
#2148 = PRODUCT_DEFINITION_SHAPE('Placement','Placement of an item',
  #2149);
#2149 = NEXT_ASSEMBLY_USAGE_OCCURRENCE('3','C1','',#5,#35,$);
#2150 = SHAPE_DEFINITION_REPRESENTATION(#2151,#2157);
#2151 = PRODUCT_DEFINITION_SHAPE('','',#2152);
#2152 = PRODUCT_DEFINITION('design','',#2153,#2156);
#2153 = PRODUCT_DEFINITION_FORMATION('','',#2154);
#2154 = PRODUCT('Self Balancing robot-unsaved-export-IEZT2t_PCB',
  'Self Balancing robot-unsaved-export-IEZT2t_PCB','',(#2155));
#2155 = PRODUCT_CONTEXT('',#2,'mechanical');
#2156 = PRODUCT_DEFINITION_CONTEXT('part definition',#2,'design');
#2157 = ADVANCED_BREP_SHAPE_REPRESENTATION('',(#11,#2158),#6676);
#2158 = MANIFOLD_SOLID_BREP('',#2159);
#2159 = CLOSED_SHELL('',(#2160,#2200,#2231,#2262,#3511,#4760,#4772,#4789
    ,#4806,#4823,#4840,#4857,#4874,#4891,#4908,#4925,#4942,#4959,#4976,
    #4993,#5010,#5027,#5044,#5061,#5078,#5095,#5112,#5129,#5146,#5163,
    #5180,#5197,#5214,#5231,#5248,#5265,#5282,#5299,#5316,#5333,#5350,
    #5367,#5384,#5401,#5418,#5435,#5452,#5469,#5486,#5503,#5520,#5537,
    #5554,#5571,#5588,#5605,#5622,#5639,#5656,#5673,#5690,#5707,#5724,
    #5741,#5758,#5775,#5792,#5809,#5826,#5843,#5860,#5877,#5894,#5911,
    #5928,#5945,#5962,#5979,#5996,#6013,#6030,#6047,#6064,#6081,#6098,
    #6115,#6132,#6149,#6166,#6183,#6200,#6217,#6234,#6251,#6268,#6285,
    #6302,#6319,#6336,#6353,#6370,#6387,#6404,#6421,#6438,#6455,#6472,
    #6489,#6506,#6523,#6540,#6557,#6574,#6591,#6608,#6625,#6642,#6659));
#2160 = ADVANCED_FACE('',(#2161),#2195,.T.);
#2161 = FACE_BOUND('',#2162,.T.);
#2162 = EDGE_LOOP('',(#2163,#2173,#2181,#2189));
#2163 = ORIENTED_EDGE('',*,*,#2164,.T.);
#2164 = EDGE_CURVE('',#2165,#2167,#2169,.T.);
#2165 = VERTEX_POINT('',#2166);
#2166 = CARTESIAN_POINT('',(190.,-160.,0.));
#2167 = VERTEX_POINT('',#2168);
#2168 = CARTESIAN_POINT('',(190.,-160.,1.51));
#2169 = LINE('',#2170,#2171);
#2170 = CARTESIAN_POINT('',(190.,-160.,0.));
#2171 = VECTOR('',#2172,1.);
#2172 = DIRECTION('',(0.,0.,1.));
#2173 = ORIENTED_EDGE('',*,*,#2174,.T.);
#2174 = EDGE_CURVE('',#2167,#2175,#2177,.T.);
#2175 = VERTEX_POINT('',#2176);
#2176 = CARTESIAN_POINT('',(100.,-160.,1.51));
#2177 = LINE('',#2178,#2179);
#2178 = CARTESIAN_POINT('',(190.,-160.,1.51));
#2179 = VECTOR('',#2180,1.);
#2180 = DIRECTION('',(-1.,0.,0.));
#2181 = ORIENTED_EDGE('',*,*,#2182,.F.);
#2182 = EDGE_CURVE('',#2183,#2175,#2185,.T.);
#2183 = VERTEX_POINT('',#2184);
#2184 = CARTESIAN_POINT('',(100.,-160.,0.));
#2185 = LINE('',#2186,#2187);
#2186 = CARTESIAN_POINT('',(100.,-160.,0.));
#2187 = VECTOR('',#2188,1.);
#2188 = DIRECTION('',(0.,0.,1.));
#2189 = ORIENTED_EDGE('',*,*,#2190,.F.);
#2190 = EDGE_CURVE('',#2165,#2183,#2191,.T.);
#2191 = LINE('',#2192,#2193);
#2192 = CARTESIAN_POINT('',(190.,-160.,0.));
#2193 = VECTOR('',#2194,1.);
#2194 = DIRECTION('',(-1.,0.,0.));
#2195 = PLANE('',#2196);
#2196 = AXIS2_PLACEMENT_3D('',#2197,#2198,#2199);
#2197 = CARTESIAN_POINT('',(190.,-160.,0.));
#2198 = DIRECTION('',(0.,-1.,0.));
#2199 = DIRECTION('',(-1.,0.,0.));
#2200 = ADVANCED_FACE('',(#2201),#2226,.T.);
#2201 = FACE_BOUND('',#2202,.T.);
#2202 = EDGE_LOOP('',(#2203,#2213,#2219,#2220));
#2203 = ORIENTED_EDGE('',*,*,#2204,.T.);
#2204 = EDGE_CURVE('',#2205,#2207,#2209,.T.);
#2205 = VERTEX_POINT('',#2206);
#2206 = CARTESIAN_POINT('',(190.,-100.,0.));
#2207 = VERTEX_POINT('',#2208);
#2208 = CARTESIAN_POINT('',(190.,-100.,1.51));
#2209 = LINE('',#2210,#2211);
#2210 = CARTESIAN_POINT('',(190.,-100.,0.));
#2211 = VECTOR('',#2212,1.);
#2212 = DIRECTION('',(0.,0.,1.));
#2213 = ORIENTED_EDGE('',*,*,#2214,.T.);
#2214 = EDGE_CURVE('',#2207,#2167,#2215,.T.);
#2215 = LINE('',#2216,#2217);
#2216 = CARTESIAN_POINT('',(190.,-100.,1.51));
#2217 = VECTOR('',#2218,1.);
#2218 = DIRECTION('',(0.,-1.,0.));
#2219 = ORIENTED_EDGE('',*,*,#2164,.F.);
#2220 = ORIENTED_EDGE('',*,*,#2221,.F.);
#2221 = EDGE_CURVE('',#2205,#2165,#2222,.T.);
#2222 = LINE('',#2223,#2224);
#2223 = CARTESIAN_POINT('',(190.,-100.,0.));
#2224 = VECTOR('',#2225,1.);
#2225 = DIRECTION('',(0.,-1.,0.));
#2226 = PLANE('',#2227);
#2227 = AXIS2_PLACEMENT_3D('',#2228,#2229,#2230);
#2228 = CARTESIAN_POINT('',(190.,-100.,0.));
#2229 = DIRECTION('',(1.,0.,-0.));
#2230 = DIRECTION('',(0.,-1.,0.));
#2231 = ADVANCED_FACE('',(#2232),#2257,.T.);
#2232 = FACE_BOUND('',#2233,.T.);
#2233 = EDGE_LOOP('',(#2234,#2235,#2243,#2251));
#2234 = ORIENTED_EDGE('',*,*,#2182,.T.);
#2235 = ORIENTED_EDGE('',*,*,#2236,.T.);
#2236 = EDGE_CURVE('',#2175,#2237,#2239,.T.);
#2237 = VERTEX_POINT('',#2238);
#2238 = CARTESIAN_POINT('',(100.,-100.,1.51));
#2239 = LINE('',#2240,#2241);
#2240 = CARTESIAN_POINT('',(100.,-160.,1.51));
#2241 = VECTOR('',#2242,1.);
#2242 = DIRECTION('',(0.,1.,0.));
#2243 = ORIENTED_EDGE('',*,*,#2244,.F.);
#2244 = EDGE_CURVE('',#2245,#2237,#2247,.T.);
#2245 = VERTEX_POINT('',#2246);
#2246 = CARTESIAN_POINT('',(100.,-100.,0.));
#2247 = LINE('',#2248,#2249);
#2248 = CARTESIAN_POINT('',(100.,-100.,0.));
#2249 = VECTOR('',#2250,1.);
#2250 = DIRECTION('',(0.,0.,1.));
#2251 = ORIENTED_EDGE('',*,*,#2252,.F.);
#2252 = EDGE_CURVE('',#2183,#2245,#2253,.T.);
#2253 = LINE('',#2254,#2255);
#2254 = CARTESIAN_POINT('',(100.,-160.,0.));
#2255 = VECTOR('',#2256,1.);
#2256 = DIRECTION('',(0.,1.,0.));
#2257 = PLANE('',#2258);
#2258 = AXIS2_PLACEMENT_3D('',#2259,#2260,#2261);
#2259 = CARTESIAN_POINT('',(100.,-160.,0.));
#2260 = DIRECTION('',(-1.,0.,0.));
#2261 = DIRECTION('',(0.,1.,0.));
#2262 = ADVANCED_FACE('',(#2263,#2274,#2285,#2296,#2307,#2318,#2329,
    #2340,#2351,#2362,#2373,#2384,#2395,#2406,#2417,#2428,#2439,#2450,
    #2461,#2472,#2483,#2494,#2505,#2516,#2527,#2538,#2549,#2560,#2571,
    #2582,#2593,#2604,#2615,#2626,#2637,#2648,#2659,#2670,#2681,#2692,
    #2703,#2714,#2725,#2736,#2747,#2758,#2769,#2780,#2791,#2802,#2813,
    #2824,#2835,#2846,#2857,#2868,#2879,#2890,#2901,#2912,#2923,#2934,
    #2945,#2956,#2967,#2978,#2989,#3000,#3011,#3022,#3033,#3044,#3055,
    #3066,#3077,#3088,#3099,#3110,#3121,#3132,#3143,#3154,#3165,#3176,
    #3187,#3198,#3209,#3220,#3231,#3242,#3253,#3264,#3275,#3286,#3297,
    #3308,#3319,#3330,#3341,#3352,#3363,#3374,#3385,#3396,#3407,#3418,
    #3429,#3440,#3451,#3462,#3473,#3484,#3495),#3506,.F.);
#2263 = FACE_BOUND('',#2264,.F.);
#2264 = EDGE_LOOP('',(#2265,#2266,#2267,#2273));
#2265 = ORIENTED_EDGE('',*,*,#2190,.F.);
#2266 = ORIENTED_EDGE('',*,*,#2221,.F.);
#2267 = ORIENTED_EDGE('',*,*,#2268,.F.);
#2268 = EDGE_CURVE('',#2245,#2205,#2269,.T.);
#2269 = LINE('',#2270,#2271);
#2270 = CARTESIAN_POINT('',(100.,-100.,0.));
#2271 = VECTOR('',#2272,1.);
#2272 = DIRECTION('',(1.,0.,0.));
#2273 = ORIENTED_EDGE('',*,*,#2252,.F.);
#2274 = FACE_BOUND('',#2275,.F.);
#2275 = EDGE_LOOP('',(#2276));
#2276 = ORIENTED_EDGE('',*,*,#2277,.T.);
#2277 = EDGE_CURVE('',#2278,#2278,#2280,.T.);
#2278 = VERTEX_POINT('',#2279);
#2279 = CARTESIAN_POINT('',(103.2,-156.473,0.));
#2280 = CIRCLE('',#2281,0.508);
#2281 = AXIS2_PLACEMENT_3D('',#2282,#2283,#2284);
#2282 = CARTESIAN_POINT('',(103.2,-155.965,0.));
#2283 = DIRECTION('',(-0.,0.,-1.));
#2284 = DIRECTION('',(2.797412345512E-14,-1.,-0.));
#2285 = FACE_BOUND('',#2286,.F.);
#2286 = EDGE_LOOP('',(#2287));
#2287 = ORIENTED_EDGE('',*,*,#2288,.T.);
#2288 = EDGE_CURVE('',#2289,#2289,#2291,.T.);
#2289 = VERTEX_POINT('',#2290);
#2290 = CARTESIAN_POINT('',(105.74,-156.473,0.));
#2291 = CIRCLE('',#2292,0.508);
#2292 = AXIS2_PLACEMENT_3D('',#2293,#2294,#2295);
#2293 = CARTESIAN_POINT('',(105.74,-155.965,0.));
#2294 = DIRECTION('',(-0.,0.,-1.));
#2295 = DIRECTION('',(-2.797412345512E-14,-1.,0.));
#2296 = FACE_BOUND('',#2297,.F.);
#2297 = EDGE_LOOP('',(#2298));
#2298 = ORIENTED_EDGE('',*,*,#2299,.T.);
#2299 = EDGE_CURVE('',#2300,#2300,#2302,.T.);
#2300 = VERTEX_POINT('',#2301);
#2301 = CARTESIAN_POINT('',(108.28,-156.473,0.));
#2302 = CIRCLE('',#2303,0.508);
#2303 = AXIS2_PLACEMENT_3D('',#2304,#2305,#2306);
#2304 = CARTESIAN_POINT('',(108.28,-155.965,0.));
#2305 = DIRECTION('',(-0.,0.,-1.));
#2306 = DIRECTION('',(-0.,-1.,0.));
#2307 = FACE_BOUND('',#2308,.F.);
#2308 = EDGE_LOOP('',(#2309));
#2309 = ORIENTED_EDGE('',*,*,#2310,.T.);
#2310 = EDGE_CURVE('',#2311,#2311,#2313,.T.);
#2311 = VERTEX_POINT('',#2312);
#2312 = CARTESIAN_POINT('',(110.82,-156.473,0.));
#2313 = CIRCLE('',#2314,0.508);
#2314 = AXIS2_PLACEMENT_3D('',#2315,#2316,#2317);
#2315 = CARTESIAN_POINT('',(110.82,-155.965,0.));
#2316 = DIRECTION('',(-0.,0.,-1.));
#2317 = DIRECTION('',(-0.,-1.,0.));
#2318 = FACE_BOUND('',#2319,.F.);
#2319 = EDGE_LOOP('',(#2320));
#2320 = ORIENTED_EDGE('',*,*,#2321,.T.);
#2321 = EDGE_CURVE('',#2322,#2322,#2324,.T.);
#2322 = VERTEX_POINT('',#2323);
#2323 = CARTESIAN_POINT('',(113.36,-156.473,0.));
#2324 = CIRCLE('',#2325,0.508);
#2325 = AXIS2_PLACEMENT_3D('',#2326,#2327,#2328);
#2326 = CARTESIAN_POINT('',(113.36,-155.965,0.));
#2327 = DIRECTION('',(-0.,0.,-1.));
#2328 = DIRECTION('',(-0.,-1.,0.));
#2329 = FACE_BOUND('',#2330,.F.);
#2330 = EDGE_LOOP('',(#2331));
#2331 = ORIENTED_EDGE('',*,*,#2332,.T.);
#2332 = EDGE_CURVE('',#2333,#2333,#2335,.T.);
#2333 = VERTEX_POINT('',#2334);
#2334 = CARTESIAN_POINT('',(103.,-149.008,0.));
#2335 = CIRCLE('',#2336,0.508);
#2336 = AXIS2_PLACEMENT_3D('',#2337,#2338,#2339);
#2337 = CARTESIAN_POINT('',(103.,-148.5,0.));
#2338 = DIRECTION('',(-0.,0.,-1.));
#2339 = DIRECTION('',(-0.,-1.,0.));
#2340 = FACE_BOUND('',#2341,.F.);
#2341 = EDGE_LOOP('',(#2342));
#2342 = ORIENTED_EDGE('',*,*,#2343,.T.);
#2343 = EDGE_CURVE('',#2344,#2344,#2346,.T.);
#2344 = VERTEX_POINT('',#2345);
#2345 = CARTESIAN_POINT('',(105.54,-149.008,0.));
#2346 = CIRCLE('',#2347,0.508);
#2347 = AXIS2_PLACEMENT_3D('',#2348,#2349,#2350);
#2348 = CARTESIAN_POINT('',(105.54,-148.5,0.));
#2349 = DIRECTION('',(-0.,0.,-1.));
#2350 = DIRECTION('',(2.797412345512E-14,-1.,-0.));
#2351 = FACE_BOUND('',#2352,.F.);
#2352 = EDGE_LOOP('',(#2353));
#2353 = ORIENTED_EDGE('',*,*,#2354,.T.);
#2354 = EDGE_CURVE('',#2355,#2355,#2357,.T.);
#2355 = VERTEX_POINT('',#2356);
#2356 = CARTESIAN_POINT('',(108.08,-149.008,0.));
#2357 = CIRCLE('',#2358,0.508);
#2358 = AXIS2_PLACEMENT_3D('',#2359,#2360,#2361);
#2359 = CARTESIAN_POINT('',(108.08,-148.5,0.));
#2360 = DIRECTION('',(-0.,0.,-1.));
#2361 = DIRECTION('',(-0.,-1.,0.));
#2362 = FACE_BOUND('',#2363,.F.);
#2363 = EDGE_LOOP('',(#2364));
#2364 = ORIENTED_EDGE('',*,*,#2365,.T.);
#2365 = EDGE_CURVE('',#2366,#2366,#2368,.T.);
#2366 = VERTEX_POINT('',#2367);
#2367 = CARTESIAN_POINT('',(110.62,-149.008,0.));
#2368 = CIRCLE('',#2369,0.508);
#2369 = AXIS2_PLACEMENT_3D('',#2370,#2371,#2372);
#2370 = CARTESIAN_POINT('',(110.62,-148.5,0.));
#2371 = DIRECTION('',(-0.,0.,-1.));
#2372 = DIRECTION('',(-0.,-1.,0.));
#2373 = FACE_BOUND('',#2374,.F.);
#2374 = EDGE_LOOP('',(#2375));
#2375 = ORIENTED_EDGE('',*,*,#2376,.T.);
#2376 = EDGE_CURVE('',#2377,#2377,#2379,.T.);
#2377 = VERTEX_POINT('',#2378);
#2378 = CARTESIAN_POINT('',(113.16,-149.008,0.));
#2379 = CIRCLE('',#2380,0.508);
#2380 = AXIS2_PLACEMENT_3D('',#2381,#2382,#2383);
#2381 = CARTESIAN_POINT('',(113.16,-148.5,0.));
#2382 = DIRECTION('',(-0.,0.,-1.));
#2383 = DIRECTION('',(-0.,-1.,0.));
#2384 = FACE_BOUND('',#2385,.F.);
#2385 = EDGE_LOOP('',(#2386));
#2386 = ORIENTED_EDGE('',*,*,#2387,.F.);
#2387 = EDGE_CURVE('',#2388,#2388,#2390,.T.);
#2388 = VERTEX_POINT('',#2389);
#2389 = CARTESIAN_POINT('',(126.5,-150.,0.));
#2390 = CIRCLE('',#2391,1.5);
#2391 = AXIS2_PLACEMENT_3D('',#2392,#2393,#2394);
#2392 = CARTESIAN_POINT('',(125.,-150.,0.));
#2393 = DIRECTION('',(0.,0.,1.));
#2394 = DIRECTION('',(1.,0.,-0.));
#2395 = FACE_BOUND('',#2396,.F.);
#2396 = EDGE_LOOP('',(#2397));
#2397 = ORIENTED_EDGE('',*,*,#2398,.T.);
#2398 = EDGE_CURVE('',#2399,#2399,#2401,.T.);
#2399 = VERTEX_POINT('',#2400);
#2400 = CARTESIAN_POINT('',(132.,-146.99,0.));
#2401 = CIRCLE('',#2402,0.51);
#2402 = AXIS2_PLACEMENT_3D('',#2403,#2404,#2405);
#2403 = CARTESIAN_POINT('',(132.,-146.48,0.));
#2404 = DIRECTION('',(-0.,0.,-1.));
#2405 = DIRECTION('',(-0.,-1.,0.));
#2406 = FACE_BOUND('',#2407,.F.);
#2407 = EDGE_LOOP('',(#2408));
#2408 = ORIENTED_EDGE('',*,*,#2409,.T.);
#2409 = EDGE_CURVE('',#2410,#2410,#2412,.T.);
#2410 = VERTEX_POINT('',#2411);
#2411 = CARTESIAN_POINT('',(132.,-144.45,0.));
#2412 = CIRCLE('',#2413,0.51);
#2413 = AXIS2_PLACEMENT_3D('',#2414,#2415,#2416);
#2414 = CARTESIAN_POINT('',(132.,-143.94,0.));
#2415 = DIRECTION('',(-0.,0.,-1.));
#2416 = DIRECTION('',(-0.,-1.,0.));
#2417 = FACE_BOUND('',#2418,.F.);
#2418 = EDGE_LOOP('',(#2419));
#2419 = ORIENTED_EDGE('',*,*,#2420,.T.);
#2420 = EDGE_CURVE('',#2421,#2421,#2423,.T.);
#2421 = VERTEX_POINT('',#2422);
#2422 = CARTESIAN_POINT('',(102.675,-136.348,0.));
#2423 = CIRCLE('',#2424,0.508);
#2424 = AXIS2_PLACEMENT_3D('',#2425,#2426,#2427);
#2425 = CARTESIAN_POINT('',(102.675,-135.84,0.));
#2426 = DIRECTION('',(-0.,0.,-1.));
#2427 = DIRECTION('',(-2.797412345512E-14,-1.,0.));
#2428 = FACE_BOUND('',#2429,.F.);
#2429 = EDGE_LOOP('',(#2430));
#2430 = ORIENTED_EDGE('',*,*,#2431,.T.);
#2431 = EDGE_CURVE('',#2432,#2432,#2434,.T.);
#2432 = VERTEX_POINT('',#2433);
#2433 = CARTESIAN_POINT('',(102.675,-133.808,0.));
#2434 = CIRCLE('',#2435,0.508);
#2435 = AXIS2_PLACEMENT_3D('',#2436,#2437,#2438);
#2436 = CARTESIAN_POINT('',(102.675,-133.3,0.));
#2437 = DIRECTION('',(-0.,0.,-1.));
#2438 = DIRECTION('',(-2.797412345512E-14,-1.,0.));
#2439 = FACE_BOUND('',#2440,.F.);
#2440 = EDGE_LOOP('',(#2441));
#2441 = ORIENTED_EDGE('',*,*,#2442,.T.);
#2442 = EDGE_CURVE('',#2443,#2443,#2445,.T.);
#2443 = VERTEX_POINT('',#2444);
#2444 = CARTESIAN_POINT('',(102.675,-131.268,0.));
#2445 = CIRCLE('',#2446,0.508);
#2446 = AXIS2_PLACEMENT_3D('',#2447,#2448,#2449);
#2447 = CARTESIAN_POINT('',(102.675,-130.76,0.));
#2448 = DIRECTION('',(-0.,0.,-1.));
#2449 = DIRECTION('',(-2.797412345512E-14,-1.,0.));
#2450 = FACE_BOUND('',#2451,.F.);
#2451 = EDGE_LOOP('',(#2452));
#2452 = ORIENTED_EDGE('',*,*,#2453,.T.);
#2453 = EDGE_CURVE('',#2454,#2454,#2456,.T.);
#2454 = VERTEX_POINT('',#2455);
#2455 = CARTESIAN_POINT('',(132.,-141.91,0.));
#2456 = CIRCLE('',#2457,0.51);
#2457 = AXIS2_PLACEMENT_3D('',#2458,#2459,#2460);
#2458 = CARTESIAN_POINT('',(132.,-141.4,0.));
#2459 = DIRECTION('',(-0.,0.,-1.));
#2460 = DIRECTION('',(-0.,-1.,0.));
#2461 = FACE_BOUND('',#2462,.F.);
#2462 = EDGE_LOOP('',(#2463));
#2463 = ORIENTED_EDGE('',*,*,#2464,.T.);
#2464 = EDGE_CURVE('',#2465,#2465,#2467,.T.);
#2465 = VERTEX_POINT('',#2466);
#2466 = CARTESIAN_POINT('',(132.,-139.37,0.));
#2467 = CIRCLE('',#2468,0.51);
#2468 = AXIS2_PLACEMENT_3D('',#2469,#2470,#2471);
#2469 = CARTESIAN_POINT('',(132.,-138.86,0.));
#2470 = DIRECTION('',(-0.,0.,-1.));
#2471 = DIRECTION('',(-0.,-1.,0.));
#2472 = FACE_BOUND('',#2473,.F.);
#2473 = EDGE_LOOP('',(#2474));
#2474 = ORIENTED_EDGE('',*,*,#2475,.T.);
#2475 = EDGE_CURVE('',#2476,#2476,#2478,.T.);
#2476 = VERTEX_POINT('',#2477);
#2477 = CARTESIAN_POINT('',(132.,-136.83,0.));
#2478 = CIRCLE('',#2479,0.51);
#2479 = AXIS2_PLACEMENT_3D('',#2480,#2481,#2482);
#2480 = CARTESIAN_POINT('',(132.,-136.32,0.));
#2481 = DIRECTION('',(-0.,0.,-1.));
#2482 = DIRECTION('',(-0.,-1.,0.));
#2483 = FACE_BOUND('',#2484,.F.);
#2484 = EDGE_LOOP('',(#2485));
#2485 = ORIENTED_EDGE('',*,*,#2486,.T.);
#2486 = EDGE_CURVE('',#2487,#2487,#2489,.T.);
#2487 = VERTEX_POINT('',#2488);
#2488 = CARTESIAN_POINT('',(137.94,-142.43,0.));
#2489 = CIRCLE('',#2490,0.635);
#2490 = AXIS2_PLACEMENT_3D('',#2491,#2492,#2493);
#2491 = CARTESIAN_POINT('',(137.94,-141.795,0.));
#2492 = DIRECTION('',(-0.,0.,-1.));
#2493 = DIRECTION('',(-0.,-1.,0.));
#2494 = FACE_BOUND('',#2495,.F.);
#2495 = EDGE_LOOP('',(#2496));
#2496 = ORIENTED_EDGE('',*,*,#2497,.T.);
#2497 = EDGE_CURVE('',#2498,#2498,#2500,.T.);
#2498 = VERTEX_POINT('',#2499);
#2499 = CARTESIAN_POINT('',(137.94,-139.89,0.));
#2500 = CIRCLE('',#2501,0.635);
#2501 = AXIS2_PLACEMENT_3D('',#2502,#2503,#2504);
#2502 = CARTESIAN_POINT('',(137.94,-139.255,0.));
#2503 = DIRECTION('',(-0.,0.,-1.));
#2504 = DIRECTION('',(-0.,-1.,0.));
#2505 = FACE_BOUND('',#2506,.F.);
#2506 = EDGE_LOOP('',(#2507));
#2507 = ORIENTED_EDGE('',*,*,#2508,.T.);
#2508 = EDGE_CURVE('',#2509,#2509,#2511,.T.);
#2509 = VERTEX_POINT('',#2510);
#2510 = CARTESIAN_POINT('',(137.94,-137.35,0.));
#2511 = CIRCLE('',#2512,0.635);
#2512 = AXIS2_PLACEMENT_3D('',#2513,#2514,#2515);
#2513 = CARTESIAN_POINT('',(137.94,-136.715,0.));
#2514 = DIRECTION('',(-0.,0.,-1.));
#2515 = DIRECTION('',(-0.,-1.,0.));
#2516 = FACE_BOUND('',#2517,.F.);
#2517 = EDGE_LOOP('',(#2518));
#2518 = ORIENTED_EDGE('',*,*,#2519,.T.);
#2519 = EDGE_CURVE('',#2520,#2520,#2522,.T.);
#2520 = VERTEX_POINT('',#2521);
#2521 = CARTESIAN_POINT('',(132.,-134.29,0.));
#2522 = CIRCLE('',#2523,0.51);
#2523 = AXIS2_PLACEMENT_3D('',#2524,#2525,#2526);
#2524 = CARTESIAN_POINT('',(132.,-133.78,0.));
#2525 = DIRECTION('',(-0.,0.,-1.));
#2526 = DIRECTION('',(-0.,-1.,0.));
#2527 = FACE_BOUND('',#2528,.F.);
#2528 = EDGE_LOOP('',(#2529));
#2529 = ORIENTED_EDGE('',*,*,#2530,.T.);
#2530 = EDGE_CURVE('',#2531,#2531,#2533,.T.);
#2531 = VERTEX_POINT('',#2532);
#2532 = CARTESIAN_POINT('',(132.,-131.75,0.));
#2533 = CIRCLE('',#2534,0.51);
#2534 = AXIS2_PLACEMENT_3D('',#2535,#2536,#2537);
#2535 = CARTESIAN_POINT('',(132.,-131.24,0.));
#2536 = DIRECTION('',(-0.,0.,-1.));
#2537 = DIRECTION('',(-0.,-1.,0.));
#2538 = FACE_BOUND('',#2539,.F.);
#2539 = EDGE_LOOP('',(#2540));
#2540 = ORIENTED_EDGE('',*,*,#2541,.T.);
#2541 = EDGE_CURVE('',#2542,#2542,#2544,.T.);
#2542 = VERTEX_POINT('',#2543);
#2543 = CARTESIAN_POINT('',(137.94,-134.81,0.));
#2544 = CIRCLE('',#2545,0.635);
#2545 = AXIS2_PLACEMENT_3D('',#2546,#2547,#2548);
#2546 = CARTESIAN_POINT('',(137.94,-134.175,0.));
#2547 = DIRECTION('',(-0.,0.,-1.));
#2548 = DIRECTION('',(-0.,-1.,0.));
#2549 = FACE_BOUND('',#2550,.F.);
#2550 = EDGE_LOOP('',(#2551));
#2551 = ORIENTED_EDGE('',*,*,#2552,.T.);
#2552 = EDGE_CURVE('',#2553,#2553,#2555,.T.);
#2553 = VERTEX_POINT('',#2554);
#2554 = CARTESIAN_POINT('',(137.94,-132.27,0.));
#2555 = CIRCLE('',#2556,0.635);
#2556 = AXIS2_PLACEMENT_3D('',#2557,#2558,#2559);
#2557 = CARTESIAN_POINT('',(137.94,-131.635,0.));
#2558 = DIRECTION('',(-0.,0.,-1.));
#2559 = DIRECTION('',(-0.,-1.,0.));
#2560 = FACE_BOUND('',#2561,.F.);
#2561 = EDGE_LOOP('',(#2562));
#2562 = ORIENTED_EDGE('',*,*,#2563,.T.);
#2563 = EDGE_CURVE('',#2564,#2564,#2566,.T.);
#2564 = VERTEX_POINT('',#2565);
#2565 = CARTESIAN_POINT('',(137.94,-129.73,0.));
#2566 = CIRCLE('',#2567,0.635);
#2567 = AXIS2_PLACEMENT_3D('',#2568,#2569,#2570);
#2568 = CARTESIAN_POINT('',(137.94,-129.095,0.));
#2569 = DIRECTION('',(-0.,0.,-1.));
#2570 = DIRECTION('',(-0.,-1.,0.));
#2571 = FACE_BOUND('',#2572,.F.);
#2572 = EDGE_LOOP('',(#2573));
#2573 = ORIENTED_EDGE('',*,*,#2574,.T.);
#2574 = EDGE_CURVE('',#2575,#2575,#2577,.T.);
#2575 = VERTEX_POINT('',#2576);
#2576 = CARTESIAN_POINT('',(157.4,-146.99,0.));
#2577 = CIRCLE('',#2578,0.51);
#2578 = AXIS2_PLACEMENT_3D('',#2579,#2580,#2581);
#2579 = CARTESIAN_POINT('',(157.4,-146.48,0.));
#2580 = DIRECTION('',(-0.,0.,-1.));
#2581 = DIRECTION('',(5.57288420204E-14,-1.,-0.));
#2582 = FACE_BOUND('',#2583,.F.);
#2583 = EDGE_LOOP('',(#2584));
#2584 = ORIENTED_EDGE('',*,*,#2585,.T.);
#2585 = EDGE_CURVE('',#2586,#2586,#2588,.T.);
#2586 = VERTEX_POINT('',#2587);
#2587 = CARTESIAN_POINT('',(165.2,-146.85,0.));
#2588 = CIRCLE('',#2589,0.4);
#2589 = AXIS2_PLACEMENT_3D('',#2590,#2591,#2592);
#2590 = CARTESIAN_POINT('',(165.2,-146.45,0.));
#2591 = DIRECTION('',(-0.,0.,-1.));
#2592 = DIRECTION('',(-0.,-1.,0.));
#2593 = FACE_BOUND('',#2594,.F.);
#2594 = EDGE_LOOP('',(#2595));
#2595 = ORIENTED_EDGE('',*,*,#2596,.T.);
#2596 = EDGE_CURVE('',#2597,#2597,#2599,.T.);
#2597 = VERTEX_POINT('',#2598);
#2598 = CARTESIAN_POINT('',(157.4,-144.45,0.));
#2599 = CIRCLE('',#2600,0.51);
#2600 = AXIS2_PLACEMENT_3D('',#2601,#2602,#2603);
#2601 = CARTESIAN_POINT('',(157.4,-143.94,0.));
#2602 = DIRECTION('',(-0.,0.,-1.));
#2603 = DIRECTION('',(5.57288420204E-14,-1.,-0.));
#2604 = FACE_BOUND('',#2605,.F.);
#2605 = EDGE_LOOP('',(#2606));
#2606 = ORIENTED_EDGE('',*,*,#2607,.T.);
#2607 = EDGE_CURVE('',#2608,#2608,#2610,.T.);
#2608 = VERTEX_POINT('',#2609);
#2609 = CARTESIAN_POINT('',(176.2,-156.473,0.));
#2610 = CIRCLE('',#2611,0.508);
#2611 = AXIS2_PLACEMENT_3D('',#2612,#2613,#2614);
#2612 = CARTESIAN_POINT('',(176.2,-155.965,0.));
#2613 = DIRECTION('',(-0.,0.,-1.));
#2614 = DIRECTION('',(-0.,-1.,0.));
#2615 = FACE_BOUND('',#2616,.F.);
#2616 = EDGE_LOOP('',(#2617));
#2617 = ORIENTED_EDGE('',*,*,#2618,.F.);
#2618 = EDGE_CURVE('',#2619,#2619,#2621,.T.);
#2619 = VERTEX_POINT('',#2620);
#2620 = CARTESIAN_POINT('',(173.5,-152.,0.));
#2621 = CIRCLE('',#2622,1.5);
#2622 = AXIS2_PLACEMENT_3D('',#2623,#2624,#2625);
#2623 = CARTESIAN_POINT('',(172.,-152.,0.));
#2624 = DIRECTION('',(0.,0.,1.));
#2625 = DIRECTION('',(1.,0.,-0.));
#2626 = FACE_BOUND('',#2627,.F.);
#2627 = EDGE_LOOP('',(#2628));
#2628 = ORIENTED_EDGE('',*,*,#2629,.T.);
#2629 = EDGE_CURVE('',#2630,#2630,#2632,.T.);
#2630 = VERTEX_POINT('',#2631);
#2631 = CARTESIAN_POINT('',(178.74,-156.473,0.));
#2632 = CIRCLE('',#2633,0.508);
#2633 = AXIS2_PLACEMENT_3D('',#2634,#2635,#2636);
#2634 = CARTESIAN_POINT('',(178.74,-155.965,0.));
#2635 = DIRECTION('',(-0.,0.,-1.));
#2636 = DIRECTION('',(-0.,-1.,0.));
#2637 = FACE_BOUND('',#2638,.F.);
#2638 = EDGE_LOOP('',(#2639));
#2639 = ORIENTED_EDGE('',*,*,#2640,.T.);
#2640 = EDGE_CURVE('',#2641,#2641,#2643,.T.);
#2641 = VERTEX_POINT('',#2642);
#2642 = CARTESIAN_POINT('',(181.28,-156.473,0.));
#2643 = CIRCLE('',#2644,0.508);
#2644 = AXIS2_PLACEMENT_3D('',#2645,#2646,#2647);
#2645 = CARTESIAN_POINT('',(181.28,-155.965,0.));
#2646 = DIRECTION('',(-0.,0.,-1.));
#2647 = DIRECTION('',(-0.,-1.,0.));
#2648 = FACE_BOUND('',#2649,.F.);
#2649 = EDGE_LOOP('',(#2650));
#2650 = ORIENTED_EDGE('',*,*,#2651,.T.);
#2651 = EDGE_CURVE('',#2652,#2652,#2654,.T.);
#2652 = VERTEX_POINT('',#2653);
#2653 = CARTESIAN_POINT('',(183.82,-156.473,0.));
#2654 = CIRCLE('',#2655,0.508);
#2655 = AXIS2_PLACEMENT_3D('',#2656,#2657,#2658);
#2656 = CARTESIAN_POINT('',(183.82,-155.965,0.));
#2657 = DIRECTION('',(-0.,0.,-1.));
#2658 = DIRECTION('',(-0.,-1.,0.));
#2659 = FACE_BOUND('',#2660,.F.);
#2660 = EDGE_LOOP('',(#2661));
#2661 = ORIENTED_EDGE('',*,*,#2662,.T.);
#2662 = EDGE_CURVE('',#2663,#2663,#2665,.T.);
#2663 = VERTEX_POINT('',#2664);
#2664 = CARTESIAN_POINT('',(186.36,-156.473,0.));
#2665 = CIRCLE('',#2666,0.508);
#2666 = AXIS2_PLACEMENT_3D('',#2667,#2668,#2669);
#2667 = CARTESIAN_POINT('',(186.36,-155.965,0.));
#2668 = DIRECTION('',(-0.,0.,-1.));
#2669 = DIRECTION('',(-0.,-1.,0.));
#2670 = FACE_BOUND('',#2671,.F.);
#2671 = EDGE_LOOP('',(#2672));
#2672 = ORIENTED_EDGE('',*,*,#2673,.T.);
#2673 = EDGE_CURVE('',#2674,#2674,#2676,.T.);
#2674 = VERTEX_POINT('',#2675);
#2675 = CARTESIAN_POINT('',(181.7,-150.615,0.));
#2676 = CIRCLE('',#2677,0.65);
#2677 = AXIS2_PLACEMENT_3D('',#2678,#2679,#2680);
#2678 = CARTESIAN_POINT('',(181.7,-149.965,0.));
#2679 = DIRECTION('',(-0.,0.,-1.));
#2680 = DIRECTION('',(-0.,-1.,0.));
#2681 = FACE_BOUND('',#2682,.F.);
#2682 = EDGE_LOOP('',(#2683));
#2683 = ORIENTED_EDGE('',*,*,#2684,.T.);
#2684 = EDGE_CURVE('',#2685,#2685,#2687,.T.);
#2685 = VERTEX_POINT('',#2686);
#2686 = CARTESIAN_POINT('',(181.7,-145.615,0.));
#2687 = CIRCLE('',#2688,0.65);
#2688 = AXIS2_PLACEMENT_3D('',#2689,#2690,#2691);
#2689 = CARTESIAN_POINT('',(181.7,-144.965,0.));
#2690 = DIRECTION('',(-0.,0.,-1.));
#2691 = DIRECTION('',(-0.,-1.,0.));
#2692 = FACE_BOUND('',#2693,.F.);
#2693 = EDGE_LOOP('',(#2694));
#2694 = ORIENTED_EDGE('',*,*,#2695,.T.);
#2695 = EDGE_CURVE('',#2696,#2696,#2698,.T.);
#2696 = VERTEX_POINT('',#2697);
#2697 = CARTESIAN_POINT('',(157.4,-141.91,0.));
#2698 = CIRCLE('',#2699,0.51);
#2699 = AXIS2_PLACEMENT_3D('',#2700,#2701,#2702);
#2700 = CARTESIAN_POINT('',(157.4,-141.4,0.));
#2701 = DIRECTION('',(-0.,0.,-1.));
#2702 = DIRECTION('',(5.57288420204E-14,-1.,-0.));
#2703 = FACE_BOUND('',#2704,.F.);
#2704 = EDGE_LOOP('',(#2705));
#2705 = ORIENTED_EDGE('',*,*,#2706,.T.);
#2706 = EDGE_CURVE('',#2707,#2707,#2709,.T.);
#2707 = VERTEX_POINT('',#2708);
#2708 = CARTESIAN_POINT('',(157.4,-139.37,0.));
#2709 = CIRCLE('',#2710,0.51);
#2710 = AXIS2_PLACEMENT_3D('',#2711,#2712,#2713);
#2711 = CARTESIAN_POINT('',(157.4,-138.86,0.));
#2712 = DIRECTION('',(-0.,0.,-1.));
#2713 = DIRECTION('',(5.57288420204E-14,-1.,-0.));
#2714 = FACE_BOUND('',#2715,.F.);
#2715 = EDGE_LOOP('',(#2716));
#2716 = ORIENTED_EDGE('',*,*,#2717,.T.);
#2717 = EDGE_CURVE('',#2718,#2718,#2720,.T.);
#2718 = VERTEX_POINT('',#2719);
#2719 = CARTESIAN_POINT('',(157.4,-136.83,0.));
#2720 = CIRCLE('',#2721,0.51);
#2721 = AXIS2_PLACEMENT_3D('',#2722,#2723,#2724);
#2722 = CARTESIAN_POINT('',(157.4,-136.32,0.));
#2723 = DIRECTION('',(-0.,0.,-1.));
#2724 = DIRECTION('',(5.57288420204E-14,-1.,-0.));
#2725 = FACE_BOUND('',#2726,.F.);
#2726 = EDGE_LOOP('',(#2727));
#2727 = ORIENTED_EDGE('',*,*,#2728,.T.);
#2728 = EDGE_CURVE('',#2729,#2729,#2731,.T.);
#2729 = VERTEX_POINT('',#2730);
#2730 = CARTESIAN_POINT('',(157.4,-134.29,0.));
#2731 = CIRCLE('',#2732,0.51);
#2732 = AXIS2_PLACEMENT_3D('',#2733,#2734,#2735);
#2733 = CARTESIAN_POINT('',(157.4,-133.78,0.));
#2734 = DIRECTION('',(-0.,0.,-1.));
#2735 = DIRECTION('',(5.57288420204E-14,-1.,-0.));
#2736 = FACE_BOUND('',#2737,.F.);
#2737 = EDGE_LOOP('',(#2738));
#2738 = ORIENTED_EDGE('',*,*,#2739,.T.);
#2739 = EDGE_CURVE('',#2740,#2740,#2742,.T.);
#2740 = VERTEX_POINT('',#2741);
#2741 = CARTESIAN_POINT('',(157.4,-131.75,0.));
#2742 = CIRCLE('',#2743,0.51);
#2743 = AXIS2_PLACEMENT_3D('',#2744,#2745,#2746);
#2744 = CARTESIAN_POINT('',(157.4,-131.24,0.));
#2745 = DIRECTION('',(-0.,0.,-1.));
#2746 = DIRECTION('',(5.57288420204E-14,-1.,-0.));
#2747 = FACE_BOUND('',#2748,.F.);
#2748 = EDGE_LOOP('',(#2749));
#2749 = ORIENTED_EDGE('',*,*,#2750,.T.);
#2750 = EDGE_CURVE('',#2751,#2751,#2753,.T.);
#2751 = VERTEX_POINT('',#2752);
#2752 = CARTESIAN_POINT('',(181.7,-140.615,0.));
#2753 = CIRCLE('',#2754,0.65);
#2754 = AXIS2_PLACEMENT_3D('',#2755,#2756,#2757);
#2755 = CARTESIAN_POINT('',(181.7,-139.965,0.));
#2756 = DIRECTION('',(-0.,0.,-1.));
#2757 = DIRECTION('',(-0.,-1.,0.));
#2758 = FACE_BOUND('',#2759,.F.);
#2759 = EDGE_LOOP('',(#2760));
#2760 = ORIENTED_EDGE('',*,*,#2761,.T.);
#2761 = EDGE_CURVE('',#2762,#2762,#2764,.T.);
#2762 = VERTEX_POINT('',#2763);
#2763 = CARTESIAN_POINT('',(181.5375,-133.115,0.));
#2764 = CIRCLE('',#2765,0.65);
#2765 = AXIS2_PLACEMENT_3D('',#2766,#2767,#2768);
#2766 = CARTESIAN_POINT('',(181.5375,-132.465,0.));
#2767 = DIRECTION('',(-0.,0.,-1.));
#2768 = DIRECTION('',(-0.,-1.,0.));
#2769 = FACE_BOUND('',#2770,.F.);
#2770 = EDGE_LOOP('',(#2771));
#2771 = ORIENTED_EDGE('',*,*,#2772,.T.);
#2772 = EDGE_CURVE('',#2773,#2773,#2775,.T.);
#2773 = VERTEX_POINT('',#2774);
#2774 = CARTESIAN_POINT('',(102.675,-128.728,0.));
#2775 = CIRCLE('',#2776,0.508);
#2776 = AXIS2_PLACEMENT_3D('',#2777,#2778,#2779);
#2777 = CARTESIAN_POINT('',(102.675,-128.22,0.));
#2778 = DIRECTION('',(-0.,0.,-1.));
#2779 = DIRECTION('',(-2.797412345512E-14,-1.,0.));
#2780 = FACE_BOUND('',#2781,.F.);
#2781 = EDGE_LOOP('',(#2782));
#2782 = ORIENTED_EDGE('',*,*,#2783,.T.);
#2783 = EDGE_CURVE('',#2784,#2784,#2786,.T.);
#2784 = VERTEX_POINT('',#2785);
#2785 = CARTESIAN_POINT('',(102.675,-126.188,0.));
#2786 = CIRCLE('',#2787,0.508);
#2787 = AXIS2_PLACEMENT_3D('',#2788,#2789,#2790);
#2788 = CARTESIAN_POINT('',(102.675,-125.68,0.));
#2789 = DIRECTION('',(-0.,0.,-1.));
#2790 = DIRECTION('',(-2.797412345512E-14,-1.,0.));
#2791 = FACE_BOUND('',#2792,.F.);
#2792 = EDGE_LOOP('',(#2793));
#2793 = ORIENTED_EDGE('',*,*,#2794,.T.);
#2794 = EDGE_CURVE('',#2795,#2795,#2797,.T.);
#2795 = VERTEX_POINT('',#2796);
#2796 = CARTESIAN_POINT('',(102.16,-120.29,0.));
#2797 = CIRCLE('',#2798,0.4);
#2798 = AXIS2_PLACEMENT_3D('',#2799,#2800,#2801);
#2799 = CARTESIAN_POINT('',(102.16,-119.89,0.));
#2800 = DIRECTION('',(-0.,0.,-1.));
#2801 = DIRECTION('',(-0.,-1.,0.));
#2802 = FACE_BOUND('',#2803,.F.);
#2803 = EDGE_LOOP('',(#2804));
#2804 = ORIENTED_EDGE('',*,*,#2805,.T.);
#2805 = EDGE_CURVE('',#2806,#2806,#2808,.T.);
#2806 = VERTEX_POINT('',#2807);
#2807 = CARTESIAN_POINT('',(102.16,-117.75,0.));
#2808 = CIRCLE('',#2809,0.4);
#2809 = AXIS2_PLACEMENT_3D('',#2810,#2811,#2812);
#2810 = CARTESIAN_POINT('',(102.16,-117.35,0.));
#2811 = DIRECTION('',(-0.,0.,-1.));
#2812 = DIRECTION('',(-0.,-1.,0.));
#2813 = FACE_BOUND('',#2814,.F.);
#2814 = EDGE_LOOP('',(#2815));
#2815 = ORIENTED_EDGE('',*,*,#2816,.T.);
#2816 = EDGE_CURVE('',#2817,#2817,#2819,.T.);
#2817 = VERTEX_POINT('',#2818);
#2818 = CARTESIAN_POINT('',(109.315,-116.54,0.));
#2819 = CIRCLE('',#2820,0.51);
#2820 = AXIS2_PLACEMENT_3D('',#2821,#2822,#2823);
#2821 = CARTESIAN_POINT('',(109.315,-116.03,0.));
#2822 = DIRECTION('',(-0.,0.,-1.));
#2823 = DIRECTION('',(-0.,-1.,0.));
#2824 = FACE_BOUND('',#2825,.F.);
#2825 = EDGE_LOOP('',(#2826));
#2826 = ORIENTED_EDGE('',*,*,#2827,.T.);
#2827 = EDGE_CURVE('',#2828,#2828,#2830,.T.);
#2828 = VERTEX_POINT('',#2829);
#2829 = CARTESIAN_POINT('',(114.86,-120.29,0.));
#2830 = CIRCLE('',#2831,0.4);
#2831 = AXIS2_PLACEMENT_3D('',#2832,#2833,#2834);
#2832 = CARTESIAN_POINT('',(114.86,-119.89,0.));
#2833 = DIRECTION('',(-0.,0.,-1.));
#2834 = DIRECTION('',(-0.,-1.,0.));
#2835 = FACE_BOUND('',#2836,.F.);
#2836 = EDGE_LOOP('',(#2837));
#2837 = ORIENTED_EDGE('',*,*,#2838,.T.);
#2838 = EDGE_CURVE('',#2839,#2839,#2841,.T.);
#2839 = VERTEX_POINT('',#2840);
#2840 = CARTESIAN_POINT('',(114.86,-117.75,0.));
#2841 = CIRCLE('',#2842,0.4);
#2842 = AXIS2_PLACEMENT_3D('',#2843,#2844,#2845);
#2843 = CARTESIAN_POINT('',(114.86,-117.35,0.));
#2844 = DIRECTION('',(-0.,0.,-1.));
#2845 = DIRECTION('',(-0.,-1.,0.));
#2846 = FACE_BOUND('',#2847,.F.);
#2847 = EDGE_LOOP('',(#2848));
#2848 = ORIENTED_EDGE('',*,*,#2849,.T.);
#2849 = EDGE_CURVE('',#2850,#2850,#2852,.T.);
#2850 = VERTEX_POINT('',#2851);
#2851 = CARTESIAN_POINT('',(132.,-129.21,0.));
#2852 = CIRCLE('',#2853,0.51);
#2853 = AXIS2_PLACEMENT_3D('',#2854,#2855,#2856);
#2854 = CARTESIAN_POINT('',(132.,-128.7,0.));
#2855 = DIRECTION('',(-0.,0.,-1.));
#2856 = DIRECTION('',(-0.,-1.,0.));
#2857 = FACE_BOUND('',#2858,.F.);
#2858 = EDGE_LOOP('',(#2859));
#2859 = ORIENTED_EDGE('',*,*,#2860,.T.);
#2860 = EDGE_CURVE('',#2861,#2861,#2863,.T.);
#2861 = VERTEX_POINT('',#2862);
#2862 = CARTESIAN_POINT('',(132.,-126.67,0.));
#2863 = CIRCLE('',#2864,0.51);
#2864 = AXIS2_PLACEMENT_3D('',#2865,#2866,#2867);
#2865 = CARTESIAN_POINT('',(132.,-126.16,0.));
#2866 = DIRECTION('',(-0.,0.,-1.));
#2867 = DIRECTION('',(-0.,-1.,0.));
#2868 = FACE_BOUND('',#2869,.F.);
#2869 = EDGE_LOOP('',(#2870));
#2870 = ORIENTED_EDGE('',*,*,#2871,.T.);
#2871 = EDGE_CURVE('',#2872,#2872,#2874,.T.);
#2872 = VERTEX_POINT('',#2873);
#2873 = CARTESIAN_POINT('',(132.,-124.13,0.));
#2874 = CIRCLE('',#2875,0.51);
#2875 = AXIS2_PLACEMENT_3D('',#2876,#2877,#2878);
#2876 = CARTESIAN_POINT('',(132.,-123.62,0.));
#2877 = DIRECTION('',(-0.,0.,-1.));
#2878 = DIRECTION('',(-0.,-1.,0.));
#2879 = FACE_BOUND('',#2880,.F.);
#2880 = EDGE_LOOP('',(#2881));
#2881 = ORIENTED_EDGE('',*,*,#2882,.T.);
#2882 = EDGE_CURVE('',#2883,#2883,#2885,.T.);
#2883 = VERTEX_POINT('',#2884);
#2884 = CARTESIAN_POINT('',(137.94,-127.19,0.));
#2885 = CIRCLE('',#2886,0.635);
#2886 = AXIS2_PLACEMENT_3D('',#2887,#2888,#2889);
#2887 = CARTESIAN_POINT('',(137.94,-126.555,0.));
#2888 = DIRECTION('',(-0.,0.,-1.));
#2889 = DIRECTION('',(-0.,-1.,0.));
#2890 = FACE_BOUND('',#2891,.F.);
#2891 = EDGE_LOOP('',(#2892));
#2892 = ORIENTED_EDGE('',*,*,#2893,.T.);
#2893 = EDGE_CURVE('',#2894,#2894,#2896,.T.);
#2894 = VERTEX_POINT('',#2895);
#2895 = CARTESIAN_POINT('',(137.94,-124.65,0.));
#2896 = CIRCLE('',#2897,0.635);
#2897 = AXIS2_PLACEMENT_3D('',#2898,#2899,#2900);
#2898 = CARTESIAN_POINT('',(137.94,-124.015,0.));
#2899 = DIRECTION('',(-0.,0.,-1.));
#2900 = DIRECTION('',(-0.,-1.,0.));
#2901 = FACE_BOUND('',#2902,.F.);
#2902 = EDGE_LOOP('',(#2903));
#2903 = ORIENTED_EDGE('',*,*,#2904,.F.);
#2904 = EDGE_CURVE('',#2905,#2905,#2907,.T.);
#2905 = VERTEX_POINT('',#2906);
#2906 = CARTESIAN_POINT('',(126.5,-122.,0.));
#2907 = CIRCLE('',#2908,1.5);
#2908 = AXIS2_PLACEMENT_3D('',#2909,#2910,#2911);
#2909 = CARTESIAN_POINT('',(125.,-122.,0.));
#2910 = DIRECTION('',(0.,0.,1.));
#2911 = DIRECTION('',(1.,0.,-0.));
#2912 = FACE_BOUND('',#2913,.F.);
#2913 = EDGE_LOOP('',(#2914));
#2914 = ORIENTED_EDGE('',*,*,#2915,.T.);
#2915 = EDGE_CURVE('',#2916,#2916,#2918,.T.);
#2916 = VERTEX_POINT('',#2917);
#2917 = CARTESIAN_POINT('',(132.,-121.59,0.));
#2918 = CIRCLE('',#2919,0.51);
#2919 = AXIS2_PLACEMENT_3D('',#2920,#2921,#2922);
#2920 = CARTESIAN_POINT('',(132.,-121.08,0.));
#2921 = DIRECTION('',(-0.,0.,-1.));
#2922 = DIRECTION('',(-0.,-1.,0.));
#2923 = FACE_BOUND('',#2924,.F.);
#2924 = EDGE_LOOP('',(#2925));
#2925 = ORIENTED_EDGE('',*,*,#2926,.T.);
#2926 = EDGE_CURVE('',#2927,#2927,#2929,.T.);
#2927 = VERTEX_POINT('',#2928);
#2928 = CARTESIAN_POINT('',(132.,-119.05,0.));
#2929 = CIRCLE('',#2930,0.51);
#2930 = AXIS2_PLACEMENT_3D('',#2931,#2932,#2933);
#2931 = CARTESIAN_POINT('',(132.,-118.54,0.));
#2932 = DIRECTION('',(-0.,0.,-1.));
#2933 = DIRECTION('',(-0.,-1.,0.));
#2934 = FACE_BOUND('',#2935,.F.);
#2935 = EDGE_LOOP('',(#2936));
#2936 = ORIENTED_EDGE('',*,*,#2937,.T.);
#2937 = EDGE_CURVE('',#2938,#2938,#2940,.T.);
#2938 = VERTEX_POINT('',#2939);
#2939 = CARTESIAN_POINT('',(132.,-116.51,0.));
#2940 = CIRCLE('',#2941,0.51);
#2941 = AXIS2_PLACEMENT_3D('',#2942,#2943,#2944);
#2942 = CARTESIAN_POINT('',(132.,-116.,0.));
#2943 = DIRECTION('',(-0.,0.,-1.));
#2944 = DIRECTION('',(-0.,-1.,0.));
#2945 = FACE_BOUND('',#2946,.F.);
#2946 = EDGE_LOOP('',(#2947));
#2947 = ORIENTED_EDGE('',*,*,#2948,.T.);
#2948 = EDGE_CURVE('',#2949,#2949,#2951,.T.);
#2949 = VERTEX_POINT('',#2950);
#2950 = CARTESIAN_POINT('',(102.16,-115.21,0.));
#2951 = CIRCLE('',#2952,0.4);
#2952 = AXIS2_PLACEMENT_3D('',#2953,#2954,#2955);
#2953 = CARTESIAN_POINT('',(102.16,-114.81,0.));
#2954 = DIRECTION('',(-0.,0.,-1.));
#2955 = DIRECTION('',(-0.,-1.,0.));
#2956 = FACE_BOUND('',#2957,.F.);
#2957 = EDGE_LOOP('',(#2958));
#2958 = ORIENTED_EDGE('',*,*,#2959,.T.);
#2959 = EDGE_CURVE('',#2960,#2960,#2962,.T.);
#2960 = VERTEX_POINT('',#2961);
#2961 = CARTESIAN_POINT('',(102.16,-112.67,0.));
#2962 = CIRCLE('',#2963,0.4);
#2963 = AXIS2_PLACEMENT_3D('',#2964,#2965,#2966);
#2964 = CARTESIAN_POINT('',(102.16,-112.27,0.));
#2965 = DIRECTION('',(-0.,0.,-1.));
#2966 = DIRECTION('',(-0.,-1.,0.));
#2967 = FACE_BOUND('',#2968,.F.);
#2968 = EDGE_LOOP('',(#2969));
#2969 = ORIENTED_EDGE('',*,*,#2970,.T.);
#2970 = EDGE_CURVE('',#2971,#2971,#2973,.T.);
#2971 = VERTEX_POINT('',#2972);
#2972 = CARTESIAN_POINT('',(109.315,-114.,0.));
#2973 = CIRCLE('',#2974,0.51);
#2974 = AXIS2_PLACEMENT_3D('',#2975,#2976,#2977);
#2975 = CARTESIAN_POINT('',(109.315,-113.49,0.));
#2976 = DIRECTION('',(-0.,0.,-1.));
#2977 = DIRECTION('',(-0.,-1.,0.));
#2978 = FACE_BOUND('',#2979,.F.);
#2979 = EDGE_LOOP('',(#2980));
#2980 = ORIENTED_EDGE('',*,*,#2981,.T.);
#2981 = EDGE_CURVE('',#2982,#2982,#2984,.T.);
#2982 = VERTEX_POINT('',#2983);
#2983 = CARTESIAN_POINT('',(102.16,-110.13,0.));
#2984 = CIRCLE('',#2985,0.4);
#2985 = AXIS2_PLACEMENT_3D('',#2986,#2987,#2988);
#2986 = CARTESIAN_POINT('',(102.16,-109.73,0.));
#2987 = DIRECTION('',(-0.,0.,-1.));
#2988 = DIRECTION('',(-0.,-1.,0.));
#2989 = FACE_BOUND('',#2990,.F.);
#2990 = EDGE_LOOP('',(#2991));
#2991 = ORIENTED_EDGE('',*,*,#2992,.T.);
#2992 = EDGE_CURVE('',#2993,#2993,#2995,.T.);
#2993 = VERTEX_POINT('',#2994);
#2994 = CARTESIAN_POINT('',(109.315,-111.46,0.));
#2995 = CIRCLE('',#2996,0.51);
#2996 = AXIS2_PLACEMENT_3D('',#2997,#2998,#2999);
#2997 = CARTESIAN_POINT('',(109.315,-110.95,0.));
#2998 = DIRECTION('',(-0.,0.,-1.));
#2999 = DIRECTION('',(-0.,-1.,0.));
#3000 = FACE_BOUND('',#3001,.F.);
#3001 = EDGE_LOOP('',(#3002));
#3002 = ORIENTED_EDGE('',*,*,#3003,.T.);
#3003 = EDGE_CURVE('',#3004,#3004,#3006,.T.);
#3004 = VERTEX_POINT('',#3005);
#3005 = CARTESIAN_POINT('',(114.86,-115.21,0.));
#3006 = CIRCLE('',#3007,0.4);
#3007 = AXIS2_PLACEMENT_3D('',#3008,#3009,#3010);
#3008 = CARTESIAN_POINT('',(114.86,-114.81,0.));
#3009 = DIRECTION('',(-0.,0.,-1.));
#3010 = DIRECTION('',(-0.,-1.,0.));
#3011 = FACE_BOUND('',#3012,.F.);
#3012 = EDGE_LOOP('',(#3013));
#3013 = ORIENTED_EDGE('',*,*,#3014,.T.);
#3014 = EDGE_CURVE('',#3015,#3015,#3017,.T.);
#3015 = VERTEX_POINT('',#3016);
#3016 = CARTESIAN_POINT('',(114.86,-112.67,0.));
#3017 = CIRCLE('',#3018,0.4);
#3018 = AXIS2_PLACEMENT_3D('',#3019,#3020,#3021);
#3019 = CARTESIAN_POINT('',(114.86,-112.27,0.));
#3020 = DIRECTION('',(-0.,0.,-1.));
#3021 = DIRECTION('',(-0.,-1.,0.));
#3022 = FACE_BOUND('',#3023,.F.);
#3023 = EDGE_LOOP('',(#3024));
#3024 = ORIENTED_EDGE('',*,*,#3025,.T.);
#3025 = EDGE_CURVE('',#3026,#3026,#3028,.T.);
#3026 = VERTEX_POINT('',#3027);
#3027 = CARTESIAN_POINT('',(120.989646,-113.49,0.));
#3028 = CIRCLE('',#3029,0.5);
#3029 = AXIS2_PLACEMENT_3D('',#3030,#3031,#3032);
#3030 = CARTESIAN_POINT('',(120.989646,-112.99,0.));
#3031 = DIRECTION('',(-0.,0.,-1.));
#3032 = DIRECTION('',(-0.,-1.,0.));
#3033 = FACE_BOUND('',#3034,.F.);
#3034 = EDGE_LOOP('',(#3035));
#3035 = ORIENTED_EDGE('',*,*,#3036,.T.);
#3036 = EDGE_CURVE('',#3037,#3037,#3039,.T.);
#3037 = VERTEX_POINT('',#3038);
#3038 = CARTESIAN_POINT('',(114.86,-110.13,0.));
#3039 = CIRCLE('',#3040,0.4);
#3040 = AXIS2_PLACEMENT_3D('',#3041,#3042,#3043);
#3041 = CARTESIAN_POINT('',(114.86,-109.73,0.));
#3042 = DIRECTION('',(-0.,0.,-1.));
#3043 = DIRECTION('',(-0.,-1.,0.));
#3044 = FACE_BOUND('',#3045,.F.);
#3045 = EDGE_LOOP('',(#3046));
#3046 = ORIENTED_EDGE('',*,*,#3047,.T.);
#3047 = EDGE_CURVE('',#3048,#3048,#3050,.T.);
#3048 = VERTEX_POINT('',#3049);
#3049 = CARTESIAN_POINT('',(102.16,-107.59,0.));
#3050 = CIRCLE('',#3051,0.4);
#3051 = AXIS2_PLACEMENT_3D('',#3052,#3053,#3054);
#3052 = CARTESIAN_POINT('',(102.16,-107.19,0.));
#3053 = DIRECTION('',(-0.,0.,-1.));
#3054 = DIRECTION('',(-0.,-1.,0.));
#3055 = FACE_BOUND('',#3056,.F.);
#3056 = EDGE_LOOP('',(#3057));
#3057 = ORIENTED_EDGE('',*,*,#3058,.T.);
#3058 = EDGE_CURVE('',#3059,#3059,#3061,.T.);
#3059 = VERTEX_POINT('',#3060);
#3060 = CARTESIAN_POINT('',(109.315,-108.92,0.));
#3061 = CIRCLE('',#3062,0.51);
#3062 = AXIS2_PLACEMENT_3D('',#3063,#3064,#3065);
#3063 = CARTESIAN_POINT('',(109.315,-108.41,0.));
#3064 = DIRECTION('',(-0.,0.,-1.));
#3065 = DIRECTION('',(-0.,-1.,0.));
#3066 = FACE_BOUND('',#3067,.F.);
#3067 = EDGE_LOOP('',(#3068));
#3068 = ORIENTED_EDGE('',*,*,#3069,.T.);
#3069 = EDGE_CURVE('',#3070,#3070,#3072,.T.);
#3070 = VERTEX_POINT('',#3071);
#3071 = CARTESIAN_POINT('',(102.16,-105.05,0.));
#3072 = CIRCLE('',#3073,0.4);
#3073 = AXIS2_PLACEMENT_3D('',#3074,#3075,#3076);
#3074 = CARTESIAN_POINT('',(102.16,-104.65,0.));
#3075 = DIRECTION('',(-0.,0.,-1.));
#3076 = DIRECTION('',(-0.,-1.,0.));
#3077 = FACE_BOUND('',#3078,.F.);
#3078 = EDGE_LOOP('',(#3079));
#3079 = ORIENTED_EDGE('',*,*,#3080,.T.);
#3080 = EDGE_CURVE('',#3081,#3081,#3083,.T.);
#3081 = VERTEX_POINT('',#3082);
#3082 = CARTESIAN_POINT('',(102.16,-102.51,0.));
#3083 = CIRCLE('',#3084,0.4);
#3084 = AXIS2_PLACEMENT_3D('',#3085,#3086,#3087);
#3085 = CARTESIAN_POINT('',(102.16,-102.11,0.));
#3086 = DIRECTION('',(-0.,0.,-1.));
#3087 = DIRECTION('',(-0.,-1.,0.));
#3088 = FACE_BOUND('',#3089,.F.);
#3089 = EDGE_LOOP('',(#3090));
#3090 = ORIENTED_EDGE('',*,*,#3091,.T.);
#3091 = EDGE_CURVE('',#3092,#3092,#3094,.T.);
#3092 = VERTEX_POINT('',#3093);
#3093 = CARTESIAN_POINT('',(114.86,-107.59,0.));
#3094 = CIRCLE('',#3095,0.4);
#3095 = AXIS2_PLACEMENT_3D('',#3096,#3097,#3098);
#3096 = CARTESIAN_POINT('',(114.86,-107.19,0.));
#3097 = DIRECTION('',(-0.,0.,-1.));
#3098 = DIRECTION('',(-0.,-1.,0.));
#3099 = FACE_BOUND('',#3100,.F.);
#3100 = EDGE_LOOP('',(#3101));
#3101 = ORIENTED_EDGE('',*,*,#3102,.T.);
#3102 = EDGE_CURVE('',#3103,#3103,#3105,.T.);
#3103 = VERTEX_POINT('',#3104);
#3104 = CARTESIAN_POINT('',(114.86,-105.05,0.));
#3105 = CIRCLE('',#3106,0.4);
#3106 = AXIS2_PLACEMENT_3D('',#3107,#3108,#3109);
#3107 = CARTESIAN_POINT('',(114.86,-104.65,0.));
#3108 = DIRECTION('',(-0.,0.,-1.));
#3109 = DIRECTION('',(-0.,-1.,0.));
#3110 = FACE_BOUND('',#3111,.F.);
#3111 = EDGE_LOOP('',(#3112));
#3112 = ORIENTED_EDGE('',*,*,#3113,.T.);
#3113 = EDGE_CURVE('',#3114,#3114,#3116,.T.);
#3114 = VERTEX_POINT('',#3115);
#3115 = CARTESIAN_POINT('',(114.86,-102.51,0.));
#3116 = CIRCLE('',#3117,0.4);
#3117 = AXIS2_PLACEMENT_3D('',#3118,#3119,#3120);
#3118 = CARTESIAN_POINT('',(114.86,-102.11,0.));
#3119 = DIRECTION('',(-0.,0.,-1.));
#3120 = DIRECTION('',(-0.,-1.,0.));
#3121 = FACE_BOUND('',#3122,.F.);
#3122 = EDGE_LOOP('',(#3123));
#3123 = ORIENTED_EDGE('',*,*,#3124,.T.);
#3124 = EDGE_CURVE('',#3125,#3125,#3127,.T.);
#3125 = VERTEX_POINT('',#3126);
#3126 = CARTESIAN_POINT('',(125.989646,-113.49,0.));
#3127 = CIRCLE('',#3128,0.5);
#3128 = AXIS2_PLACEMENT_3D('',#3129,#3130,#3131);
#3129 = CARTESIAN_POINT('',(125.989646,-112.99,0.));
#3130 = DIRECTION('',(-0.,0.,-1.));
#3131 = DIRECTION('',(-0.,-1.,0.));
#3132 = FACE_BOUND('',#3133,.F.);
#3133 = EDGE_LOOP('',(#3134));
#3134 = ORIENTED_EDGE('',*,*,#3135,.T.);
#3135 = EDGE_CURVE('',#3136,#3136,#3138,.T.);
#3136 = VERTEX_POINT('',#3137);
#3137 = CARTESIAN_POINT('',(132.,-113.97,0.));
#3138 = CIRCLE('',#3139,0.51);
#3139 = AXIS2_PLACEMENT_3D('',#3140,#3141,#3142);
#3140 = CARTESIAN_POINT('',(132.,-113.46,0.));
#3141 = DIRECTION('',(-0.,0.,-1.));
#3142 = DIRECTION('',(-0.,-1.,0.));
#3143 = FACE_BOUND('',#3144,.F.);
#3144 = EDGE_LOOP('',(#3145));
#3145 = ORIENTED_EDGE('',*,*,#3146,.T.);
#3146 = EDGE_CURVE('',#3147,#3147,#3149,.T.);
#3147 = VERTEX_POINT('',#3148);
#3148 = CARTESIAN_POINT('',(132.,-111.43,0.));
#3149 = CIRCLE('',#3150,0.51);
#3150 = AXIS2_PLACEMENT_3D('',#3151,#3152,#3153);
#3151 = CARTESIAN_POINT('',(132.,-110.92,0.));
#3152 = DIRECTION('',(-0.,0.,-1.));
#3153 = DIRECTION('',(-0.,-1.,0.));
#3154 = FACE_BOUND('',#3155,.F.);
#3155 = EDGE_LOOP('',(#3156));
#3156 = ORIENTED_EDGE('',*,*,#3157,.T.);
#3157 = EDGE_CURVE('',#3158,#3158,#3160,.T.);
#3158 = VERTEX_POINT('',#3159);
#3159 = CARTESIAN_POINT('',(157.4,-129.21,0.));
#3160 = CIRCLE('',#3161,0.51);
#3161 = AXIS2_PLACEMENT_3D('',#3162,#3163,#3164);
#3162 = CARTESIAN_POINT('',(157.4,-128.7,0.));
#3163 = DIRECTION('',(-0.,0.,-1.));
#3164 = DIRECTION('',(5.57288420204E-14,-1.,-0.));
#3165 = FACE_BOUND('',#3166,.F.);
#3166 = EDGE_LOOP('',(#3167));
#3167 = ORIENTED_EDGE('',*,*,#3168,.T.);
#3168 = EDGE_CURVE('',#3169,#3169,#3171,.T.);
#3169 = VERTEX_POINT('',#3170);
#3170 = CARTESIAN_POINT('',(157.4,-126.67,0.));
#3171 = CIRCLE('',#3172,0.51);
#3172 = AXIS2_PLACEMENT_3D('',#3173,#3174,#3175);
#3173 = CARTESIAN_POINT('',(157.4,-126.16,0.));
#3174 = DIRECTION('',(-0.,0.,-1.));
#3175 = DIRECTION('',(5.57288420204E-14,-1.,-0.));
#3176 = FACE_BOUND('',#3177,.F.);
#3177 = EDGE_LOOP('',(#3178));
#3178 = ORIENTED_EDGE('',*,*,#3179,.T.);
#3179 = EDGE_CURVE('',#3180,#3180,#3182,.T.);
#3180 = VERTEX_POINT('',#3181);
#3181 = CARTESIAN_POINT('',(157.4,-124.13,0.));
#3182 = CIRCLE('',#3183,0.51);
#3183 = AXIS2_PLACEMENT_3D('',#3184,#3185,#3186);
#3184 = CARTESIAN_POINT('',(157.4,-123.62,0.));
#3185 = DIRECTION('',(-0.,0.,-1.));
#3186 = DIRECTION('',(5.57288420204E-14,-1.,-0.));
#3187 = FACE_BOUND('',#3188,.F.);
#3188 = EDGE_LOOP('',(#3189));
#3189 = ORIENTED_EDGE('',*,*,#3190,.T.);
#3190 = EDGE_CURVE('',#3191,#3191,#3193,.T.);
#3191 = VERTEX_POINT('',#3192);
#3192 = CARTESIAN_POINT('',(165.2,-124.65,0.));
#3193 = CIRCLE('',#3194,0.4);
#3194 = AXIS2_PLACEMENT_3D('',#3195,#3196,#3197);
#3195 = CARTESIAN_POINT('',(165.2,-124.25,0.));
#3196 = DIRECTION('',(-0.,0.,-1.));
#3197 = DIRECTION('',(-0.,-1.,0.));
#3198 = FACE_BOUND('',#3199,.F.);
#3199 = EDGE_LOOP('',(#3200));
#3200 = ORIENTED_EDGE('',*,*,#3201,.T.);
#3201 = EDGE_CURVE('',#3202,#3202,#3204,.T.);
#3202 = VERTEX_POINT('',#3203);
#3203 = CARTESIAN_POINT('',(157.4,-121.59,0.));
#3204 = CIRCLE('',#3205,0.51);
#3205 = AXIS2_PLACEMENT_3D('',#3206,#3207,#3208);
#3206 = CARTESIAN_POINT('',(157.4,-121.08,0.));
#3207 = DIRECTION('',(-0.,0.,-1.));
#3208 = DIRECTION('',(5.57288420204E-14,-1.,-0.));
#3209 = FACE_BOUND('',#3210,.F.);
#3210 = EDGE_LOOP('',(#3211));
#3211 = ORIENTED_EDGE('',*,*,#3212,.T.);
#3212 = EDGE_CURVE('',#3213,#3213,#3215,.T.);
#3213 = VERTEX_POINT('',#3214);
#3214 = CARTESIAN_POINT('',(157.4,-119.05,0.));
#3215 = CIRCLE('',#3216,0.51);
#3216 = AXIS2_PLACEMENT_3D('',#3217,#3218,#3219);
#3217 = CARTESIAN_POINT('',(157.4,-118.54,0.));
#3218 = DIRECTION('',(-0.,0.,-1.));
#3219 = DIRECTION('',(5.57288420204E-14,-1.,-0.));
#3220 = FACE_BOUND('',#3221,.F.);
#3221 = EDGE_LOOP('',(#3222));
#3222 = ORIENTED_EDGE('',*,*,#3223,.T.);
#3223 = EDGE_CURVE('',#3224,#3224,#3226,.T.);
#3224 = VERTEX_POINT('',#3225);
#3225 = CARTESIAN_POINT('',(157.4,-116.51,0.));
#3226 = CIRCLE('',#3227,0.51);
#3227 = AXIS2_PLACEMENT_3D('',#3228,#3229,#3230);
#3228 = CARTESIAN_POINT('',(157.4,-116.,0.));
#3229 = DIRECTION('',(-0.,0.,-1.));
#3230 = DIRECTION('',(5.57288420204E-14,-1.,-0.));
#3231 = FACE_BOUND('',#3232,.F.);
#3232 = EDGE_LOOP('',(#3233));
#3233 = ORIENTED_EDGE('',*,*,#3234,.T.);
#3234 = EDGE_CURVE('',#3235,#3235,#3237,.T.);
#3235 = VERTEX_POINT('',#3236);
#3236 = CARTESIAN_POINT('',(181.5375,-128.115,0.));
#3237 = CIRCLE('',#3238,0.65);
#3238 = AXIS2_PLACEMENT_3D('',#3239,#3240,#3241);
#3239 = CARTESIAN_POINT('',(181.5375,-127.465,0.));
#3240 = DIRECTION('',(-0.,0.,-1.));
#3241 = DIRECTION('',(-0.,-1.,0.));
#3242 = FACE_BOUND('',#3243,.F.);
#3243 = EDGE_LOOP('',(#3244));
#3244 = ORIENTED_EDGE('',*,*,#3245,.T.);
#3245 = EDGE_CURVE('',#3246,#3246,#3248,.T.);
#3246 = VERTEX_POINT('',#3247);
#3247 = CARTESIAN_POINT('',(174.91,-120.54,0.));
#3248 = CIRCLE('',#3249,0.4);
#3249 = AXIS2_PLACEMENT_3D('',#3250,#3251,#3252);
#3250 = CARTESIAN_POINT('',(174.91,-120.14,0.));
#3251 = DIRECTION('',(-0.,0.,-1.));
#3252 = DIRECTION('',(-0.,-1.,0.));
#3253 = FACE_BOUND('',#3254,.F.);
#3254 = EDGE_LOOP('',(#3255));
#3255 = ORIENTED_EDGE('',*,*,#3256,.T.);
#3256 = EDGE_CURVE('',#3257,#3257,#3259,.T.);
#3257 = VERTEX_POINT('',#3258);
#3258 = CARTESIAN_POINT('',(174.91,-118.,0.));
#3259 = CIRCLE('',#3260,0.4);
#3260 = AXIS2_PLACEMENT_3D('',#3261,#3262,#3263);
#3261 = CARTESIAN_POINT('',(174.91,-117.6,0.));
#3262 = DIRECTION('',(-0.,0.,-1.));
#3263 = DIRECTION('',(-0.,-1.,0.));
#3264 = FACE_BOUND('',#3265,.F.);
#3265 = EDGE_LOOP('',(#3266));
#3266 = ORIENTED_EDGE('',*,*,#3267,.T.);
#3267 = EDGE_CURVE('',#3268,#3268,#3270,.T.);
#3268 = VERTEX_POINT('',#3269);
#3269 = CARTESIAN_POINT('',(187.61,-120.54,0.));
#3270 = CIRCLE('',#3271,0.4);
#3271 = AXIS2_PLACEMENT_3D('',#3272,#3273,#3274);
#3272 = CARTESIAN_POINT('',(187.61,-120.14,0.));
#3273 = DIRECTION('',(-0.,0.,-1.));
#3274 = DIRECTION('',(-0.,-1.,0.));
#3275 = FACE_BOUND('',#3276,.F.);
#3276 = EDGE_LOOP('',(#3277));
#3277 = ORIENTED_EDGE('',*,*,#3278,.T.);
#3278 = EDGE_CURVE('',#3279,#3279,#3281,.T.);
#3279 = VERTEX_POINT('',#3280);
#3280 = CARTESIAN_POINT('',(180.7,-116.015,0.));
#3281 = CIRCLE('',#3282,0.51);
#3282 = AXIS2_PLACEMENT_3D('',#3283,#3284,#3285);
#3283 = CARTESIAN_POINT('',(180.7,-115.505,0.));
#3284 = DIRECTION('',(-0.,0.,-1.));
#3285 = DIRECTION('',(-0.,-1.,0.));
#3286 = FACE_BOUND('',#3287,.F.);
#3287 = EDGE_LOOP('',(#3288));
#3288 = ORIENTED_EDGE('',*,*,#3289,.T.);
#3289 = EDGE_CURVE('',#3290,#3290,#3292,.T.);
#3290 = VERTEX_POINT('',#3291);
#3291 = CARTESIAN_POINT('',(187.61,-118.,0.));
#3292 = CIRCLE('',#3293,0.4);
#3293 = AXIS2_PLACEMENT_3D('',#3294,#3295,#3296);
#3294 = CARTESIAN_POINT('',(187.61,-117.6,0.));
#3295 = DIRECTION('',(-0.,0.,-1.));
#3296 = DIRECTION('',(-0.,-1.,0.));
#3297 = FACE_BOUND('',#3298,.F.);
#3298 = EDGE_LOOP('',(#3299));
#3299 = ORIENTED_EDGE('',*,*,#3300,.T.);
#3300 = EDGE_CURVE('',#3301,#3301,#3303,.T.);
#3301 = VERTEX_POINT('',#3302);
#3302 = CARTESIAN_POINT('',(157.4,-113.97,0.));
#3303 = CIRCLE('',#3304,0.51);
#3304 = AXIS2_PLACEMENT_3D('',#3305,#3306,#3307);
#3305 = CARTESIAN_POINT('',(157.4,-113.46,0.));
#3306 = DIRECTION('',(-0.,0.,-1.));
#3307 = DIRECTION('',(5.57288420204E-14,-1.,-0.));
#3308 = FACE_BOUND('',#3309,.F.);
#3309 = EDGE_LOOP('',(#3310));
#3310 = ORIENTED_EDGE('',*,*,#3311,.T.);
#3311 = EDGE_CURVE('',#3312,#3312,#3314,.T.);
#3312 = VERTEX_POINT('',#3313);
#3313 = CARTESIAN_POINT('',(163.739646,-112.74,0.));
#3314 = CIRCLE('',#3315,0.5);
#3315 = AXIS2_PLACEMENT_3D('',#3316,#3317,#3318);
#3316 = CARTESIAN_POINT('',(163.739646,-112.24,0.));
#3317 = DIRECTION('',(-0.,0.,-1.));
#3318 = DIRECTION('',(-0.,-1.,0.));
#3319 = FACE_BOUND('',#3320,.F.);
#3320 = EDGE_LOOP('',(#3321));
#3321 = ORIENTED_EDGE('',*,*,#3322,.T.);
#3322 = EDGE_CURVE('',#3323,#3323,#3325,.T.);
#3323 = VERTEX_POINT('',#3324);
#3324 = CARTESIAN_POINT('',(157.4,-111.43,0.));
#3325 = CIRCLE('',#3326,0.51);
#3326 = AXIS2_PLACEMENT_3D('',#3327,#3328,#3329);
#3327 = CARTESIAN_POINT('',(157.4,-110.92,0.));
#3328 = DIRECTION('',(-0.,0.,-1.));
#3329 = DIRECTION('',(5.57288420204E-14,-1.,-0.));
#3330 = FACE_BOUND('',#3331,.F.);
#3331 = EDGE_LOOP('',(#3332));
#3332 = ORIENTED_EDGE('',*,*,#3333,.T.);
#3333 = EDGE_CURVE('',#3334,#3334,#3336,.T.);
#3334 = VERTEX_POINT('',#3335);
#3335 = CARTESIAN_POINT('',(168.739646,-112.74,0.));
#3336 = CIRCLE('',#3337,0.5);
#3337 = AXIS2_PLACEMENT_3D('',#3338,#3339,#3340);
#3338 = CARTESIAN_POINT('',(168.739646,-112.24,0.));
#3339 = DIRECTION('',(-0.,0.,-1.));
#3340 = DIRECTION('',(-0.,-1.,0.));
#3341 = FACE_BOUND('',#3342,.F.);
#3342 = EDGE_LOOP('',(#3343));
#3343 = ORIENTED_EDGE('',*,*,#3344,.T.);
#3344 = EDGE_CURVE('',#3345,#3345,#3347,.T.);
#3345 = VERTEX_POINT('',#3346);
#3346 = CARTESIAN_POINT('',(174.91,-115.46,0.));
#3347 = CIRCLE('',#3348,0.4);
#3348 = AXIS2_PLACEMENT_3D('',#3349,#3350,#3351);
#3349 = CARTESIAN_POINT('',(174.91,-115.06,0.));
#3350 = DIRECTION('',(-0.,0.,-1.));
#3351 = DIRECTION('',(-0.,-1.,0.));
#3352 = FACE_BOUND('',#3353,.F.);
#3353 = EDGE_LOOP('',(#3354));
#3354 = ORIENTED_EDGE('',*,*,#3355,.T.);
#3355 = EDGE_CURVE('',#3356,#3356,#3358,.T.);
#3356 = VERTEX_POINT('',#3357);
#3357 = CARTESIAN_POINT('',(174.91,-112.92,0.));
#3358 = CIRCLE('',#3359,0.4);
#3359 = AXIS2_PLACEMENT_3D('',#3360,#3361,#3362);
#3360 = CARTESIAN_POINT('',(174.91,-112.52,0.));
#3361 = DIRECTION('',(-0.,0.,-1.));
#3362 = DIRECTION('',(-0.,-1.,0.));
#3363 = FACE_BOUND('',#3364,.F.);
#3364 = EDGE_LOOP('',(#3365));
#3365 = ORIENTED_EDGE('',*,*,#3366,.T.);
#3366 = EDGE_CURVE('',#3367,#3367,#3369,.T.);
#3367 = VERTEX_POINT('',#3368);
#3368 = CARTESIAN_POINT('',(174.91,-110.38,0.));
#3369 = CIRCLE('',#3370,0.4);
#3370 = AXIS2_PLACEMENT_3D('',#3371,#3372,#3373);
#3371 = CARTESIAN_POINT('',(174.91,-109.98,0.));
#3372 = DIRECTION('',(-0.,0.,-1.));
#3373 = DIRECTION('',(-0.,-1.,0.));
#3374 = FACE_BOUND('',#3375,.F.);
#3375 = EDGE_LOOP('',(#3376));
#3376 = ORIENTED_EDGE('',*,*,#3377,.T.);
#3377 = EDGE_CURVE('',#3378,#3378,#3380,.T.);
#3378 = VERTEX_POINT('',#3379);
#3379 = CARTESIAN_POINT('',(180.7,-113.475,0.));
#3380 = CIRCLE('',#3381,0.51);
#3381 = AXIS2_PLACEMENT_3D('',#3382,#3383,#3384);
#3382 = CARTESIAN_POINT('',(180.7,-112.965,0.));
#3383 = DIRECTION('',(-0.,0.,-1.));
#3384 = DIRECTION('',(-0.,-1.,0.));
#3385 = FACE_BOUND('',#3386,.F.);
#3386 = EDGE_LOOP('',(#3387));
#3387 = ORIENTED_EDGE('',*,*,#3388,.T.);
#3388 = EDGE_CURVE('',#3389,#3389,#3391,.T.);
#3389 = VERTEX_POINT('',#3390);
#3390 = CARTESIAN_POINT('',(187.61,-115.46,0.));
#3391 = CIRCLE('',#3392,0.4);
#3392 = AXIS2_PLACEMENT_3D('',#3393,#3394,#3395);
#3393 = CARTESIAN_POINT('',(187.61,-115.06,0.));
#3394 = DIRECTION('',(-0.,0.,-1.));
#3395 = DIRECTION('',(-0.,-1.,0.));
#3396 = FACE_BOUND('',#3397,.F.);
#3397 = EDGE_LOOP('',(#3398));
#3398 = ORIENTED_EDGE('',*,*,#3399,.T.);
#3399 = EDGE_CURVE('',#3400,#3400,#3402,.T.);
#3400 = VERTEX_POINT('',#3401);
#3401 = CARTESIAN_POINT('',(187.61,-112.92,0.));
#3402 = CIRCLE('',#3403,0.4);
#3403 = AXIS2_PLACEMENT_3D('',#3404,#3405,#3406);
#3404 = CARTESIAN_POINT('',(187.61,-112.52,0.));
#3405 = DIRECTION('',(-0.,0.,-1.));
#3406 = DIRECTION('',(-0.,-1.,0.));
#3407 = FACE_BOUND('',#3408,.F.);
#3408 = EDGE_LOOP('',(#3409));
#3409 = ORIENTED_EDGE('',*,*,#3410,.T.);
#3410 = EDGE_CURVE('',#3411,#3411,#3413,.T.);
#3411 = VERTEX_POINT('',#3412);
#3412 = CARTESIAN_POINT('',(180.7,-110.935,0.));
#3413 = CIRCLE('',#3414,0.51);
#3414 = AXIS2_PLACEMENT_3D('',#3415,#3416,#3417);
#3415 = CARTESIAN_POINT('',(180.7,-110.425,0.));
#3416 = DIRECTION('',(-0.,0.,-1.));
#3417 = DIRECTION('',(-0.,-1.,0.));
#3418 = FACE_BOUND('',#3419,.F.);
#3419 = EDGE_LOOP('',(#3420));
#3420 = ORIENTED_EDGE('',*,*,#3421,.T.);
#3421 = EDGE_CURVE('',#3422,#3422,#3424,.T.);
#3422 = VERTEX_POINT('',#3423);
#3423 = CARTESIAN_POINT('',(187.61,-110.38,0.));
#3424 = CIRCLE('',#3425,0.4);
#3425 = AXIS2_PLACEMENT_3D('',#3426,#3427,#3428);
#3426 = CARTESIAN_POINT('',(187.61,-109.98,0.));
#3427 = DIRECTION('',(-0.,0.,-1.));
#3428 = DIRECTION('',(-0.,-1.,0.));
#3429 = FACE_BOUND('',#3430,.F.);
#3430 = EDGE_LOOP('',(#3431));
#3431 = ORIENTED_EDGE('',*,*,#3432,.T.);
#3432 = EDGE_CURVE('',#3433,#3433,#3435,.T.);
#3433 = VERTEX_POINT('',#3434);
#3434 = CARTESIAN_POINT('',(174.91,-107.84,0.));
#3435 = CIRCLE('',#3436,0.4);
#3436 = AXIS2_PLACEMENT_3D('',#3437,#3438,#3439);
#3437 = CARTESIAN_POINT('',(174.91,-107.44,0.));
#3438 = DIRECTION('',(-0.,0.,-1.));
#3439 = DIRECTION('',(-0.,-1.,0.));
#3440 = FACE_BOUND('',#3441,.F.);
#3441 = EDGE_LOOP('',(#3442));
#3442 = ORIENTED_EDGE('',*,*,#3443,.T.);
#3443 = EDGE_CURVE('',#3444,#3444,#3446,.T.);
#3444 = VERTEX_POINT('',#3445);
#3445 = CARTESIAN_POINT('',(174.91,-105.3,0.));
#3446 = CIRCLE('',#3447,0.4);
#3447 = AXIS2_PLACEMENT_3D('',#3448,#3449,#3450);
#3448 = CARTESIAN_POINT('',(174.91,-104.9,0.));
#3449 = DIRECTION('',(-0.,0.,-1.));
#3450 = DIRECTION('',(-0.,-1.,0.));
#3451 = FACE_BOUND('',#3452,.F.);
#3452 = EDGE_LOOP('',(#3453));
#3453 = ORIENTED_EDGE('',*,*,#3454,.T.);
#3454 = EDGE_CURVE('',#3455,#3455,#3457,.T.);
#3455 = VERTEX_POINT('',#3456);
#3456 = CARTESIAN_POINT('',(174.91,-102.76,0.));
#3457 = CIRCLE('',#3458,0.4);
#3458 = AXIS2_PLACEMENT_3D('',#3459,#3460,#3461);
#3459 = CARTESIAN_POINT('',(174.91,-102.36,0.));
#3460 = DIRECTION('',(-0.,0.,-1.));
#3461 = DIRECTION('',(-0.,-1.,0.));
#3462 = FACE_BOUND('',#3463,.F.);
#3463 = EDGE_LOOP('',(#3464));
#3464 = ORIENTED_EDGE('',*,*,#3465,.T.);
#3465 = EDGE_CURVE('',#3466,#3466,#3468,.T.);
#3466 = VERTEX_POINT('',#3467);
#3467 = CARTESIAN_POINT('',(180.7,-108.395,0.));
#3468 = CIRCLE('',#3469,0.51);
#3469 = AXIS2_PLACEMENT_3D('',#3470,#3471,#3472);
#3470 = CARTESIAN_POINT('',(180.7,-107.885,0.));
#3471 = DIRECTION('',(-0.,0.,-1.));
#3472 = DIRECTION('',(-0.,-1.,0.));
#3473 = FACE_BOUND('',#3474,.F.);
#3474 = EDGE_LOOP('',(#3475));
#3475 = ORIENTED_EDGE('',*,*,#3476,.T.);
#3476 = EDGE_CURVE('',#3477,#3477,#3479,.T.);
#3477 = VERTEX_POINT('',#3478);
#3478 = CARTESIAN_POINT('',(187.61,-107.84,0.));
#3479 = CIRCLE('',#3480,0.4);
#3480 = AXIS2_PLACEMENT_3D('',#3481,#3482,#3483);
#3481 = CARTESIAN_POINT('',(187.61,-107.44,0.));
#3482 = DIRECTION('',(-0.,0.,-1.));
#3483 = DIRECTION('',(-0.,-1.,0.));
#3484 = FACE_BOUND('',#3485,.F.);
#3485 = EDGE_LOOP('',(#3486));
#3486 = ORIENTED_EDGE('',*,*,#3487,.T.);
#3487 = EDGE_CURVE('',#3488,#3488,#3490,.T.);
#3488 = VERTEX_POINT('',#3489);
#3489 = CARTESIAN_POINT('',(187.61,-105.3,0.));
#3490 = CIRCLE('',#3491,0.4);
#3491 = AXIS2_PLACEMENT_3D('',#3492,#3493,#3494);
#3492 = CARTESIAN_POINT('',(187.61,-104.9,0.));
#3493 = DIRECTION('',(-0.,0.,-1.));
#3494 = DIRECTION('',(-0.,-1.,0.));
#3495 = FACE_BOUND('',#3496,.F.);
#3496 = EDGE_LOOP('',(#3497));
#3497 = ORIENTED_EDGE('',*,*,#3498,.T.);
#3498 = EDGE_CURVE('',#3499,#3499,#3501,.T.);
#3499 = VERTEX_POINT('',#3500);
#3500 = CARTESIAN_POINT('',(187.61,-102.76,0.));
#3501 = CIRCLE('',#3502,0.4);
#3502 = AXIS2_PLACEMENT_3D('',#3503,#3504,#3505);
#3503 = CARTESIAN_POINT('',(187.61,-102.36,0.));
#3504 = DIRECTION('',(-0.,0.,-1.));
#3505 = DIRECTION('',(-0.,-1.,0.));
#3506 = PLANE('',#3507);
#3507 = AXIS2_PLACEMENT_3D('',#3508,#3509,#3510);
#3508 = CARTESIAN_POINT('',(0.,0.,0.));
#3509 = DIRECTION('',(0.,0.,1.));
#3510 = DIRECTION('',(1.,0.,-0.));
#3511 = ADVANCED_FACE('',(#3512,#3523,#3534,#3545,#3556,#3567,#3578,
    #3589,#3600,#3611,#3622,#3633,#3644,#3655,#3666,#3677,#3688,#3699,
    #3710,#3721,#3732,#3743,#3754,#3765,#3776,#3787,#3798,#3809,#3820,
    #3831,#3842,#3853,#3864,#3875,#3886,#3897,#3908,#3919,#3930,#3941,
    #3952,#3963,#3974,#3985,#3996,#4007,#4018,#4029,#4040,#4051,#4062,
    #4073,#4084,#4095,#4106,#4117,#4128,#4139,#4150,#4161,#4172,#4183,
    #4194,#4205,#4216,#4227,#4238,#4249,#4260,#4271,#4282,#4293,#4304,
    #4315,#4326,#4337,#4348,#4359,#4370,#4381,#4392,#4403,#4414,#4425,
    #4436,#4447,#4458,#4469,#4480,#4491,#4502,#4513,#4524,#4535,#4546,
    #4557,#4568,#4579,#4590,#4601,#4612,#4623,#4634,#4645,#4656,#4667,
    #4678,#4689,#4700,#4711,#4722,#4733,#4744),#4755,.T.);
#3512 = FACE_BOUND('',#3513,.T.);
#3513 = EDGE_LOOP('',(#3514,#3515,#3516,#3522));
#3514 = ORIENTED_EDGE('',*,*,#2174,.F.);
#3515 = ORIENTED_EDGE('',*,*,#2214,.F.);
#3516 = ORIENTED_EDGE('',*,*,#3517,.F.);
#3517 = EDGE_CURVE('',#2237,#2207,#3518,.T.);
#3518 = LINE('',#3519,#3520);
#3519 = CARTESIAN_POINT('',(100.,-100.,1.51));
#3520 = VECTOR('',#3521,1.);
#3521 = DIRECTION('',(1.,0.,0.));
#3522 = ORIENTED_EDGE('',*,*,#2236,.F.);
#3523 = FACE_BOUND('',#3524,.T.);
#3524 = EDGE_LOOP('',(#3525));
#3525 = ORIENTED_EDGE('',*,*,#3526,.T.);
#3526 = EDGE_CURVE('',#3527,#3527,#3529,.T.);
#3527 = VERTEX_POINT('',#3528);
#3528 = CARTESIAN_POINT('',(103.2,-156.473,1.51));
#3529 = CIRCLE('',#3530,0.508);
#3530 = AXIS2_PLACEMENT_3D('',#3531,#3532,#3533);
#3531 = CARTESIAN_POINT('',(103.2,-155.965,1.51));
#3532 = DIRECTION('',(-0.,0.,-1.));
#3533 = DIRECTION('',(2.797412345512E-14,-1.,-0.));
#3534 = FACE_BOUND('',#3535,.T.);
#3535 = EDGE_LOOP('',(#3536));
#3536 = ORIENTED_EDGE('',*,*,#3537,.T.);
#3537 = EDGE_CURVE('',#3538,#3538,#3540,.T.);
#3538 = VERTEX_POINT('',#3539);
#3539 = CARTESIAN_POINT('',(105.74,-156.473,1.51));
#3540 = CIRCLE('',#3541,0.508);
#3541 = AXIS2_PLACEMENT_3D('',#3542,#3543,#3544);
#3542 = CARTESIAN_POINT('',(105.74,-155.965,1.51));
#3543 = DIRECTION('',(-0.,0.,-1.));
#3544 = DIRECTION('',(-2.797412345512E-14,-1.,0.));
#3545 = FACE_BOUND('',#3546,.T.);
#3546 = EDGE_LOOP('',(#3547));
#3547 = ORIENTED_EDGE('',*,*,#3548,.T.);
#3548 = EDGE_CURVE('',#3549,#3549,#3551,.T.);
#3549 = VERTEX_POINT('',#3550);
#3550 = CARTESIAN_POINT('',(108.28,-156.473,1.51));
#3551 = CIRCLE('',#3552,0.508);
#3552 = AXIS2_PLACEMENT_3D('',#3553,#3554,#3555);
#3553 = CARTESIAN_POINT('',(108.28,-155.965,1.51));
#3554 = DIRECTION('',(-0.,0.,-1.));
#3555 = DIRECTION('',(-0.,-1.,0.));
#3556 = FACE_BOUND('',#3557,.T.);
#3557 = EDGE_LOOP('',(#3558));
#3558 = ORIENTED_EDGE('',*,*,#3559,.T.);
#3559 = EDGE_CURVE('',#3560,#3560,#3562,.T.);
#3560 = VERTEX_POINT('',#3561);
#3561 = CARTESIAN_POINT('',(110.82,-156.473,1.51));
#3562 = CIRCLE('',#3563,0.508);
#3563 = AXIS2_PLACEMENT_3D('',#3564,#3565,#3566);
#3564 = CARTESIAN_POINT('',(110.82,-155.965,1.51));
#3565 = DIRECTION('',(-0.,0.,-1.));
#3566 = DIRECTION('',(-0.,-1.,0.));
#3567 = FACE_BOUND('',#3568,.T.);
#3568 = EDGE_LOOP('',(#3569));
#3569 = ORIENTED_EDGE('',*,*,#3570,.T.);
#3570 = EDGE_CURVE('',#3571,#3571,#3573,.T.);
#3571 = VERTEX_POINT('',#3572);
#3572 = CARTESIAN_POINT('',(113.36,-156.473,1.51));
#3573 = CIRCLE('',#3574,0.508);
#3574 = AXIS2_PLACEMENT_3D('',#3575,#3576,#3577);
#3575 = CARTESIAN_POINT('',(113.36,-155.965,1.51));
#3576 = DIRECTION('',(-0.,0.,-1.));
#3577 = DIRECTION('',(-0.,-1.,0.));
#3578 = FACE_BOUND('',#3579,.T.);
#3579 = EDGE_LOOP('',(#3580));
#3580 = ORIENTED_EDGE('',*,*,#3581,.T.);
#3581 = EDGE_CURVE('',#3582,#3582,#3584,.T.);
#3582 = VERTEX_POINT('',#3583);
#3583 = CARTESIAN_POINT('',(103.,-149.008,1.51));
#3584 = CIRCLE('',#3585,0.508);
#3585 = AXIS2_PLACEMENT_3D('',#3586,#3587,#3588);
#3586 = CARTESIAN_POINT('',(103.,-148.5,1.51));
#3587 = DIRECTION('',(-0.,0.,-1.));
#3588 = DIRECTION('',(-0.,-1.,0.));
#3589 = FACE_BOUND('',#3590,.T.);
#3590 = EDGE_LOOP('',(#3591));
#3591 = ORIENTED_EDGE('',*,*,#3592,.T.);
#3592 = EDGE_CURVE('',#3593,#3593,#3595,.T.);
#3593 = VERTEX_POINT('',#3594);
#3594 = CARTESIAN_POINT('',(105.54,-149.008,1.51));
#3595 = CIRCLE('',#3596,0.508);
#3596 = AXIS2_PLACEMENT_3D('',#3597,#3598,#3599);
#3597 = CARTESIAN_POINT('',(105.54,-148.5,1.51));
#3598 = DIRECTION('',(-0.,0.,-1.));
#3599 = DIRECTION('',(2.797412345512E-14,-1.,-0.));
#3600 = FACE_BOUND('',#3601,.T.);
#3601 = EDGE_LOOP('',(#3602));
#3602 = ORIENTED_EDGE('',*,*,#3603,.T.);
#3603 = EDGE_CURVE('',#3604,#3604,#3606,.T.);
#3604 = VERTEX_POINT('',#3605);
#3605 = CARTESIAN_POINT('',(108.08,-149.008,1.51));
#3606 = CIRCLE('',#3607,0.508);
#3607 = AXIS2_PLACEMENT_3D('',#3608,#3609,#3610);
#3608 = CARTESIAN_POINT('',(108.08,-148.5,1.51));
#3609 = DIRECTION('',(-0.,0.,-1.));
#3610 = DIRECTION('',(-0.,-1.,0.));
#3611 = FACE_BOUND('',#3612,.T.);
#3612 = EDGE_LOOP('',(#3613));
#3613 = ORIENTED_EDGE('',*,*,#3614,.T.);
#3614 = EDGE_CURVE('',#3615,#3615,#3617,.T.);
#3615 = VERTEX_POINT('',#3616);
#3616 = CARTESIAN_POINT('',(110.62,-149.008,1.51));
#3617 = CIRCLE('',#3618,0.508);
#3618 = AXIS2_PLACEMENT_3D('',#3619,#3620,#3621);
#3619 = CARTESIAN_POINT('',(110.62,-148.5,1.51));
#3620 = DIRECTION('',(-0.,0.,-1.));
#3621 = DIRECTION('',(-0.,-1.,0.));
#3622 = FACE_BOUND('',#3623,.T.);
#3623 = EDGE_LOOP('',(#3624));
#3624 = ORIENTED_EDGE('',*,*,#3625,.T.);
#3625 = EDGE_CURVE('',#3626,#3626,#3628,.T.);
#3626 = VERTEX_POINT('',#3627);
#3627 = CARTESIAN_POINT('',(113.16,-149.008,1.51));
#3628 = CIRCLE('',#3629,0.508);
#3629 = AXIS2_PLACEMENT_3D('',#3630,#3631,#3632);
#3630 = CARTESIAN_POINT('',(113.16,-148.5,1.51));
#3631 = DIRECTION('',(-0.,0.,-1.));
#3632 = DIRECTION('',(-0.,-1.,0.));
#3633 = FACE_BOUND('',#3634,.T.);
#3634 = EDGE_LOOP('',(#3635));
#3635 = ORIENTED_EDGE('',*,*,#3636,.F.);
#3636 = EDGE_CURVE('',#3637,#3637,#3639,.T.);
#3637 = VERTEX_POINT('',#3638);
#3638 = CARTESIAN_POINT('',(126.5,-150.,1.51));
#3639 = CIRCLE('',#3640,1.5);
#3640 = AXIS2_PLACEMENT_3D('',#3641,#3642,#3643);
#3641 = CARTESIAN_POINT('',(125.,-150.,1.51));
#3642 = DIRECTION('',(0.,0.,1.));
#3643 = DIRECTION('',(1.,0.,-0.));
#3644 = FACE_BOUND('',#3645,.T.);
#3645 = EDGE_LOOP('',(#3646));
#3646 = ORIENTED_EDGE('',*,*,#3647,.T.);
#3647 = EDGE_CURVE('',#3648,#3648,#3650,.T.);
#3648 = VERTEX_POINT('',#3649);
#3649 = CARTESIAN_POINT('',(132.,-146.99,1.51));
#3650 = CIRCLE('',#3651,0.51);
#3651 = AXIS2_PLACEMENT_3D('',#3652,#3653,#3654);
#3652 = CARTESIAN_POINT('',(132.,-146.48,1.51));
#3653 = DIRECTION('',(-0.,0.,-1.));
#3654 = DIRECTION('',(-0.,-1.,0.));
#3655 = FACE_BOUND('',#3656,.T.);
#3656 = EDGE_LOOP('',(#3657));
#3657 = ORIENTED_EDGE('',*,*,#3658,.T.);
#3658 = EDGE_CURVE('',#3659,#3659,#3661,.T.);
#3659 = VERTEX_POINT('',#3660);
#3660 = CARTESIAN_POINT('',(132.,-144.45,1.51));
#3661 = CIRCLE('',#3662,0.51);
#3662 = AXIS2_PLACEMENT_3D('',#3663,#3664,#3665);
#3663 = CARTESIAN_POINT('',(132.,-143.94,1.51));
#3664 = DIRECTION('',(-0.,0.,-1.));
#3665 = DIRECTION('',(-0.,-1.,0.));
#3666 = FACE_BOUND('',#3667,.T.);
#3667 = EDGE_LOOP('',(#3668));
#3668 = ORIENTED_EDGE('',*,*,#3669,.T.);
#3669 = EDGE_CURVE('',#3670,#3670,#3672,.T.);
#3670 = VERTEX_POINT('',#3671);
#3671 = CARTESIAN_POINT('',(102.675,-136.348,1.51));
#3672 = CIRCLE('',#3673,0.508);
#3673 = AXIS2_PLACEMENT_3D('',#3674,#3675,#3676);
#3674 = CARTESIAN_POINT('',(102.675,-135.84,1.51));
#3675 = DIRECTION('',(-0.,0.,-1.));
#3676 = DIRECTION('',(-2.797412345512E-14,-1.,0.));
#3677 = FACE_BOUND('',#3678,.T.);
#3678 = EDGE_LOOP('',(#3679));
#3679 = ORIENTED_EDGE('',*,*,#3680,.T.);
#3680 = EDGE_CURVE('',#3681,#3681,#3683,.T.);
#3681 = VERTEX_POINT('',#3682);
#3682 = CARTESIAN_POINT('',(102.675,-133.808,1.51));
#3683 = CIRCLE('',#3684,0.508);
#3684 = AXIS2_PLACEMENT_3D('',#3685,#3686,#3687);
#3685 = CARTESIAN_POINT('',(102.675,-133.3,1.51));
#3686 = DIRECTION('',(-0.,0.,-1.));
#3687 = DIRECTION('',(-2.797412345512E-14,-1.,0.));
#3688 = FACE_BOUND('',#3689,.T.);
#3689 = EDGE_LOOP('',(#3690));
#3690 = ORIENTED_EDGE('',*,*,#3691,.T.);
#3691 = EDGE_CURVE('',#3692,#3692,#3694,.T.);
#3692 = VERTEX_POINT('',#3693);
#3693 = CARTESIAN_POINT('',(102.675,-131.268,1.51));
#3694 = CIRCLE('',#3695,0.508);
#3695 = AXIS2_PLACEMENT_3D('',#3696,#3697,#3698);
#3696 = CARTESIAN_POINT('',(102.675,-130.76,1.51));
#3697 = DIRECTION('',(-0.,0.,-1.));
#3698 = DIRECTION('',(-2.797412345512E-14,-1.,0.));
#3699 = FACE_BOUND('',#3700,.T.);
#3700 = EDGE_LOOP('',(#3701));
#3701 = ORIENTED_EDGE('',*,*,#3702,.T.);
#3702 = EDGE_CURVE('',#3703,#3703,#3705,.T.);
#3703 = VERTEX_POINT('',#3704);
#3704 = CARTESIAN_POINT('',(132.,-141.91,1.51));
#3705 = CIRCLE('',#3706,0.51);
#3706 = AXIS2_PLACEMENT_3D('',#3707,#3708,#3709);
#3707 = CARTESIAN_POINT('',(132.,-141.4,1.51));
#3708 = DIRECTION('',(-0.,0.,-1.));
#3709 = DIRECTION('',(-0.,-1.,0.));
#3710 = FACE_BOUND('',#3711,.T.);
#3711 = EDGE_LOOP('',(#3712));
#3712 = ORIENTED_EDGE('',*,*,#3713,.T.);
#3713 = EDGE_CURVE('',#3714,#3714,#3716,.T.);
#3714 = VERTEX_POINT('',#3715);
#3715 = CARTESIAN_POINT('',(132.,-139.37,1.51));
#3716 = CIRCLE('',#3717,0.51);
#3717 = AXIS2_PLACEMENT_3D('',#3718,#3719,#3720);
#3718 = CARTESIAN_POINT('',(132.,-138.86,1.51));
#3719 = DIRECTION('',(-0.,0.,-1.));
#3720 = DIRECTION('',(-0.,-1.,0.));
#3721 = FACE_BOUND('',#3722,.T.);
#3722 = EDGE_LOOP('',(#3723));
#3723 = ORIENTED_EDGE('',*,*,#3724,.T.);
#3724 = EDGE_CURVE('',#3725,#3725,#3727,.T.);
#3725 = VERTEX_POINT('',#3726);
#3726 = CARTESIAN_POINT('',(132.,-136.83,1.51));
#3727 = CIRCLE('',#3728,0.51);
#3728 = AXIS2_PLACEMENT_3D('',#3729,#3730,#3731);
#3729 = CARTESIAN_POINT('',(132.,-136.32,1.51));
#3730 = DIRECTION('',(-0.,0.,-1.));
#3731 = DIRECTION('',(-0.,-1.,0.));
#3732 = FACE_BOUND('',#3733,.T.);
#3733 = EDGE_LOOP('',(#3734));
#3734 = ORIENTED_EDGE('',*,*,#3735,.T.);
#3735 = EDGE_CURVE('',#3736,#3736,#3738,.T.);
#3736 = VERTEX_POINT('',#3737);
#3737 = CARTESIAN_POINT('',(137.94,-142.43,1.51));
#3738 = CIRCLE('',#3739,0.635);
#3739 = AXIS2_PLACEMENT_3D('',#3740,#3741,#3742);
#3740 = CARTESIAN_POINT('',(137.94,-141.795,1.51));
#3741 = DIRECTION('',(-0.,0.,-1.));
#3742 = DIRECTION('',(-0.,-1.,0.));
#3743 = FACE_BOUND('',#3744,.T.);
#3744 = EDGE_LOOP('',(#3745));
#3745 = ORIENTED_EDGE('',*,*,#3746,.T.);
#3746 = EDGE_CURVE('',#3747,#3747,#3749,.T.);
#3747 = VERTEX_POINT('',#3748);
#3748 = CARTESIAN_POINT('',(137.94,-139.89,1.51));
#3749 = CIRCLE('',#3750,0.635);
#3750 = AXIS2_PLACEMENT_3D('',#3751,#3752,#3753);
#3751 = CARTESIAN_POINT('',(137.94,-139.255,1.51));
#3752 = DIRECTION('',(-0.,0.,-1.));
#3753 = DIRECTION('',(-0.,-1.,0.));
#3754 = FACE_BOUND('',#3755,.T.);
#3755 = EDGE_LOOP('',(#3756));
#3756 = ORIENTED_EDGE('',*,*,#3757,.T.);
#3757 = EDGE_CURVE('',#3758,#3758,#3760,.T.);
#3758 = VERTEX_POINT('',#3759);
#3759 = CARTESIAN_POINT('',(137.94,-137.35,1.51));
#3760 = CIRCLE('',#3761,0.635);
#3761 = AXIS2_PLACEMENT_3D('',#3762,#3763,#3764);
#3762 = CARTESIAN_POINT('',(137.94,-136.715,1.51));
#3763 = DIRECTION('',(-0.,0.,-1.));
#3764 = DIRECTION('',(-0.,-1.,0.));
#3765 = FACE_BOUND('',#3766,.T.);
#3766 = EDGE_LOOP('',(#3767));
#3767 = ORIENTED_EDGE('',*,*,#3768,.T.);
#3768 = EDGE_CURVE('',#3769,#3769,#3771,.T.);
#3769 = VERTEX_POINT('',#3770);
#3770 = CARTESIAN_POINT('',(132.,-134.29,1.51));
#3771 = CIRCLE('',#3772,0.51);
#3772 = AXIS2_PLACEMENT_3D('',#3773,#3774,#3775);
#3773 = CARTESIAN_POINT('',(132.,-133.78,1.51));
#3774 = DIRECTION('',(-0.,0.,-1.));
#3775 = DIRECTION('',(-0.,-1.,0.));
#3776 = FACE_BOUND('',#3777,.T.);
#3777 = EDGE_LOOP('',(#3778));
#3778 = ORIENTED_EDGE('',*,*,#3779,.T.);
#3779 = EDGE_CURVE('',#3780,#3780,#3782,.T.);
#3780 = VERTEX_POINT('',#3781);
#3781 = CARTESIAN_POINT('',(132.,-131.75,1.51));
#3782 = CIRCLE('',#3783,0.51);
#3783 = AXIS2_PLACEMENT_3D('',#3784,#3785,#3786);
#3784 = CARTESIAN_POINT('',(132.,-131.24,1.51));
#3785 = DIRECTION('',(-0.,0.,-1.));
#3786 = DIRECTION('',(-0.,-1.,0.));
#3787 = FACE_BOUND('',#3788,.T.);
#3788 = EDGE_LOOP('',(#3789));
#3789 = ORIENTED_EDGE('',*,*,#3790,.T.);
#3790 = EDGE_CURVE('',#3791,#3791,#3793,.T.);
#3791 = VERTEX_POINT('',#3792);
#3792 = CARTESIAN_POINT('',(137.94,-134.81,1.51));
#3793 = CIRCLE('',#3794,0.635);
#3794 = AXIS2_PLACEMENT_3D('',#3795,#3796,#3797);
#3795 = CARTESIAN_POINT('',(137.94,-134.175,1.51));
#3796 = DIRECTION('',(-0.,0.,-1.));
#3797 = DIRECTION('',(-0.,-1.,0.));
#3798 = FACE_BOUND('',#3799,.T.);
#3799 = EDGE_LOOP('',(#3800));
#3800 = ORIENTED_EDGE('',*,*,#3801,.T.);
#3801 = EDGE_CURVE('',#3802,#3802,#3804,.T.);
#3802 = VERTEX_POINT('',#3803);
#3803 = CARTESIAN_POINT('',(137.94,-132.27,1.51));
#3804 = CIRCLE('',#3805,0.635);
#3805 = AXIS2_PLACEMENT_3D('',#3806,#3807,#3808);
#3806 = CARTESIAN_POINT('',(137.94,-131.635,1.51));
#3807 = DIRECTION('',(-0.,0.,-1.));
#3808 = DIRECTION('',(-0.,-1.,0.));
#3809 = FACE_BOUND('',#3810,.T.);
#3810 = EDGE_LOOP('',(#3811));
#3811 = ORIENTED_EDGE('',*,*,#3812,.T.);
#3812 = EDGE_CURVE('',#3813,#3813,#3815,.T.);
#3813 = VERTEX_POINT('',#3814);
#3814 = CARTESIAN_POINT('',(137.94,-129.73,1.51));
#3815 = CIRCLE('',#3816,0.635);
#3816 = AXIS2_PLACEMENT_3D('',#3817,#3818,#3819);
#3817 = CARTESIAN_POINT('',(137.94,-129.095,1.51));
#3818 = DIRECTION('',(-0.,0.,-1.));
#3819 = DIRECTION('',(-0.,-1.,0.));
#3820 = FACE_BOUND('',#3821,.T.);
#3821 = EDGE_LOOP('',(#3822));
#3822 = ORIENTED_EDGE('',*,*,#3823,.T.);
#3823 = EDGE_CURVE('',#3824,#3824,#3826,.T.);
#3824 = VERTEX_POINT('',#3825);
#3825 = CARTESIAN_POINT('',(157.4,-146.99,1.51));
#3826 = CIRCLE('',#3827,0.51);
#3827 = AXIS2_PLACEMENT_3D('',#3828,#3829,#3830);
#3828 = CARTESIAN_POINT('',(157.4,-146.48,1.51));
#3829 = DIRECTION('',(-0.,0.,-1.));
#3830 = DIRECTION('',(5.57288420204E-14,-1.,-0.));
#3831 = FACE_BOUND('',#3832,.T.);
#3832 = EDGE_LOOP('',(#3833));
#3833 = ORIENTED_EDGE('',*,*,#3834,.T.);
#3834 = EDGE_CURVE('',#3835,#3835,#3837,.T.);
#3835 = VERTEX_POINT('',#3836);
#3836 = CARTESIAN_POINT('',(165.2,-146.85,1.51));
#3837 = CIRCLE('',#3838,0.4);
#3838 = AXIS2_PLACEMENT_3D('',#3839,#3840,#3841);
#3839 = CARTESIAN_POINT('',(165.2,-146.45,1.51));
#3840 = DIRECTION('',(-0.,0.,-1.));
#3841 = DIRECTION('',(-0.,-1.,0.));
#3842 = FACE_BOUND('',#3843,.T.);
#3843 = EDGE_LOOP('',(#3844));
#3844 = ORIENTED_EDGE('',*,*,#3845,.T.);
#3845 = EDGE_CURVE('',#3846,#3846,#3848,.T.);
#3846 = VERTEX_POINT('',#3847);
#3847 = CARTESIAN_POINT('',(157.4,-144.45,1.51));
#3848 = CIRCLE('',#3849,0.51);
#3849 = AXIS2_PLACEMENT_3D('',#3850,#3851,#3852);
#3850 = CARTESIAN_POINT('',(157.4,-143.94,1.51));
#3851 = DIRECTION('',(-0.,0.,-1.));
#3852 = DIRECTION('',(5.57288420204E-14,-1.,-0.));
#3853 = FACE_BOUND('',#3854,.T.);
#3854 = EDGE_LOOP('',(#3855));
#3855 = ORIENTED_EDGE('',*,*,#3856,.T.);
#3856 = EDGE_CURVE('',#3857,#3857,#3859,.T.);
#3857 = VERTEX_POINT('',#3858);
#3858 = CARTESIAN_POINT('',(176.2,-156.473,1.51));
#3859 = CIRCLE('',#3860,0.508);
#3860 = AXIS2_PLACEMENT_3D('',#3861,#3862,#3863);
#3861 = CARTESIAN_POINT('',(176.2,-155.965,1.51));
#3862 = DIRECTION('',(-0.,0.,-1.));
#3863 = DIRECTION('',(-0.,-1.,0.));
#3864 = FACE_BOUND('',#3865,.T.);
#3865 = EDGE_LOOP('',(#3866));
#3866 = ORIENTED_EDGE('',*,*,#3867,.F.);
#3867 = EDGE_CURVE('',#3868,#3868,#3870,.T.);
#3868 = VERTEX_POINT('',#3869);
#3869 = CARTESIAN_POINT('',(173.5,-152.,1.51));
#3870 = CIRCLE('',#3871,1.5);
#3871 = AXIS2_PLACEMENT_3D('',#3872,#3873,#3874);
#3872 = CARTESIAN_POINT('',(172.,-152.,1.51));
#3873 = DIRECTION('',(0.,0.,1.));
#3874 = DIRECTION('',(1.,0.,-0.));
#3875 = FACE_BOUND('',#3876,.T.);
#3876 = EDGE_LOOP('',(#3877));
#3877 = ORIENTED_EDGE('',*,*,#3878,.T.);
#3878 = EDGE_CURVE('',#3879,#3879,#3881,.T.);
#3879 = VERTEX_POINT('',#3880);
#3880 = CARTESIAN_POINT('',(178.74,-156.473,1.51));
#3881 = CIRCLE('',#3882,0.508);
#3882 = AXIS2_PLACEMENT_3D('',#3883,#3884,#3885);
#3883 = CARTESIAN_POINT('',(178.74,-155.965,1.51));
#3884 = DIRECTION('',(-0.,0.,-1.));
#3885 = DIRECTION('',(-0.,-1.,0.));
#3886 = FACE_BOUND('',#3887,.T.);
#3887 = EDGE_LOOP('',(#3888));
#3888 = ORIENTED_EDGE('',*,*,#3889,.T.);
#3889 = EDGE_CURVE('',#3890,#3890,#3892,.T.);
#3890 = VERTEX_POINT('',#3891);
#3891 = CARTESIAN_POINT('',(181.28,-156.473,1.51));
#3892 = CIRCLE('',#3893,0.508);
#3893 = AXIS2_PLACEMENT_3D('',#3894,#3895,#3896);
#3894 = CARTESIAN_POINT('',(181.28,-155.965,1.51));
#3895 = DIRECTION('',(-0.,0.,-1.));
#3896 = DIRECTION('',(-0.,-1.,0.));
#3897 = FACE_BOUND('',#3898,.T.);
#3898 = EDGE_LOOP('',(#3899));
#3899 = ORIENTED_EDGE('',*,*,#3900,.T.);
#3900 = EDGE_CURVE('',#3901,#3901,#3903,.T.);
#3901 = VERTEX_POINT('',#3902);
#3902 = CARTESIAN_POINT('',(183.82,-156.473,1.51));
#3903 = CIRCLE('',#3904,0.508);
#3904 = AXIS2_PLACEMENT_3D('',#3905,#3906,#3907);
#3905 = CARTESIAN_POINT('',(183.82,-155.965,1.51));
#3906 = DIRECTION('',(-0.,0.,-1.));
#3907 = DIRECTION('',(-0.,-1.,0.));
#3908 = FACE_BOUND('',#3909,.T.);
#3909 = EDGE_LOOP('',(#3910));
#3910 = ORIENTED_EDGE('',*,*,#3911,.T.);
#3911 = EDGE_CURVE('',#3912,#3912,#3914,.T.);
#3912 = VERTEX_POINT('',#3913);
#3913 = CARTESIAN_POINT('',(186.36,-156.473,1.51));
#3914 = CIRCLE('',#3915,0.508);
#3915 = AXIS2_PLACEMENT_3D('',#3916,#3917,#3918);
#3916 = CARTESIAN_POINT('',(186.36,-155.965,1.51));
#3917 = DIRECTION('',(-0.,0.,-1.));
#3918 = DIRECTION('',(-0.,-1.,0.));
#3919 = FACE_BOUND('',#3920,.T.);
#3920 = EDGE_LOOP('',(#3921));
#3921 = ORIENTED_EDGE('',*,*,#3922,.T.);
#3922 = EDGE_CURVE('',#3923,#3923,#3925,.T.);
#3923 = VERTEX_POINT('',#3924);
#3924 = CARTESIAN_POINT('',(181.7,-150.615,1.51));
#3925 = CIRCLE('',#3926,0.65);
#3926 = AXIS2_PLACEMENT_3D('',#3927,#3928,#3929);
#3927 = CARTESIAN_POINT('',(181.7,-149.965,1.51));
#3928 = DIRECTION('',(-0.,0.,-1.));
#3929 = DIRECTION('',(-0.,-1.,0.));
#3930 = FACE_BOUND('',#3931,.T.);
#3931 = EDGE_LOOP('',(#3932));
#3932 = ORIENTED_EDGE('',*,*,#3933,.T.);
#3933 = EDGE_CURVE('',#3934,#3934,#3936,.T.);
#3934 = VERTEX_POINT('',#3935);
#3935 = CARTESIAN_POINT('',(181.7,-145.615,1.51));
#3936 = CIRCLE('',#3937,0.65);
#3937 = AXIS2_PLACEMENT_3D('',#3938,#3939,#3940);
#3938 = CARTESIAN_POINT('',(181.7,-144.965,1.51));
#3939 = DIRECTION('',(-0.,0.,-1.));
#3940 = DIRECTION('',(-0.,-1.,0.));
#3941 = FACE_BOUND('',#3942,.T.);
#3942 = EDGE_LOOP('',(#3943));
#3943 = ORIENTED_EDGE('',*,*,#3944,.T.);
#3944 = EDGE_CURVE('',#3945,#3945,#3947,.T.);
#3945 = VERTEX_POINT('',#3946);
#3946 = CARTESIAN_POINT('',(157.4,-141.91,1.51));
#3947 = CIRCLE('',#3948,0.51);
#3948 = AXIS2_PLACEMENT_3D('',#3949,#3950,#3951);
#3949 = CARTESIAN_POINT('',(157.4,-141.4,1.51));
#3950 = DIRECTION('',(-0.,0.,-1.));
#3951 = DIRECTION('',(5.57288420204E-14,-1.,-0.));
#3952 = FACE_BOUND('',#3953,.T.);
#3953 = EDGE_LOOP('',(#3954));
#3954 = ORIENTED_EDGE('',*,*,#3955,.T.);
#3955 = EDGE_CURVE('',#3956,#3956,#3958,.T.);
#3956 = VERTEX_POINT('',#3957);
#3957 = CARTESIAN_POINT('',(157.4,-139.37,1.51));
#3958 = CIRCLE('',#3959,0.51);
#3959 = AXIS2_PLACEMENT_3D('',#3960,#3961,#3962);
#3960 = CARTESIAN_POINT('',(157.4,-138.86,1.51));
#3961 = DIRECTION('',(-0.,0.,-1.));
#3962 = DIRECTION('',(5.57288420204E-14,-1.,-0.));
#3963 = FACE_BOUND('',#3964,.T.);
#3964 = EDGE_LOOP('',(#3965));
#3965 = ORIENTED_EDGE('',*,*,#3966,.T.);
#3966 = EDGE_CURVE('',#3967,#3967,#3969,.T.);
#3967 = VERTEX_POINT('',#3968);
#3968 = CARTESIAN_POINT('',(157.4,-136.83,1.51));
#3969 = CIRCLE('',#3970,0.51);
#3970 = AXIS2_PLACEMENT_3D('',#3971,#3972,#3973);
#3971 = CARTESIAN_POINT('',(157.4,-136.32,1.51));
#3972 = DIRECTION('',(-0.,0.,-1.));
#3973 = DIRECTION('',(5.57288420204E-14,-1.,-0.));
#3974 = FACE_BOUND('',#3975,.T.);
#3975 = EDGE_LOOP('',(#3976));
#3976 = ORIENTED_EDGE('',*,*,#3977,.T.);
#3977 = EDGE_CURVE('',#3978,#3978,#3980,.T.);
#3978 = VERTEX_POINT('',#3979);
#3979 = CARTESIAN_POINT('',(157.4,-134.29,1.51));
#3980 = CIRCLE('',#3981,0.51);
#3981 = AXIS2_PLACEMENT_3D('',#3982,#3983,#3984);
#3982 = CARTESIAN_POINT('',(157.4,-133.78,1.51));
#3983 = DIRECTION('',(-0.,0.,-1.));
#3984 = DIRECTION('',(5.57288420204E-14,-1.,-0.));
#3985 = FACE_BOUND('',#3986,.T.);
#3986 = EDGE_LOOP('',(#3987));
#3987 = ORIENTED_EDGE('',*,*,#3988,.T.);
#3988 = EDGE_CURVE('',#3989,#3989,#3991,.T.);
#3989 = VERTEX_POINT('',#3990);
#3990 = CARTESIAN_POINT('',(157.4,-131.75,1.51));
#3991 = CIRCLE('',#3992,0.51);
#3992 = AXIS2_PLACEMENT_3D('',#3993,#3994,#3995);
#3993 = CARTESIAN_POINT('',(157.4,-131.24,1.51));
#3994 = DIRECTION('',(-0.,0.,-1.));
#3995 = DIRECTION('',(5.57288420204E-14,-1.,-0.));
#3996 = FACE_BOUND('',#3997,.T.);
#3997 = EDGE_LOOP('',(#3998));
#3998 = ORIENTED_EDGE('',*,*,#3999,.T.);
#3999 = EDGE_CURVE('',#4000,#4000,#4002,.T.);
#4000 = VERTEX_POINT('',#4001);
#4001 = CARTESIAN_POINT('',(181.7,-140.615,1.51));
#4002 = CIRCLE('',#4003,0.65);
#4003 = AXIS2_PLACEMENT_3D('',#4004,#4005,#4006);
#4004 = CARTESIAN_POINT('',(181.7,-139.965,1.51));
#4005 = DIRECTION('',(-0.,0.,-1.));
#4006 = DIRECTION('',(-0.,-1.,0.));
#4007 = FACE_BOUND('',#4008,.T.);
#4008 = EDGE_LOOP('',(#4009));
#4009 = ORIENTED_EDGE('',*,*,#4010,.T.);
#4010 = EDGE_CURVE('',#4011,#4011,#4013,.T.);
#4011 = VERTEX_POINT('',#4012);
#4012 = CARTESIAN_POINT('',(181.5375,-133.115,1.51));
#4013 = CIRCLE('',#4014,0.65);
#4014 = AXIS2_PLACEMENT_3D('',#4015,#4016,#4017);
#4015 = CARTESIAN_POINT('',(181.5375,-132.465,1.51));
#4016 = DIRECTION('',(-0.,0.,-1.));
#4017 = DIRECTION('',(-0.,-1.,0.));
#4018 = FACE_BOUND('',#4019,.T.);
#4019 = EDGE_LOOP('',(#4020));
#4020 = ORIENTED_EDGE('',*,*,#4021,.T.);
#4021 = EDGE_CURVE('',#4022,#4022,#4024,.T.);
#4022 = VERTEX_POINT('',#4023);
#4023 = CARTESIAN_POINT('',(102.675,-128.728,1.51));
#4024 = CIRCLE('',#4025,0.508);
#4025 = AXIS2_PLACEMENT_3D('',#4026,#4027,#4028);
#4026 = CARTESIAN_POINT('',(102.675,-128.22,1.51));
#4027 = DIRECTION('',(-0.,0.,-1.));
#4028 = DIRECTION('',(-2.797412345512E-14,-1.,0.));
#4029 = FACE_BOUND('',#4030,.T.);
#4030 = EDGE_LOOP('',(#4031));
#4031 = ORIENTED_EDGE('',*,*,#4032,.T.);
#4032 = EDGE_CURVE('',#4033,#4033,#4035,.T.);
#4033 = VERTEX_POINT('',#4034);
#4034 = CARTESIAN_POINT('',(102.675,-126.188,1.51));
#4035 = CIRCLE('',#4036,0.508);
#4036 = AXIS2_PLACEMENT_3D('',#4037,#4038,#4039);
#4037 = CARTESIAN_POINT('',(102.675,-125.68,1.51));
#4038 = DIRECTION('',(-0.,0.,-1.));
#4039 = DIRECTION('',(-2.797412345512E-14,-1.,0.));
#4040 = FACE_BOUND('',#4041,.T.);
#4041 = EDGE_LOOP('',(#4042));
#4042 = ORIENTED_EDGE('',*,*,#4043,.T.);
#4043 = EDGE_CURVE('',#4044,#4044,#4046,.T.);
#4044 = VERTEX_POINT('',#4045);
#4045 = CARTESIAN_POINT('',(102.16,-120.29,1.51));
#4046 = CIRCLE('',#4047,0.4);
#4047 = AXIS2_PLACEMENT_3D('',#4048,#4049,#4050);
#4048 = CARTESIAN_POINT('',(102.16,-119.89,1.51));
#4049 = DIRECTION('',(-0.,0.,-1.));
#4050 = DIRECTION('',(-0.,-1.,0.));
#4051 = FACE_BOUND('',#4052,.T.);
#4052 = EDGE_LOOP('',(#4053));
#4053 = ORIENTED_EDGE('',*,*,#4054,.T.);
#4054 = EDGE_CURVE('',#4055,#4055,#4057,.T.);
#4055 = VERTEX_POINT('',#4056);
#4056 = CARTESIAN_POINT('',(102.16,-117.75,1.51));
#4057 = CIRCLE('',#4058,0.4);
#4058 = AXIS2_PLACEMENT_3D('',#4059,#4060,#4061);
#4059 = CARTESIAN_POINT('',(102.16,-117.35,1.51));
#4060 = DIRECTION('',(-0.,0.,-1.));
#4061 = DIRECTION('',(-0.,-1.,0.));
#4062 = FACE_BOUND('',#4063,.T.);
#4063 = EDGE_LOOP('',(#4064));
#4064 = ORIENTED_EDGE('',*,*,#4065,.T.);
#4065 = EDGE_CURVE('',#4066,#4066,#4068,.T.);
#4066 = VERTEX_POINT('',#4067);
#4067 = CARTESIAN_POINT('',(109.315,-116.54,1.51));
#4068 = CIRCLE('',#4069,0.51);
#4069 = AXIS2_PLACEMENT_3D('',#4070,#4071,#4072);
#4070 = CARTESIAN_POINT('',(109.315,-116.03,1.51));
#4071 = DIRECTION('',(-0.,0.,-1.));
#4072 = DIRECTION('',(-0.,-1.,0.));
#4073 = FACE_BOUND('',#4074,.T.);
#4074 = EDGE_LOOP('',(#4075));
#4075 = ORIENTED_EDGE('',*,*,#4076,.T.);
#4076 = EDGE_CURVE('',#4077,#4077,#4079,.T.);
#4077 = VERTEX_POINT('',#4078);
#4078 = CARTESIAN_POINT('',(114.86,-120.29,1.51));
#4079 = CIRCLE('',#4080,0.4);
#4080 = AXIS2_PLACEMENT_3D('',#4081,#4082,#4083);
#4081 = CARTESIAN_POINT('',(114.86,-119.89,1.51));
#4082 = DIRECTION('',(-0.,0.,-1.));
#4083 = DIRECTION('',(-0.,-1.,0.));
#4084 = FACE_BOUND('',#4085,.T.);
#4085 = EDGE_LOOP('',(#4086));
#4086 = ORIENTED_EDGE('',*,*,#4087,.T.);
#4087 = EDGE_CURVE('',#4088,#4088,#4090,.T.);
#4088 = VERTEX_POINT('',#4089);
#4089 = CARTESIAN_POINT('',(114.86,-117.75,1.51));
#4090 = CIRCLE('',#4091,0.4);
#4091 = AXIS2_PLACEMENT_3D('',#4092,#4093,#4094);
#4092 = CARTESIAN_POINT('',(114.86,-117.35,1.51));
#4093 = DIRECTION('',(-0.,0.,-1.));
#4094 = DIRECTION('',(-0.,-1.,0.));
#4095 = FACE_BOUND('',#4096,.T.);
#4096 = EDGE_LOOP('',(#4097));
#4097 = ORIENTED_EDGE('',*,*,#4098,.T.);
#4098 = EDGE_CURVE('',#4099,#4099,#4101,.T.);
#4099 = VERTEX_POINT('',#4100);
#4100 = CARTESIAN_POINT('',(132.,-129.21,1.51));
#4101 = CIRCLE('',#4102,0.51);
#4102 = AXIS2_PLACEMENT_3D('',#4103,#4104,#4105);
#4103 = CARTESIAN_POINT('',(132.,-128.7,1.51));
#4104 = DIRECTION('',(-0.,0.,-1.));
#4105 = DIRECTION('',(-0.,-1.,0.));
#4106 = FACE_BOUND('',#4107,.T.);
#4107 = EDGE_LOOP('',(#4108));
#4108 = ORIENTED_EDGE('',*,*,#4109,.T.);
#4109 = EDGE_CURVE('',#4110,#4110,#4112,.T.);
#4110 = VERTEX_POINT('',#4111);
#4111 = CARTESIAN_POINT('',(132.,-126.67,1.51));
#4112 = CIRCLE('',#4113,0.51);
#4113 = AXIS2_PLACEMENT_3D('',#4114,#4115,#4116);
#4114 = CARTESIAN_POINT('',(132.,-126.16,1.51));
#4115 = DIRECTION('',(-0.,0.,-1.));
#4116 = DIRECTION('',(-0.,-1.,0.));
#4117 = FACE_BOUND('',#4118,.T.);
#4118 = EDGE_LOOP('',(#4119));
#4119 = ORIENTED_EDGE('',*,*,#4120,.T.);
#4120 = EDGE_CURVE('',#4121,#4121,#4123,.T.);
#4121 = VERTEX_POINT('',#4122);
#4122 = CARTESIAN_POINT('',(132.,-124.13,1.51));
#4123 = CIRCLE('',#4124,0.51);
#4124 = AXIS2_PLACEMENT_3D('',#4125,#4126,#4127);
#4125 = CARTESIAN_POINT('',(132.,-123.62,1.51));
#4126 = DIRECTION('',(-0.,0.,-1.));
#4127 = DIRECTION('',(-0.,-1.,0.));
#4128 = FACE_BOUND('',#4129,.T.);
#4129 = EDGE_LOOP('',(#4130));
#4130 = ORIENTED_EDGE('',*,*,#4131,.T.);
#4131 = EDGE_CURVE('',#4132,#4132,#4134,.T.);
#4132 = VERTEX_POINT('',#4133);
#4133 = CARTESIAN_POINT('',(137.94,-127.19,1.51));
#4134 = CIRCLE('',#4135,0.635);
#4135 = AXIS2_PLACEMENT_3D('',#4136,#4137,#4138);
#4136 = CARTESIAN_POINT('',(137.94,-126.555,1.51));
#4137 = DIRECTION('',(-0.,0.,-1.));
#4138 = DIRECTION('',(-0.,-1.,0.));
#4139 = FACE_BOUND('',#4140,.T.);
#4140 = EDGE_LOOP('',(#4141));
#4141 = ORIENTED_EDGE('',*,*,#4142,.T.);
#4142 = EDGE_CURVE('',#4143,#4143,#4145,.T.);
#4143 = VERTEX_POINT('',#4144);
#4144 = CARTESIAN_POINT('',(137.94,-124.65,1.51));
#4145 = CIRCLE('',#4146,0.635);
#4146 = AXIS2_PLACEMENT_3D('',#4147,#4148,#4149);
#4147 = CARTESIAN_POINT('',(137.94,-124.015,1.51));
#4148 = DIRECTION('',(-0.,0.,-1.));
#4149 = DIRECTION('',(-0.,-1.,0.));
#4150 = FACE_BOUND('',#4151,.T.);
#4151 = EDGE_LOOP('',(#4152));
#4152 = ORIENTED_EDGE('',*,*,#4153,.F.);
#4153 = EDGE_CURVE('',#4154,#4154,#4156,.T.);
#4154 = VERTEX_POINT('',#4155);
#4155 = CARTESIAN_POINT('',(126.5,-122.,1.51));
#4156 = CIRCLE('',#4157,1.5);
#4157 = AXIS2_PLACEMENT_3D('',#4158,#4159,#4160);
#4158 = CARTESIAN_POINT('',(125.,-122.,1.51));
#4159 = DIRECTION('',(0.,0.,1.));
#4160 = DIRECTION('',(1.,0.,-0.));
#4161 = FACE_BOUND('',#4162,.T.);
#4162 = EDGE_LOOP('',(#4163));
#4163 = ORIENTED_EDGE('',*,*,#4164,.T.);
#4164 = EDGE_CURVE('',#4165,#4165,#4167,.T.);
#4165 = VERTEX_POINT('',#4166);
#4166 = CARTESIAN_POINT('',(132.,-121.59,1.51));
#4167 = CIRCLE('',#4168,0.51);
#4168 = AXIS2_PLACEMENT_3D('',#4169,#4170,#4171);
#4169 = CARTESIAN_POINT('',(132.,-121.08,1.51));
#4170 = DIRECTION('',(-0.,0.,-1.));
#4171 = DIRECTION('',(-0.,-1.,0.));
#4172 = FACE_BOUND('',#4173,.T.);
#4173 = EDGE_LOOP('',(#4174));
#4174 = ORIENTED_EDGE('',*,*,#4175,.T.);
#4175 = EDGE_CURVE('',#4176,#4176,#4178,.T.);
#4176 = VERTEX_POINT('',#4177);
#4177 = CARTESIAN_POINT('',(132.,-119.05,1.51));
#4178 = CIRCLE('',#4179,0.51);
#4179 = AXIS2_PLACEMENT_3D('',#4180,#4181,#4182);
#4180 = CARTESIAN_POINT('',(132.,-118.54,1.51));
#4181 = DIRECTION('',(-0.,0.,-1.));
#4182 = DIRECTION('',(-0.,-1.,0.));
#4183 = FACE_BOUND('',#4184,.T.);
#4184 = EDGE_LOOP('',(#4185));
#4185 = ORIENTED_EDGE('',*,*,#4186,.T.);
#4186 = EDGE_CURVE('',#4187,#4187,#4189,.T.);
#4187 = VERTEX_POINT('',#4188);
#4188 = CARTESIAN_POINT('',(132.,-116.51,1.51));
#4189 = CIRCLE('',#4190,0.51);
#4190 = AXIS2_PLACEMENT_3D('',#4191,#4192,#4193);
#4191 = CARTESIAN_POINT('',(132.,-116.,1.51));
#4192 = DIRECTION('',(-0.,0.,-1.));
#4193 = DIRECTION('',(-0.,-1.,0.));
#4194 = FACE_BOUND('',#4195,.T.);
#4195 = EDGE_LOOP('',(#4196));
#4196 = ORIENTED_EDGE('',*,*,#4197,.T.);
#4197 = EDGE_CURVE('',#4198,#4198,#4200,.T.);
#4198 = VERTEX_POINT('',#4199);
#4199 = CARTESIAN_POINT('',(102.16,-115.21,1.51));
#4200 = CIRCLE('',#4201,0.4);
#4201 = AXIS2_PLACEMENT_3D('',#4202,#4203,#4204);
#4202 = CARTESIAN_POINT('',(102.16,-114.81,1.51));
#4203 = DIRECTION('',(-0.,0.,-1.));
#4204 = DIRECTION('',(-0.,-1.,0.));
#4205 = FACE_BOUND('',#4206,.T.);
#4206 = EDGE_LOOP('',(#4207));
#4207 = ORIENTED_EDGE('',*,*,#4208,.T.);
#4208 = EDGE_CURVE('',#4209,#4209,#4211,.T.);
#4209 = VERTEX_POINT('',#4210);
#4210 = CARTESIAN_POINT('',(102.16,-112.67,1.51));
#4211 = CIRCLE('',#4212,0.4);
#4212 = AXIS2_PLACEMENT_3D('',#4213,#4214,#4215);
#4213 = CARTESIAN_POINT('',(102.16,-112.27,1.51));
#4214 = DIRECTION('',(-0.,0.,-1.));
#4215 = DIRECTION('',(-0.,-1.,0.));
#4216 = FACE_BOUND('',#4217,.T.);
#4217 = EDGE_LOOP('',(#4218));
#4218 = ORIENTED_EDGE('',*,*,#4219,.T.);
#4219 = EDGE_CURVE('',#4220,#4220,#4222,.T.);
#4220 = VERTEX_POINT('',#4221);
#4221 = CARTESIAN_POINT('',(109.315,-114.,1.51));
#4222 = CIRCLE('',#4223,0.51);
#4223 = AXIS2_PLACEMENT_3D('',#4224,#4225,#4226);
#4224 = CARTESIAN_POINT('',(109.315,-113.49,1.51));
#4225 = DIRECTION('',(-0.,0.,-1.));
#4226 = DIRECTION('',(-0.,-1.,0.));
#4227 = FACE_BOUND('',#4228,.T.);
#4228 = EDGE_LOOP('',(#4229));
#4229 = ORIENTED_EDGE('',*,*,#4230,.T.);
#4230 = EDGE_CURVE('',#4231,#4231,#4233,.T.);
#4231 = VERTEX_POINT('',#4232);
#4232 = CARTESIAN_POINT('',(102.16,-110.13,1.51));
#4233 = CIRCLE('',#4234,0.4);
#4234 = AXIS2_PLACEMENT_3D('',#4235,#4236,#4237);
#4235 = CARTESIAN_POINT('',(102.16,-109.73,1.51));
#4236 = DIRECTION('',(-0.,0.,-1.));
#4237 = DIRECTION('',(-0.,-1.,0.));
#4238 = FACE_BOUND('',#4239,.T.);
#4239 = EDGE_LOOP('',(#4240));
#4240 = ORIENTED_EDGE('',*,*,#4241,.T.);
#4241 = EDGE_CURVE('',#4242,#4242,#4244,.T.);
#4242 = VERTEX_POINT('',#4243);
#4243 = CARTESIAN_POINT('',(109.315,-111.46,1.51));
#4244 = CIRCLE('',#4245,0.51);
#4245 = AXIS2_PLACEMENT_3D('',#4246,#4247,#4248);
#4246 = CARTESIAN_POINT('',(109.315,-110.95,1.51));
#4247 = DIRECTION('',(-0.,0.,-1.));
#4248 = DIRECTION('',(-0.,-1.,0.));
#4249 = FACE_BOUND('',#4250,.T.);
#4250 = EDGE_LOOP('',(#4251));
#4251 = ORIENTED_EDGE('',*,*,#4252,.T.);
#4252 = EDGE_CURVE('',#4253,#4253,#4255,.T.);
#4253 = VERTEX_POINT('',#4254);
#4254 = CARTESIAN_POINT('',(114.86,-115.21,1.51));
#4255 = CIRCLE('',#4256,0.4);
#4256 = AXIS2_PLACEMENT_3D('',#4257,#4258,#4259);
#4257 = CARTESIAN_POINT('',(114.86,-114.81,1.51));
#4258 = DIRECTION('',(-0.,0.,-1.));
#4259 = DIRECTION('',(-0.,-1.,0.));
#4260 = FACE_BOUND('',#4261,.T.);
#4261 = EDGE_LOOP('',(#4262));
#4262 = ORIENTED_EDGE('',*,*,#4263,.T.);
#4263 = EDGE_CURVE('',#4264,#4264,#4266,.T.);
#4264 = VERTEX_POINT('',#4265);
#4265 = CARTESIAN_POINT('',(114.86,-112.67,1.51));
#4266 = CIRCLE('',#4267,0.4);
#4267 = AXIS2_PLACEMENT_3D('',#4268,#4269,#4270);
#4268 = CARTESIAN_POINT('',(114.86,-112.27,1.51));
#4269 = DIRECTION('',(-0.,0.,-1.));
#4270 = DIRECTION('',(-0.,-1.,0.));
#4271 = FACE_BOUND('',#4272,.T.);
#4272 = EDGE_LOOP('',(#4273));
#4273 = ORIENTED_EDGE('',*,*,#4274,.T.);
#4274 = EDGE_CURVE('',#4275,#4275,#4277,.T.);
#4275 = VERTEX_POINT('',#4276);
#4276 = CARTESIAN_POINT('',(120.989646,-113.49,1.51));
#4277 = CIRCLE('',#4278,0.5);
#4278 = AXIS2_PLACEMENT_3D('',#4279,#4280,#4281);
#4279 = CARTESIAN_POINT('',(120.989646,-112.99,1.51));
#4280 = DIRECTION('',(-0.,0.,-1.));
#4281 = DIRECTION('',(-0.,-1.,0.));
#4282 = FACE_BOUND('',#4283,.T.);
#4283 = EDGE_LOOP('',(#4284));
#4284 = ORIENTED_EDGE('',*,*,#4285,.T.);
#4285 = EDGE_CURVE('',#4286,#4286,#4288,.T.);
#4286 = VERTEX_POINT('',#4287);
#4287 = CARTESIAN_POINT('',(114.86,-110.13,1.51));
#4288 = CIRCLE('',#4289,0.4);
#4289 = AXIS2_PLACEMENT_3D('',#4290,#4291,#4292);
#4290 = CARTESIAN_POINT('',(114.86,-109.73,1.51));
#4291 = DIRECTION('',(-0.,0.,-1.));
#4292 = DIRECTION('',(-0.,-1.,0.));
#4293 = FACE_BOUND('',#4294,.T.);
#4294 = EDGE_LOOP('',(#4295));
#4295 = ORIENTED_EDGE('',*,*,#4296,.T.);
#4296 = EDGE_CURVE('',#4297,#4297,#4299,.T.);
#4297 = VERTEX_POINT('',#4298);
#4298 = CARTESIAN_POINT('',(102.16,-107.59,1.51));
#4299 = CIRCLE('',#4300,0.4);
#4300 = AXIS2_PLACEMENT_3D('',#4301,#4302,#4303);
#4301 = CARTESIAN_POINT('',(102.16,-107.19,1.51));
#4302 = DIRECTION('',(-0.,0.,-1.));
#4303 = DIRECTION('',(-0.,-1.,0.));
#4304 = FACE_BOUND('',#4305,.T.);
#4305 = EDGE_LOOP('',(#4306));
#4306 = ORIENTED_EDGE('',*,*,#4307,.T.);
#4307 = EDGE_CURVE('',#4308,#4308,#4310,.T.);
#4308 = VERTEX_POINT('',#4309);
#4309 = CARTESIAN_POINT('',(109.315,-108.92,1.51));
#4310 = CIRCLE('',#4311,0.51);
#4311 = AXIS2_PLACEMENT_3D('',#4312,#4313,#4314);
#4312 = CARTESIAN_POINT('',(109.315,-108.41,1.51));
#4313 = DIRECTION('',(-0.,0.,-1.));
#4314 = DIRECTION('',(-0.,-1.,0.));
#4315 = FACE_BOUND('',#4316,.T.);
#4316 = EDGE_LOOP('',(#4317));
#4317 = ORIENTED_EDGE('',*,*,#4318,.T.);
#4318 = EDGE_CURVE('',#4319,#4319,#4321,.T.);
#4319 = VERTEX_POINT('',#4320);
#4320 = CARTESIAN_POINT('',(102.16,-105.05,1.51));
#4321 = CIRCLE('',#4322,0.4);
#4322 = AXIS2_PLACEMENT_3D('',#4323,#4324,#4325);
#4323 = CARTESIAN_POINT('',(102.16,-104.65,1.51));
#4324 = DIRECTION('',(-0.,0.,-1.));
#4325 = DIRECTION('',(-0.,-1.,0.));
#4326 = FACE_BOUND('',#4327,.T.);
#4327 = EDGE_LOOP('',(#4328));
#4328 = ORIENTED_EDGE('',*,*,#4329,.T.);
#4329 = EDGE_CURVE('',#4330,#4330,#4332,.T.);
#4330 = VERTEX_POINT('',#4331);
#4331 = CARTESIAN_POINT('',(102.16,-102.51,1.51));
#4332 = CIRCLE('',#4333,0.4);
#4333 = AXIS2_PLACEMENT_3D('',#4334,#4335,#4336);
#4334 = CARTESIAN_POINT('',(102.16,-102.11,1.51));
#4335 = DIRECTION('',(-0.,0.,-1.));
#4336 = DIRECTION('',(-0.,-1.,0.));
#4337 = FACE_BOUND('',#4338,.T.);
#4338 = EDGE_LOOP('',(#4339));
#4339 = ORIENTED_EDGE('',*,*,#4340,.T.);
#4340 = EDGE_CURVE('',#4341,#4341,#4343,.T.);
#4341 = VERTEX_POINT('',#4342);
#4342 = CARTESIAN_POINT('',(114.86,-107.59,1.51));
#4343 = CIRCLE('',#4344,0.4);
#4344 = AXIS2_PLACEMENT_3D('',#4345,#4346,#4347);
#4345 = CARTESIAN_POINT('',(114.86,-107.19,1.51));
#4346 = DIRECTION('',(-0.,0.,-1.));
#4347 = DIRECTION('',(-0.,-1.,0.));
#4348 = FACE_BOUND('',#4349,.T.);
#4349 = EDGE_LOOP('',(#4350));
#4350 = ORIENTED_EDGE('',*,*,#4351,.T.);
#4351 = EDGE_CURVE('',#4352,#4352,#4354,.T.);
#4352 = VERTEX_POINT('',#4353);
#4353 = CARTESIAN_POINT('',(114.86,-105.05,1.51));
#4354 = CIRCLE('',#4355,0.4);
#4355 = AXIS2_PLACEMENT_3D('',#4356,#4357,#4358);
#4356 = CARTESIAN_POINT('',(114.86,-104.65,1.51));
#4357 = DIRECTION('',(-0.,0.,-1.));
#4358 = DIRECTION('',(-0.,-1.,0.));
#4359 = FACE_BOUND('',#4360,.T.);
#4360 = EDGE_LOOP('',(#4361));
#4361 = ORIENTED_EDGE('',*,*,#4362,.T.);
#4362 = EDGE_CURVE('',#4363,#4363,#4365,.T.);
#4363 = VERTEX_POINT('',#4364);
#4364 = CARTESIAN_POINT('',(114.86,-102.51,1.51));
#4365 = CIRCLE('',#4366,0.4);
#4366 = AXIS2_PLACEMENT_3D('',#4367,#4368,#4369);
#4367 = CARTESIAN_POINT('',(114.86,-102.11,1.51));
#4368 = DIRECTION('',(-0.,0.,-1.));
#4369 = DIRECTION('',(-0.,-1.,0.));
#4370 = FACE_BOUND('',#4371,.T.);
#4371 = EDGE_LOOP('',(#4372));
#4372 = ORIENTED_EDGE('',*,*,#4373,.T.);
#4373 = EDGE_CURVE('',#4374,#4374,#4376,.T.);
#4374 = VERTEX_POINT('',#4375);
#4375 = CARTESIAN_POINT('',(125.989646,-113.49,1.51));
#4376 = CIRCLE('',#4377,0.5);
#4377 = AXIS2_PLACEMENT_3D('',#4378,#4379,#4380);
#4378 = CARTESIAN_POINT('',(125.989646,-112.99,1.51));
#4379 = DIRECTION('',(-0.,0.,-1.));
#4380 = DIRECTION('',(-0.,-1.,0.));
#4381 = FACE_BOUND('',#4382,.T.);
#4382 = EDGE_LOOP('',(#4383));
#4383 = ORIENTED_EDGE('',*,*,#4384,.T.);
#4384 = EDGE_CURVE('',#4385,#4385,#4387,.T.);
#4385 = VERTEX_POINT('',#4386);
#4386 = CARTESIAN_POINT('',(132.,-113.97,1.51));
#4387 = CIRCLE('',#4388,0.51);
#4388 = AXIS2_PLACEMENT_3D('',#4389,#4390,#4391);
#4389 = CARTESIAN_POINT('',(132.,-113.46,1.51));
#4390 = DIRECTION('',(-0.,0.,-1.));
#4391 = DIRECTION('',(-0.,-1.,0.));
#4392 = FACE_BOUND('',#4393,.T.);
#4393 = EDGE_LOOP('',(#4394));
#4394 = ORIENTED_EDGE('',*,*,#4395,.T.);
#4395 = EDGE_CURVE('',#4396,#4396,#4398,.T.);
#4396 = VERTEX_POINT('',#4397);
#4397 = CARTESIAN_POINT('',(132.,-111.43,1.51));
#4398 = CIRCLE('',#4399,0.51);
#4399 = AXIS2_PLACEMENT_3D('',#4400,#4401,#4402);
#4400 = CARTESIAN_POINT('',(132.,-110.92,1.51));
#4401 = DIRECTION('',(-0.,0.,-1.));
#4402 = DIRECTION('',(-0.,-1.,0.));
#4403 = FACE_BOUND('',#4404,.T.);
#4404 = EDGE_LOOP('',(#4405));
#4405 = ORIENTED_EDGE('',*,*,#4406,.T.);
#4406 = EDGE_CURVE('',#4407,#4407,#4409,.T.);
#4407 = VERTEX_POINT('',#4408);
#4408 = CARTESIAN_POINT('',(157.4,-129.21,1.51));
#4409 = CIRCLE('',#4410,0.51);
#4410 = AXIS2_PLACEMENT_3D('',#4411,#4412,#4413);
#4411 = CARTESIAN_POINT('',(157.4,-128.7,1.51));
#4412 = DIRECTION('',(-0.,0.,-1.));
#4413 = DIRECTION('',(5.57288420204E-14,-1.,-0.));
#4414 = FACE_BOUND('',#4415,.T.);
#4415 = EDGE_LOOP('',(#4416));
#4416 = ORIENTED_EDGE('',*,*,#4417,.T.);
#4417 = EDGE_CURVE('',#4418,#4418,#4420,.T.);
#4418 = VERTEX_POINT('',#4419);
#4419 = CARTESIAN_POINT('',(157.4,-126.67,1.51));
#4420 = CIRCLE('',#4421,0.51);
#4421 = AXIS2_PLACEMENT_3D('',#4422,#4423,#4424);
#4422 = CARTESIAN_POINT('',(157.4,-126.16,1.51));
#4423 = DIRECTION('',(-0.,0.,-1.));
#4424 = DIRECTION('',(5.57288420204E-14,-1.,-0.));
#4425 = FACE_BOUND('',#4426,.T.);
#4426 = EDGE_LOOP('',(#4427));
#4427 = ORIENTED_EDGE('',*,*,#4428,.T.);
#4428 = EDGE_CURVE('',#4429,#4429,#4431,.T.);
#4429 = VERTEX_POINT('',#4430);
#4430 = CARTESIAN_POINT('',(157.4,-124.13,1.51));
#4431 = CIRCLE('',#4432,0.51);
#4432 = AXIS2_PLACEMENT_3D('',#4433,#4434,#4435);
#4433 = CARTESIAN_POINT('',(157.4,-123.62,1.51));
#4434 = DIRECTION('',(-0.,0.,-1.));
#4435 = DIRECTION('',(5.57288420204E-14,-1.,-0.));
#4436 = FACE_BOUND('',#4437,.T.);
#4437 = EDGE_LOOP('',(#4438));
#4438 = ORIENTED_EDGE('',*,*,#4439,.T.);
#4439 = EDGE_CURVE('',#4440,#4440,#4442,.T.);
#4440 = VERTEX_POINT('',#4441);
#4441 = CARTESIAN_POINT('',(165.2,-124.65,1.51));
#4442 = CIRCLE('',#4443,0.4);
#4443 = AXIS2_PLACEMENT_3D('',#4444,#4445,#4446);
#4444 = CARTESIAN_POINT('',(165.2,-124.25,1.51));
#4445 = DIRECTION('',(-0.,0.,-1.));
#4446 = DIRECTION('',(-0.,-1.,0.));
#4447 = FACE_BOUND('',#4448,.T.);
#4448 = EDGE_LOOP('',(#4449));
#4449 = ORIENTED_EDGE('',*,*,#4450,.T.);
#4450 = EDGE_CURVE('',#4451,#4451,#4453,.T.);
#4451 = VERTEX_POINT('',#4452);
#4452 = CARTESIAN_POINT('',(157.4,-121.59,1.51));
#4453 = CIRCLE('',#4454,0.51);
#4454 = AXIS2_PLACEMENT_3D('',#4455,#4456,#4457);
#4455 = CARTESIAN_POINT('',(157.4,-121.08,1.51));
#4456 = DIRECTION('',(-0.,0.,-1.));
#4457 = DIRECTION('',(5.57288420204E-14,-1.,-0.));
#4458 = FACE_BOUND('',#4459,.T.);
#4459 = EDGE_LOOP('',(#4460));
#4460 = ORIENTED_EDGE('',*,*,#4461,.T.);
#4461 = EDGE_CURVE('',#4462,#4462,#4464,.T.);
#4462 = VERTEX_POINT('',#4463);
#4463 = CARTESIAN_POINT('',(157.4,-119.05,1.51));
#4464 = CIRCLE('',#4465,0.51);
#4465 = AXIS2_PLACEMENT_3D('',#4466,#4467,#4468);
#4466 = CARTESIAN_POINT('',(157.4,-118.54,1.51));
#4467 = DIRECTION('',(-0.,0.,-1.));
#4468 = DIRECTION('',(5.57288420204E-14,-1.,-0.));
#4469 = FACE_BOUND('',#4470,.T.);
#4470 = EDGE_LOOP('',(#4471));
#4471 = ORIENTED_EDGE('',*,*,#4472,.T.);
#4472 = EDGE_CURVE('',#4473,#4473,#4475,.T.);
#4473 = VERTEX_POINT('',#4474);
#4474 = CARTESIAN_POINT('',(157.4,-116.51,1.51));
#4475 = CIRCLE('',#4476,0.51);
#4476 = AXIS2_PLACEMENT_3D('',#4477,#4478,#4479);
#4477 = CARTESIAN_POINT('',(157.4,-116.,1.51));
#4478 = DIRECTION('',(-0.,0.,-1.));
#4479 = DIRECTION('',(5.57288420204E-14,-1.,-0.));
#4480 = FACE_BOUND('',#4481,.T.);
#4481 = EDGE_LOOP('',(#4482));
#4482 = ORIENTED_EDGE('',*,*,#4483,.T.);
#4483 = EDGE_CURVE('',#4484,#4484,#4486,.T.);
#4484 = VERTEX_POINT('',#4485);
#4485 = CARTESIAN_POINT('',(181.5375,-128.115,1.51));
#4486 = CIRCLE('',#4487,0.65);
#4487 = AXIS2_PLACEMENT_3D('',#4488,#4489,#4490);
#4488 = CARTESIAN_POINT('',(181.5375,-127.465,1.51));
#4489 = DIRECTION('',(-0.,0.,-1.));
#4490 = DIRECTION('',(-0.,-1.,0.));
#4491 = FACE_BOUND('',#4492,.T.);
#4492 = EDGE_LOOP('',(#4493));
#4493 = ORIENTED_EDGE('',*,*,#4494,.T.);
#4494 = EDGE_CURVE('',#4495,#4495,#4497,.T.);
#4495 = VERTEX_POINT('',#4496);
#4496 = CARTESIAN_POINT('',(174.91,-120.54,1.51));
#4497 = CIRCLE('',#4498,0.4);
#4498 = AXIS2_PLACEMENT_3D('',#4499,#4500,#4501);
#4499 = CARTESIAN_POINT('',(174.91,-120.14,1.51));
#4500 = DIRECTION('',(-0.,0.,-1.));
#4501 = DIRECTION('',(-0.,-1.,0.));
#4502 = FACE_BOUND('',#4503,.T.);
#4503 = EDGE_LOOP('',(#4504));
#4504 = ORIENTED_EDGE('',*,*,#4505,.T.);
#4505 = EDGE_CURVE('',#4506,#4506,#4508,.T.);
#4506 = VERTEX_POINT('',#4507);
#4507 = CARTESIAN_POINT('',(174.91,-118.,1.51));
#4508 = CIRCLE('',#4509,0.4);
#4509 = AXIS2_PLACEMENT_3D('',#4510,#4511,#4512);
#4510 = CARTESIAN_POINT('',(174.91,-117.6,1.51));
#4511 = DIRECTION('',(-0.,0.,-1.));
#4512 = DIRECTION('',(-0.,-1.,0.));
#4513 = FACE_BOUND('',#4514,.T.);
#4514 = EDGE_LOOP('',(#4515));
#4515 = ORIENTED_EDGE('',*,*,#4516,.T.);
#4516 = EDGE_CURVE('',#4517,#4517,#4519,.T.);
#4517 = VERTEX_POINT('',#4518);
#4518 = CARTESIAN_POINT('',(187.61,-120.54,1.51));
#4519 = CIRCLE('',#4520,0.4);
#4520 = AXIS2_PLACEMENT_3D('',#4521,#4522,#4523);
#4521 = CARTESIAN_POINT('',(187.61,-120.14,1.51));
#4522 = DIRECTION('',(-0.,0.,-1.));
#4523 = DIRECTION('',(-0.,-1.,0.));
#4524 = FACE_BOUND('',#4525,.T.);
#4525 = EDGE_LOOP('',(#4526));
#4526 = ORIENTED_EDGE('',*,*,#4527,.T.);
#4527 = EDGE_CURVE('',#4528,#4528,#4530,.T.);
#4528 = VERTEX_POINT('',#4529);
#4529 = CARTESIAN_POINT('',(180.7,-116.015,1.51));
#4530 = CIRCLE('',#4531,0.51);
#4531 = AXIS2_PLACEMENT_3D('',#4532,#4533,#4534);
#4532 = CARTESIAN_POINT('',(180.7,-115.505,1.51));
#4533 = DIRECTION('',(-0.,0.,-1.));
#4534 = DIRECTION('',(-0.,-1.,0.));
#4535 = FACE_BOUND('',#4536,.T.);
#4536 = EDGE_LOOP('',(#4537));
#4537 = ORIENTED_EDGE('',*,*,#4538,.T.);
#4538 = EDGE_CURVE('',#4539,#4539,#4541,.T.);
#4539 = VERTEX_POINT('',#4540);
#4540 = CARTESIAN_POINT('',(187.61,-118.,1.51));
#4541 = CIRCLE('',#4542,0.4);
#4542 = AXIS2_PLACEMENT_3D('',#4543,#4544,#4545);
#4543 = CARTESIAN_POINT('',(187.61,-117.6,1.51));
#4544 = DIRECTION('',(-0.,0.,-1.));
#4545 = DIRECTION('',(-0.,-1.,0.));
#4546 = FACE_BOUND('',#4547,.T.);
#4547 = EDGE_LOOP('',(#4548));
#4548 = ORIENTED_EDGE('',*,*,#4549,.T.);
#4549 = EDGE_CURVE('',#4550,#4550,#4552,.T.);
#4550 = VERTEX_POINT('',#4551);
#4551 = CARTESIAN_POINT('',(157.4,-113.97,1.51));
#4552 = CIRCLE('',#4553,0.51);
#4553 = AXIS2_PLACEMENT_3D('',#4554,#4555,#4556);
#4554 = CARTESIAN_POINT('',(157.4,-113.46,1.51));
#4555 = DIRECTION('',(-0.,0.,-1.));
#4556 = DIRECTION('',(5.57288420204E-14,-1.,-0.));
#4557 = FACE_BOUND('',#4558,.T.);
#4558 = EDGE_LOOP('',(#4559));
#4559 = ORIENTED_EDGE('',*,*,#4560,.T.);
#4560 = EDGE_CURVE('',#4561,#4561,#4563,.T.);
#4561 = VERTEX_POINT('',#4562);
#4562 = CARTESIAN_POINT('',(163.739646,-112.74,1.51));
#4563 = CIRCLE('',#4564,0.5);
#4564 = AXIS2_PLACEMENT_3D('',#4565,#4566,#4567);
#4565 = CARTESIAN_POINT('',(163.739646,-112.24,1.51));
#4566 = DIRECTION('',(-0.,0.,-1.));
#4567 = DIRECTION('',(-0.,-1.,0.));
#4568 = FACE_BOUND('',#4569,.T.);
#4569 = EDGE_LOOP('',(#4570));
#4570 = ORIENTED_EDGE('',*,*,#4571,.T.);
#4571 = EDGE_CURVE('',#4572,#4572,#4574,.T.);
#4572 = VERTEX_POINT('',#4573);
#4573 = CARTESIAN_POINT('',(157.4,-111.43,1.51));
#4574 = CIRCLE('',#4575,0.51);
#4575 = AXIS2_PLACEMENT_3D('',#4576,#4577,#4578);
#4576 = CARTESIAN_POINT('',(157.4,-110.92,1.51));
#4577 = DIRECTION('',(-0.,0.,-1.));
#4578 = DIRECTION('',(5.57288420204E-14,-1.,-0.));
#4579 = FACE_BOUND('',#4580,.T.);
#4580 = EDGE_LOOP('',(#4581));
#4581 = ORIENTED_EDGE('',*,*,#4582,.T.);
#4582 = EDGE_CURVE('',#4583,#4583,#4585,.T.);
#4583 = VERTEX_POINT('',#4584);
#4584 = CARTESIAN_POINT('',(168.739646,-112.74,1.51));
#4585 = CIRCLE('',#4586,0.5);
#4586 = AXIS2_PLACEMENT_3D('',#4587,#4588,#4589);
#4587 = CARTESIAN_POINT('',(168.739646,-112.24,1.51));
#4588 = DIRECTION('',(-0.,0.,-1.));
#4589 = DIRECTION('',(-0.,-1.,0.));
#4590 = FACE_BOUND('',#4591,.T.);
#4591 = EDGE_LOOP('',(#4592));
#4592 = ORIENTED_EDGE('',*,*,#4593,.T.);
#4593 = EDGE_CURVE('',#4594,#4594,#4596,.T.);
#4594 = VERTEX_POINT('',#4595);
#4595 = CARTESIAN_POINT('',(174.91,-115.46,1.51));
#4596 = CIRCLE('',#4597,0.4);
#4597 = AXIS2_PLACEMENT_3D('',#4598,#4599,#4600);
#4598 = CARTESIAN_POINT('',(174.91,-115.06,1.51));
#4599 = DIRECTION('',(-0.,0.,-1.));
#4600 = DIRECTION('',(-0.,-1.,0.));
#4601 = FACE_BOUND('',#4602,.T.);
#4602 = EDGE_LOOP('',(#4603));
#4603 = ORIENTED_EDGE('',*,*,#4604,.T.);
#4604 = EDGE_CURVE('',#4605,#4605,#4607,.T.);
#4605 = VERTEX_POINT('',#4606);
#4606 = CARTESIAN_POINT('',(174.91,-112.92,1.51));
#4607 = CIRCLE('',#4608,0.4);
#4608 = AXIS2_PLACEMENT_3D('',#4609,#4610,#4611);
#4609 = CARTESIAN_POINT('',(174.91,-112.52,1.51));
#4610 = DIRECTION('',(-0.,0.,-1.));
#4611 = DIRECTION('',(-0.,-1.,0.));
#4612 = FACE_BOUND('',#4613,.T.);
#4613 = EDGE_LOOP('',(#4614));
#4614 = ORIENTED_EDGE('',*,*,#4615,.T.);
#4615 = EDGE_CURVE('',#4616,#4616,#4618,.T.);
#4616 = VERTEX_POINT('',#4617);
#4617 = CARTESIAN_POINT('',(174.91,-110.38,1.51));
#4618 = CIRCLE('',#4619,0.4);
#4619 = AXIS2_PLACEMENT_3D('',#4620,#4621,#4622);
#4620 = CARTESIAN_POINT('',(174.91,-109.98,1.51));
#4621 = DIRECTION('',(-0.,0.,-1.));
#4622 = DIRECTION('',(-0.,-1.,0.));
#4623 = FACE_BOUND('',#4624,.T.);
#4624 = EDGE_LOOP('',(#4625));
#4625 = ORIENTED_EDGE('',*,*,#4626,.T.);
#4626 = EDGE_CURVE('',#4627,#4627,#4629,.T.);
#4627 = VERTEX_POINT('',#4628);
#4628 = CARTESIAN_POINT('',(180.7,-113.475,1.51));
#4629 = CIRCLE('',#4630,0.51);
#4630 = AXIS2_PLACEMENT_3D('',#4631,#4632,#4633);
#4631 = CARTESIAN_POINT('',(180.7,-112.965,1.51));
#4632 = DIRECTION('',(-0.,0.,-1.));
#4633 = DIRECTION('',(-0.,-1.,0.));
#4634 = FACE_BOUND('',#4635,.T.);
#4635 = EDGE_LOOP('',(#4636));
#4636 = ORIENTED_EDGE('',*,*,#4637,.T.);
#4637 = EDGE_CURVE('',#4638,#4638,#4640,.T.);
#4638 = VERTEX_POINT('',#4639);
#4639 = CARTESIAN_POINT('',(187.61,-115.46,1.51));
#4640 = CIRCLE('',#4641,0.4);
#4641 = AXIS2_PLACEMENT_3D('',#4642,#4643,#4644);
#4642 = CARTESIAN_POINT('',(187.61,-115.06,1.51));
#4643 = DIRECTION('',(-0.,0.,-1.));
#4644 = DIRECTION('',(-0.,-1.,0.));
#4645 = FACE_BOUND('',#4646,.T.);
#4646 = EDGE_LOOP('',(#4647));
#4647 = ORIENTED_EDGE('',*,*,#4648,.T.);
#4648 = EDGE_CURVE('',#4649,#4649,#4651,.T.);
#4649 = VERTEX_POINT('',#4650);
#4650 = CARTESIAN_POINT('',(187.61,-112.92,1.51));
#4651 = CIRCLE('',#4652,0.4);
#4652 = AXIS2_PLACEMENT_3D('',#4653,#4654,#4655);
#4653 = CARTESIAN_POINT('',(187.61,-112.52,1.51));
#4654 = DIRECTION('',(-0.,0.,-1.));
#4655 = DIRECTION('',(-0.,-1.,0.));
#4656 = FACE_BOUND('',#4657,.T.);
#4657 = EDGE_LOOP('',(#4658));
#4658 = ORIENTED_EDGE('',*,*,#4659,.T.);
#4659 = EDGE_CURVE('',#4660,#4660,#4662,.T.);
#4660 = VERTEX_POINT('',#4661);
#4661 = CARTESIAN_POINT('',(180.7,-110.935,1.51));
#4662 = CIRCLE('',#4663,0.51);
#4663 = AXIS2_PLACEMENT_3D('',#4664,#4665,#4666);
#4664 = CARTESIAN_POINT('',(180.7,-110.425,1.51));
#4665 = DIRECTION('',(-0.,0.,-1.));
#4666 = DIRECTION('',(-0.,-1.,0.));
#4667 = FACE_BOUND('',#4668,.T.);
#4668 = EDGE_LOOP('',(#4669));
#4669 = ORIENTED_EDGE('',*,*,#4670,.T.);
#4670 = EDGE_CURVE('',#4671,#4671,#4673,.T.);
#4671 = VERTEX_POINT('',#4672);
#4672 = CARTESIAN_POINT('',(187.61,-110.38,1.51));
#4673 = CIRCLE('',#4674,0.4);
#4674 = AXIS2_PLACEMENT_3D('',#4675,#4676,#4677);
#4675 = CARTESIAN_POINT('',(187.61,-109.98,1.51));
#4676 = DIRECTION('',(-0.,0.,-1.));
#4677 = DIRECTION('',(-0.,-1.,0.));
#4678 = FACE_BOUND('',#4679,.T.);
#4679 = EDGE_LOOP('',(#4680));
#4680 = ORIENTED_EDGE('',*,*,#4681,.T.);
#4681 = EDGE_CURVE('',#4682,#4682,#4684,.T.);
#4682 = VERTEX_POINT('',#4683);
#4683 = CARTESIAN_POINT('',(174.91,-107.84,1.51));
#4684 = CIRCLE('',#4685,0.4);
#4685 = AXIS2_PLACEMENT_3D('',#4686,#4687,#4688);
#4686 = CARTESIAN_POINT('',(174.91,-107.44,1.51));
#4687 = DIRECTION('',(-0.,0.,-1.));
#4688 = DIRECTION('',(-0.,-1.,0.));
#4689 = FACE_BOUND('',#4690,.T.);
#4690 = EDGE_LOOP('',(#4691));
#4691 = ORIENTED_EDGE('',*,*,#4692,.T.);
#4692 = EDGE_CURVE('',#4693,#4693,#4695,.T.);
#4693 = VERTEX_POINT('',#4694);
#4694 = CARTESIAN_POINT('',(174.91,-105.3,1.51));
#4695 = CIRCLE('',#4696,0.4);
#4696 = AXIS2_PLACEMENT_3D('',#4697,#4698,#4699);
#4697 = CARTESIAN_POINT('',(174.91,-104.9,1.51));
#4698 = DIRECTION('',(-0.,0.,-1.));
#4699 = DIRECTION('',(-0.,-1.,0.));
#4700 = FACE_BOUND('',#4701,.T.);
#4701 = EDGE_LOOP('',(#4702));
#4702 = ORIENTED_EDGE('',*,*,#4703,.T.);
#4703 = EDGE_CURVE('',#4704,#4704,#4706,.T.);
#4704 = VERTEX_POINT('',#4705);
#4705 = CARTESIAN_POINT('',(174.91,-102.76,1.51));
#4706 = CIRCLE('',#4707,0.4);
#4707 = AXIS2_PLACEMENT_3D('',#4708,#4709,#4710);
#4708 = CARTESIAN_POINT('',(174.91,-102.36,1.51));
#4709 = DIRECTION('',(-0.,0.,-1.));
#4710 = DIRECTION('',(-0.,-1.,0.));
#4711 = FACE_BOUND('',#4712,.T.);
#4712 = EDGE_LOOP('',(#4713));
#4713 = ORIENTED_EDGE('',*,*,#4714,.T.);
#4714 = EDGE_CURVE('',#4715,#4715,#4717,.T.);
#4715 = VERTEX_POINT('',#4716);
#4716 = CARTESIAN_POINT('',(180.7,-108.395,1.51));
#4717 = CIRCLE('',#4718,0.51);
#4718 = AXIS2_PLACEMENT_3D('',#4719,#4720,#4721);
#4719 = CARTESIAN_POINT('',(180.7,-107.885,1.51));
#4720 = DIRECTION('',(-0.,0.,-1.));
#4721 = DIRECTION('',(-0.,-1.,0.));
#4722 = FACE_BOUND('',#4723,.T.);
#4723 = EDGE_LOOP('',(#4724));
#4724 = ORIENTED_EDGE('',*,*,#4725,.T.);
#4725 = EDGE_CURVE('',#4726,#4726,#4728,.T.);
#4726 = VERTEX_POINT('',#4727);
#4727 = CARTESIAN_POINT('',(187.61,-107.84,1.51));
#4728 = CIRCLE('',#4729,0.4);
#4729 = AXIS2_PLACEMENT_3D('',#4730,#4731,#4732);
#4730 = CARTESIAN_POINT('',(187.61,-107.44,1.51));
#4731 = DIRECTION('',(-0.,0.,-1.));
#4732 = DIRECTION('',(-0.,-1.,0.));
#4733 = FACE_BOUND('',#4734,.T.);
#4734 = EDGE_LOOP('',(#4735));
#4735 = ORIENTED_EDGE('',*,*,#4736,.T.);
#4736 = EDGE_CURVE('',#4737,#4737,#4739,.T.);
#4737 = VERTEX_POINT('',#4738);
#4738 = CARTESIAN_POINT('',(187.61,-105.3,1.51));
#4739 = CIRCLE('',#4740,0.4);
#4740 = AXIS2_PLACEMENT_3D('',#4741,#4742,#4743);
#4741 = CARTESIAN_POINT('',(187.61,-104.9,1.51));
#4742 = DIRECTION('',(-0.,0.,-1.));
#4743 = DIRECTION('',(-0.,-1.,0.));
#4744 = FACE_BOUND('',#4745,.T.);
#4745 = EDGE_LOOP('',(#4746));
#4746 = ORIENTED_EDGE('',*,*,#4747,.T.);
#4747 = EDGE_CURVE('',#4748,#4748,#4750,.T.);
#4748 = VERTEX_POINT('',#4749);
#4749 = CARTESIAN_POINT('',(187.61,-102.76,1.51));
#4750 = CIRCLE('',#4751,0.4);
#4751 = AXIS2_PLACEMENT_3D('',#4752,#4753,#4754);
#4752 = CARTESIAN_POINT('',(187.61,-102.36,1.51));
#4753 = DIRECTION('',(-0.,0.,-1.));
#4754 = DIRECTION('',(-0.,-1.,0.));
#4755 = PLANE('',#4756);
#4756 = AXIS2_PLACEMENT_3D('',#4757,#4758,#4759);
#4757 = CARTESIAN_POINT('',(0.,0.,1.51));
#4758 = DIRECTION('',(0.,0.,1.));
#4759 = DIRECTION('',(1.,0.,-0.));
#4760 = ADVANCED_FACE('',(#4761),#4767,.T.);
#4761 = FACE_BOUND('',#4762,.T.);
#4762 = EDGE_LOOP('',(#4763,#4764,#4765,#4766));
#4763 = ORIENTED_EDGE('',*,*,#2244,.T.);
#4764 = ORIENTED_EDGE('',*,*,#3517,.T.);
#4765 = ORIENTED_EDGE('',*,*,#2204,.F.);
#4766 = ORIENTED_EDGE('',*,*,#2268,.F.);
#4767 = PLANE('',#4768);
#4768 = AXIS2_PLACEMENT_3D('',#4769,#4770,#4771);
#4769 = CARTESIAN_POINT('',(100.,-100.,0.));
#4770 = DIRECTION('',(0.,1.,0.));
#4771 = DIRECTION('',(1.,0.,0.));
#4772 = ADVANCED_FACE('',(#4773),#4784,.F.);
#4773 = FACE_BOUND('',#4774,.T.);
#4774 = EDGE_LOOP('',(#4775,#4776,#4782,#4783));
#4775 = ORIENTED_EDGE('',*,*,#2277,.T.);
#4776 = ORIENTED_EDGE('',*,*,#4777,.T.);
#4777 = EDGE_CURVE('',#2278,#3527,#4778,.T.);
#4778 = LINE('',#4779,#4780);
#4779 = CARTESIAN_POINT('',(103.2,-156.473,-4.6E-02));
#4780 = VECTOR('',#4781,1.);
#4781 = DIRECTION('',(0.,0.,1.));
#4782 = ORIENTED_EDGE('',*,*,#3526,.F.);
#4783 = ORIENTED_EDGE('',*,*,#4777,.F.);
#4784 = CYLINDRICAL_SURFACE('',#4785,0.508);
#4785 = AXIS2_PLACEMENT_3D('',#4786,#4787,#4788);
#4786 = CARTESIAN_POINT('',(103.2,-155.965,-4.6E-02));
#4787 = DIRECTION('',(-0.,0.,-1.));
#4788 = DIRECTION('',(2.797412345512E-14,-1.,-0.));
#4789 = ADVANCED_FACE('',(#4790),#4801,.F.);
#4790 = FACE_BOUND('',#4791,.T.);
#4791 = EDGE_LOOP('',(#4792,#4793,#4799,#4800));
#4792 = ORIENTED_EDGE('',*,*,#2288,.T.);
#4793 = ORIENTED_EDGE('',*,*,#4794,.T.);
#4794 = EDGE_CURVE('',#2289,#3538,#4795,.T.);
#4795 = LINE('',#4796,#4797);
#4796 = CARTESIAN_POINT('',(105.74,-156.473,-4.6E-02));
#4797 = VECTOR('',#4798,1.);
#4798 = DIRECTION('',(0.,0.,1.));
#4799 = ORIENTED_EDGE('',*,*,#3537,.F.);
#4800 = ORIENTED_EDGE('',*,*,#4794,.F.);
#4801 = CYLINDRICAL_SURFACE('',#4802,0.508);
#4802 = AXIS2_PLACEMENT_3D('',#4803,#4804,#4805);
#4803 = CARTESIAN_POINT('',(105.74,-155.965,-4.6E-02));
#4804 = DIRECTION('',(-0.,-0.,-1.));
#4805 = DIRECTION('',(-2.797412345512E-14,-1.,0.));
#4806 = ADVANCED_FACE('',(#4807),#4818,.F.);
#4807 = FACE_BOUND('',#4808,.T.);
#4808 = EDGE_LOOP('',(#4809,#4810,#4816,#4817));
#4809 = ORIENTED_EDGE('',*,*,#2299,.T.);
#4810 = ORIENTED_EDGE('',*,*,#4811,.T.);
#4811 = EDGE_CURVE('',#2300,#3549,#4812,.T.);
#4812 = LINE('',#4813,#4814);
#4813 = CARTESIAN_POINT('',(108.28,-156.473,-4.6E-02));
#4814 = VECTOR('',#4815,1.);
#4815 = DIRECTION('',(0.,0.,1.));
#4816 = ORIENTED_EDGE('',*,*,#3548,.F.);
#4817 = ORIENTED_EDGE('',*,*,#4811,.F.);
#4818 = CYLINDRICAL_SURFACE('',#4819,0.508);
#4819 = AXIS2_PLACEMENT_3D('',#4820,#4821,#4822);
#4820 = CARTESIAN_POINT('',(108.28,-155.965,-4.6E-02));
#4821 = DIRECTION('',(-0.,-0.,-1.));
#4822 = DIRECTION('',(-0.,-1.,0.));
#4823 = ADVANCED_FACE('',(#4824),#4835,.F.);
#4824 = FACE_BOUND('',#4825,.T.);
#4825 = EDGE_LOOP('',(#4826,#4827,#4833,#4834));
#4826 = ORIENTED_EDGE('',*,*,#2310,.T.);
#4827 = ORIENTED_EDGE('',*,*,#4828,.T.);
#4828 = EDGE_CURVE('',#2311,#3560,#4829,.T.);
#4829 = LINE('',#4830,#4831);
#4830 = CARTESIAN_POINT('',(110.82,-156.473,-4.6E-02));
#4831 = VECTOR('',#4832,1.);
#4832 = DIRECTION('',(0.,0.,1.));
#4833 = ORIENTED_EDGE('',*,*,#3559,.F.);
#4834 = ORIENTED_EDGE('',*,*,#4828,.F.);
#4835 = CYLINDRICAL_SURFACE('',#4836,0.508);
#4836 = AXIS2_PLACEMENT_3D('',#4837,#4838,#4839);
#4837 = CARTESIAN_POINT('',(110.82,-155.965,-4.6E-02));
#4838 = DIRECTION('',(-0.,-0.,-1.));
#4839 = DIRECTION('',(-0.,-1.,0.));
#4840 = ADVANCED_FACE('',(#4841),#4852,.F.);
#4841 = FACE_BOUND('',#4842,.T.);
#4842 = EDGE_LOOP('',(#4843,#4844,#4850,#4851));
#4843 = ORIENTED_EDGE('',*,*,#2321,.T.);
#4844 = ORIENTED_EDGE('',*,*,#4845,.T.);
#4845 = EDGE_CURVE('',#2322,#3571,#4846,.T.);
#4846 = LINE('',#4847,#4848);
#4847 = CARTESIAN_POINT('',(113.36,-156.473,-4.6E-02));
#4848 = VECTOR('',#4849,1.);
#4849 = DIRECTION('',(0.,0.,1.));
#4850 = ORIENTED_EDGE('',*,*,#3570,.F.);
#4851 = ORIENTED_EDGE('',*,*,#4845,.F.);
#4852 = CYLINDRICAL_SURFACE('',#4853,0.508);
#4853 = AXIS2_PLACEMENT_3D('',#4854,#4855,#4856);
#4854 = CARTESIAN_POINT('',(113.36,-155.965,-4.6E-02));
#4855 = DIRECTION('',(-0.,-0.,-1.));
#4856 = DIRECTION('',(-0.,-1.,0.));
#4857 = ADVANCED_FACE('',(#4858),#4869,.F.);
#4858 = FACE_BOUND('',#4859,.T.);
#4859 = EDGE_LOOP('',(#4860,#4861,#4867,#4868));
#4860 = ORIENTED_EDGE('',*,*,#2332,.T.);
#4861 = ORIENTED_EDGE('',*,*,#4862,.T.);
#4862 = EDGE_CURVE('',#2333,#3582,#4863,.T.);
#4863 = LINE('',#4864,#4865);
#4864 = CARTESIAN_POINT('',(103.,-149.008,-4.6E-02));
#4865 = VECTOR('',#4866,1.);
#4866 = DIRECTION('',(0.,0.,1.));
#4867 = ORIENTED_EDGE('',*,*,#3581,.F.);
#4868 = ORIENTED_EDGE('',*,*,#4862,.F.);
#4869 = CYLINDRICAL_SURFACE('',#4870,0.508);
#4870 = AXIS2_PLACEMENT_3D('',#4871,#4872,#4873);
#4871 = CARTESIAN_POINT('',(103.,-148.5,-4.6E-02));
#4872 = DIRECTION('',(-0.,-0.,-1.));
#4873 = DIRECTION('',(-0.,-1.,0.));
#4874 = ADVANCED_FACE('',(#4875),#4886,.F.);
#4875 = FACE_BOUND('',#4876,.T.);
#4876 = EDGE_LOOP('',(#4877,#4878,#4884,#4885));
#4877 = ORIENTED_EDGE('',*,*,#2343,.T.);
#4878 = ORIENTED_EDGE('',*,*,#4879,.T.);
#4879 = EDGE_CURVE('',#2344,#3593,#4880,.T.);
#4880 = LINE('',#4881,#4882);
#4881 = CARTESIAN_POINT('',(105.54,-149.008,-4.6E-02));
#4882 = VECTOR('',#4883,1.);
#4883 = DIRECTION('',(0.,0.,1.));
#4884 = ORIENTED_EDGE('',*,*,#3592,.F.);
#4885 = ORIENTED_EDGE('',*,*,#4879,.F.);
#4886 = CYLINDRICAL_SURFACE('',#4887,0.508);
#4887 = AXIS2_PLACEMENT_3D('',#4888,#4889,#4890);
#4888 = CARTESIAN_POINT('',(105.54,-148.5,-4.6E-02));
#4889 = DIRECTION('',(-0.,0.,-1.));
#4890 = DIRECTION('',(2.797412345512E-14,-1.,-0.));
#4891 = ADVANCED_FACE('',(#4892),#4903,.F.);
#4892 = FACE_BOUND('',#4893,.T.);
#4893 = EDGE_LOOP('',(#4894,#4895,#4901,#4902));
#4894 = ORIENTED_EDGE('',*,*,#2354,.T.);
#4895 = ORIENTED_EDGE('',*,*,#4896,.T.);
#4896 = EDGE_CURVE('',#2355,#3604,#4897,.T.);
#4897 = LINE('',#4898,#4899);
#4898 = CARTESIAN_POINT('',(108.08,-149.008,-4.6E-02));
#4899 = VECTOR('',#4900,1.);
#4900 = DIRECTION('',(0.,0.,1.));
#4901 = ORIENTED_EDGE('',*,*,#3603,.F.);
#4902 = ORIENTED_EDGE('',*,*,#4896,.F.);
#4903 = CYLINDRICAL_SURFACE('',#4904,0.508);
#4904 = AXIS2_PLACEMENT_3D('',#4905,#4906,#4907);
#4905 = CARTESIAN_POINT('',(108.08,-148.5,-4.6E-02));
#4906 = DIRECTION('',(-0.,-0.,-1.));
#4907 = DIRECTION('',(-0.,-1.,0.));
#4908 = ADVANCED_FACE('',(#4909),#4920,.F.);
#4909 = FACE_BOUND('',#4910,.T.);
#4910 = EDGE_LOOP('',(#4911,#4912,#4918,#4919));
#4911 = ORIENTED_EDGE('',*,*,#2365,.T.);
#4912 = ORIENTED_EDGE('',*,*,#4913,.T.);
#4913 = EDGE_CURVE('',#2366,#3615,#4914,.T.);
#4914 = LINE('',#4915,#4916);
#4915 = CARTESIAN_POINT('',(110.62,-149.008,-4.6E-02));
#4916 = VECTOR('',#4917,1.);
#4917 = DIRECTION('',(0.,0.,1.));
#4918 = ORIENTED_EDGE('',*,*,#3614,.F.);
#4919 = ORIENTED_EDGE('',*,*,#4913,.F.);
#4920 = CYLINDRICAL_SURFACE('',#4921,0.508);
#4921 = AXIS2_PLACEMENT_3D('',#4922,#4923,#4924);
#4922 = CARTESIAN_POINT('',(110.62,-148.5,-4.6E-02));
#4923 = DIRECTION('',(-0.,-0.,-1.));
#4924 = DIRECTION('',(-0.,-1.,0.));
#4925 = ADVANCED_FACE('',(#4926),#4937,.F.);
#4926 = FACE_BOUND('',#4927,.T.);
#4927 = EDGE_LOOP('',(#4928,#4929,#4935,#4936));
#4928 = ORIENTED_EDGE('',*,*,#2376,.T.);
#4929 = ORIENTED_EDGE('',*,*,#4930,.T.);
#4930 = EDGE_CURVE('',#2377,#3626,#4931,.T.);
#4931 = LINE('',#4932,#4933);
#4932 = CARTESIAN_POINT('',(113.16,-149.008,-4.6E-02));
#4933 = VECTOR('',#4934,1.);
#4934 = DIRECTION('',(0.,0.,1.));
#4935 = ORIENTED_EDGE('',*,*,#3625,.F.);
#4936 = ORIENTED_EDGE('',*,*,#4930,.F.);
#4937 = CYLINDRICAL_SURFACE('',#4938,0.508);
#4938 = AXIS2_PLACEMENT_3D('',#4939,#4940,#4941);
#4939 = CARTESIAN_POINT('',(113.16,-148.5,-4.6E-02));
#4940 = DIRECTION('',(-0.,-0.,-1.));
#4941 = DIRECTION('',(-0.,-1.,0.));
#4942 = ADVANCED_FACE('',(#4943),#4954,.F.);
#4943 = FACE_BOUND('',#4944,.T.);
#4944 = EDGE_LOOP('',(#4945,#4951,#4952,#4953));
#4945 = ORIENTED_EDGE('',*,*,#4946,.T.);
#4946 = EDGE_CURVE('',#2388,#3637,#4947,.T.);
#4947 = LINE('',#4948,#4949);
#4948 = CARTESIAN_POINT('',(126.5,-150.,0.));
#4949 = VECTOR('',#4950,1.);
#4950 = DIRECTION('',(0.,0.,1.));
#4951 = ORIENTED_EDGE('',*,*,#3636,.T.);
#4952 = ORIENTED_EDGE('',*,*,#4946,.F.);
#4953 = ORIENTED_EDGE('',*,*,#2387,.F.);
#4954 = CYLINDRICAL_SURFACE('',#4955,1.5);
#4955 = AXIS2_PLACEMENT_3D('',#4956,#4957,#4958);
#4956 = CARTESIAN_POINT('',(125.,-150.,0.));
#4957 = DIRECTION('',(-0.,-0.,-1.));
#4958 = DIRECTION('',(1.,0.,-0.));
#4959 = ADVANCED_FACE('',(#4960),#4971,.F.);
#4960 = FACE_BOUND('',#4961,.T.);
#4961 = EDGE_LOOP('',(#4962,#4963,#4969,#4970));
#4962 = ORIENTED_EDGE('',*,*,#2398,.T.);
#4963 = ORIENTED_EDGE('',*,*,#4964,.T.);
#4964 = EDGE_CURVE('',#2399,#3648,#4965,.T.);
#4965 = LINE('',#4966,#4967);
#4966 = CARTESIAN_POINT('',(132.,-146.99,-4.6E-02));
#4967 = VECTOR('',#4968,1.);
#4968 = DIRECTION('',(0.,0.,1.));
#4969 = ORIENTED_EDGE('',*,*,#3647,.F.);
#4970 = ORIENTED_EDGE('',*,*,#4964,.F.);
#4971 = CYLINDRICAL_SURFACE('',#4972,0.51);
#4972 = AXIS2_PLACEMENT_3D('',#4973,#4974,#4975);
#4973 = CARTESIAN_POINT('',(132.,-146.48,-4.6E-02));
#4974 = DIRECTION('',(-0.,-0.,-1.));
#4975 = DIRECTION('',(-0.,-1.,0.));
#4976 = ADVANCED_FACE('',(#4977),#4988,.F.);
#4977 = FACE_BOUND('',#4978,.T.);
#4978 = EDGE_LOOP('',(#4979,#4980,#4986,#4987));
#4979 = ORIENTED_EDGE('',*,*,#2409,.T.);
#4980 = ORIENTED_EDGE('',*,*,#4981,.T.);
#4981 = EDGE_CURVE('',#2410,#3659,#4982,.T.);
#4982 = LINE('',#4983,#4984);
#4983 = CARTESIAN_POINT('',(132.,-144.45,-4.6E-02));
#4984 = VECTOR('',#4985,1.);
#4985 = DIRECTION('',(0.,0.,1.));
#4986 = ORIENTED_EDGE('',*,*,#3658,.F.);
#4987 = ORIENTED_EDGE('',*,*,#4981,.F.);
#4988 = CYLINDRICAL_SURFACE('',#4989,0.51);
#4989 = AXIS2_PLACEMENT_3D('',#4990,#4991,#4992);
#4990 = CARTESIAN_POINT('',(132.,-143.94,-4.6E-02));
#4991 = DIRECTION('',(-0.,-0.,-1.));
#4992 = DIRECTION('',(-0.,-1.,0.));
#4993 = ADVANCED_FACE('',(#4994),#5005,.F.);
#4994 = FACE_BOUND('',#4995,.T.);
#4995 = EDGE_LOOP('',(#4996,#4997,#5003,#5004));
#4996 = ORIENTED_EDGE('',*,*,#2420,.T.);
#4997 = ORIENTED_EDGE('',*,*,#4998,.T.);
#4998 = EDGE_CURVE('',#2421,#3670,#4999,.T.);
#4999 = LINE('',#5000,#5001);
#5000 = CARTESIAN_POINT('',(102.675,-136.348,-4.6E-02));
#5001 = VECTOR('',#5002,1.);
#5002 = DIRECTION('',(0.,0.,1.));
#5003 = ORIENTED_EDGE('',*,*,#3669,.F.);
#5004 = ORIENTED_EDGE('',*,*,#4998,.F.);
#5005 = CYLINDRICAL_SURFACE('',#5006,0.508);
#5006 = AXIS2_PLACEMENT_3D('',#5007,#5008,#5009);
#5007 = CARTESIAN_POINT('',(102.675,-135.84,-4.6E-02));
#5008 = DIRECTION('',(-0.,-0.,-1.));
#5009 = DIRECTION('',(-2.797412345512E-14,-1.,0.));
#5010 = ADVANCED_FACE('',(#5011),#5022,.F.);
#5011 = FACE_BOUND('',#5012,.T.);
#5012 = EDGE_LOOP('',(#5013,#5014,#5020,#5021));
#5013 = ORIENTED_EDGE('',*,*,#2431,.T.);
#5014 = ORIENTED_EDGE('',*,*,#5015,.T.);
#5015 = EDGE_CURVE('',#2432,#3681,#5016,.T.);
#5016 = LINE('',#5017,#5018);
#5017 = CARTESIAN_POINT('',(102.675,-133.808,-4.6E-02));
#5018 = VECTOR('',#5019,1.);
#5019 = DIRECTION('',(0.,0.,1.));
#5020 = ORIENTED_EDGE('',*,*,#3680,.F.);
#5021 = ORIENTED_EDGE('',*,*,#5015,.F.);
#5022 = CYLINDRICAL_SURFACE('',#5023,0.508);
#5023 = AXIS2_PLACEMENT_3D('',#5024,#5025,#5026);
#5024 = CARTESIAN_POINT('',(102.675,-133.3,-4.6E-02));
#5025 = DIRECTION('',(-0.,-0.,-1.));
#5026 = DIRECTION('',(-2.797412345512E-14,-1.,0.));
#5027 = ADVANCED_FACE('',(#5028),#5039,.F.);
#5028 = FACE_BOUND('',#5029,.T.);
#5029 = EDGE_LOOP('',(#5030,#5031,#5037,#5038));
#5030 = ORIENTED_EDGE('',*,*,#2442,.T.);
#5031 = ORIENTED_EDGE('',*,*,#5032,.T.);
#5032 = EDGE_CURVE('',#2443,#3692,#5033,.T.);
#5033 = LINE('',#5034,#5035);
#5034 = CARTESIAN_POINT('',(102.675,-131.268,-4.6E-02));
#5035 = VECTOR('',#5036,1.);
#5036 = DIRECTION('',(0.,0.,1.));
#5037 = ORIENTED_EDGE('',*,*,#3691,.F.);
#5038 = ORIENTED_EDGE('',*,*,#5032,.F.);
#5039 = CYLINDRICAL_SURFACE('',#5040,0.508);
#5040 = AXIS2_PLACEMENT_3D('',#5041,#5042,#5043);
#5041 = CARTESIAN_POINT('',(102.675,-130.76,-4.6E-02));
#5042 = DIRECTION('',(-0.,-0.,-1.));
#5043 = DIRECTION('',(-2.797412345512E-14,-1.,0.));
#5044 = ADVANCED_FACE('',(#5045),#5056,.F.);
#5045 = FACE_BOUND('',#5046,.T.);
#5046 = EDGE_LOOP('',(#5047,#5048,#5054,#5055));
#5047 = ORIENTED_EDGE('',*,*,#2453,.T.);
#5048 = ORIENTED_EDGE('',*,*,#5049,.T.);
#5049 = EDGE_CURVE('',#2454,#3703,#5050,.T.);
#5050 = LINE('',#5051,#5052);
#5051 = CARTESIAN_POINT('',(132.,-141.91,-4.6E-02));
#5052 = VECTOR('',#5053,1.);
#5053 = DIRECTION('',(0.,0.,1.));
#5054 = ORIENTED_EDGE('',*,*,#3702,.F.);
#5055 = ORIENTED_EDGE('',*,*,#5049,.F.);
#5056 = CYLINDRICAL_SURFACE('',#5057,0.51);
#5057 = AXIS2_PLACEMENT_3D('',#5058,#5059,#5060);
#5058 = CARTESIAN_POINT('',(132.,-141.4,-4.6E-02));
#5059 = DIRECTION('',(-0.,-0.,-1.));
#5060 = DIRECTION('',(-0.,-1.,0.));
#5061 = ADVANCED_FACE('',(#5062),#5073,.F.);
#5062 = FACE_BOUND('',#5063,.T.);
#5063 = EDGE_LOOP('',(#5064,#5065,#5071,#5072));
#5064 = ORIENTED_EDGE('',*,*,#2464,.T.);
#5065 = ORIENTED_EDGE('',*,*,#5066,.T.);
#5066 = EDGE_CURVE('',#2465,#3714,#5067,.T.);
#5067 = LINE('',#5068,#5069);
#5068 = CARTESIAN_POINT('',(132.,-139.37,-4.6E-02));
#5069 = VECTOR('',#5070,1.);
#5070 = DIRECTION('',(0.,0.,1.));
#5071 = ORIENTED_EDGE('',*,*,#3713,.F.);
#5072 = ORIENTED_EDGE('',*,*,#5066,.F.);
#5073 = CYLINDRICAL_SURFACE('',#5074,0.51);
#5074 = AXIS2_PLACEMENT_3D('',#5075,#5076,#5077);
#5075 = CARTESIAN_POINT('',(132.,-138.86,-4.6E-02));
#5076 = DIRECTION('',(-0.,-0.,-1.));
#5077 = DIRECTION('',(-0.,-1.,0.));
#5078 = ADVANCED_FACE('',(#5079),#5090,.F.);
#5079 = FACE_BOUND('',#5080,.T.);
#5080 = EDGE_LOOP('',(#5081,#5082,#5088,#5089));
#5081 = ORIENTED_EDGE('',*,*,#2475,.T.);
#5082 = ORIENTED_EDGE('',*,*,#5083,.T.);
#5083 = EDGE_CURVE('',#2476,#3725,#5084,.T.);
#5084 = LINE('',#5085,#5086);
#5085 = CARTESIAN_POINT('',(132.,-136.83,-4.6E-02));
#5086 = VECTOR('',#5087,1.);
#5087 = DIRECTION('',(0.,0.,1.));
#5088 = ORIENTED_EDGE('',*,*,#3724,.F.);
#5089 = ORIENTED_EDGE('',*,*,#5083,.F.);
#5090 = CYLINDRICAL_SURFACE('',#5091,0.51);
#5091 = AXIS2_PLACEMENT_3D('',#5092,#5093,#5094);
#5092 = CARTESIAN_POINT('',(132.,-136.32,-4.6E-02));
#5093 = DIRECTION('',(-0.,-0.,-1.));
#5094 = DIRECTION('',(-0.,-1.,0.));
#5095 = ADVANCED_FACE('',(#5096),#5107,.F.);
#5096 = FACE_BOUND('',#5097,.T.);
#5097 = EDGE_LOOP('',(#5098,#5099,#5105,#5106));
#5098 = ORIENTED_EDGE('',*,*,#2486,.T.);
#5099 = ORIENTED_EDGE('',*,*,#5100,.T.);
#5100 = EDGE_CURVE('',#2487,#3736,#5101,.T.);
#5101 = LINE('',#5102,#5103);
#5102 = CARTESIAN_POINT('',(137.94,-142.43,-4.6E-02));
#5103 = VECTOR('',#5104,1.);
#5104 = DIRECTION('',(0.,0.,1.));
#5105 = ORIENTED_EDGE('',*,*,#3735,.F.);
#5106 = ORIENTED_EDGE('',*,*,#5100,.F.);
#5107 = CYLINDRICAL_SURFACE('',#5108,0.635);
#5108 = AXIS2_PLACEMENT_3D('',#5109,#5110,#5111);
#5109 = CARTESIAN_POINT('',(137.94,-141.795,-4.6E-02));
#5110 = DIRECTION('',(-0.,-0.,-1.));
#5111 = DIRECTION('',(-0.,-1.,0.));
#5112 = ADVANCED_FACE('',(#5113),#5124,.F.);
#5113 = FACE_BOUND('',#5114,.T.);
#5114 = EDGE_LOOP('',(#5115,#5116,#5122,#5123));
#5115 = ORIENTED_EDGE('',*,*,#2497,.T.);
#5116 = ORIENTED_EDGE('',*,*,#5117,.T.);
#5117 = EDGE_CURVE('',#2498,#3747,#5118,.T.);
#5118 = LINE('',#5119,#5120);
#5119 = CARTESIAN_POINT('',(137.94,-139.89,-4.6E-02));
#5120 = VECTOR('',#5121,1.);
#5121 = DIRECTION('',(0.,0.,1.));
#5122 = ORIENTED_EDGE('',*,*,#3746,.F.);
#5123 = ORIENTED_EDGE('',*,*,#5117,.F.);
#5124 = CYLINDRICAL_SURFACE('',#5125,0.635);
#5125 = AXIS2_PLACEMENT_3D('',#5126,#5127,#5128);
#5126 = CARTESIAN_POINT('',(137.94,-139.255,-4.6E-02));
#5127 = DIRECTION('',(-0.,-0.,-1.));
#5128 = DIRECTION('',(-0.,-1.,0.));
#5129 = ADVANCED_FACE('',(#5130),#5141,.F.);
#5130 = FACE_BOUND('',#5131,.T.);
#5131 = EDGE_LOOP('',(#5132,#5133,#5139,#5140));
#5132 = ORIENTED_EDGE('',*,*,#2508,.T.);
#5133 = ORIENTED_EDGE('',*,*,#5134,.T.);
#5134 = EDGE_CURVE('',#2509,#3758,#5135,.T.);
#5135 = LINE('',#5136,#5137);
#5136 = CARTESIAN_POINT('',(137.94,-137.35,-4.6E-02));
#5137 = VECTOR('',#5138,1.);
#5138 = DIRECTION('',(0.,0.,1.));
#5139 = ORIENTED_EDGE('',*,*,#3757,.F.);
#5140 = ORIENTED_EDGE('',*,*,#5134,.F.);
#5141 = CYLINDRICAL_SURFACE('',#5142,0.635);
#5142 = AXIS2_PLACEMENT_3D('',#5143,#5144,#5145);
#5143 = CARTESIAN_POINT('',(137.94,-136.715,-4.6E-02));
#5144 = DIRECTION('',(-0.,-0.,-1.));
#5145 = DIRECTION('',(-0.,-1.,0.));
#5146 = ADVANCED_FACE('',(#5147),#5158,.F.);
#5147 = FACE_BOUND('',#5148,.T.);
#5148 = EDGE_LOOP('',(#5149,#5150,#5156,#5157));
#5149 = ORIENTED_EDGE('',*,*,#2519,.T.);
#5150 = ORIENTED_EDGE('',*,*,#5151,.T.);
#5151 = EDGE_CURVE('',#2520,#3769,#5152,.T.);
#5152 = LINE('',#5153,#5154);
#5153 = CARTESIAN_POINT('',(132.,-134.29,-4.6E-02));
#5154 = VECTOR('',#5155,1.);
#5155 = DIRECTION('',(0.,0.,1.));
#5156 = ORIENTED_EDGE('',*,*,#3768,.F.);
#5157 = ORIENTED_EDGE('',*,*,#5151,.F.);
#5158 = CYLINDRICAL_SURFACE('',#5159,0.51);
#5159 = AXIS2_PLACEMENT_3D('',#5160,#5161,#5162);
#5160 = CARTESIAN_POINT('',(132.,-133.78,-4.6E-02));
#5161 = DIRECTION('',(-0.,-0.,-1.));
#5162 = DIRECTION('',(-0.,-1.,0.));
#5163 = ADVANCED_FACE('',(#5164),#5175,.F.);
#5164 = FACE_BOUND('',#5165,.T.);
#5165 = EDGE_LOOP('',(#5166,#5167,#5173,#5174));
#5166 = ORIENTED_EDGE('',*,*,#2530,.T.);
#5167 = ORIENTED_EDGE('',*,*,#5168,.T.);
#5168 = EDGE_CURVE('',#2531,#3780,#5169,.T.);
#5169 = LINE('',#5170,#5171);
#5170 = CARTESIAN_POINT('',(132.,-131.75,-4.6E-02));
#5171 = VECTOR('',#5172,1.);
#5172 = DIRECTION('',(0.,0.,1.));
#5173 = ORIENTED_EDGE('',*,*,#3779,.F.);
#5174 = ORIENTED_EDGE('',*,*,#5168,.F.);
#5175 = CYLINDRICAL_SURFACE('',#5176,0.51);
#5176 = AXIS2_PLACEMENT_3D('',#5177,#5178,#5179);
#5177 = CARTESIAN_POINT('',(132.,-131.24,-4.6E-02));
#5178 = DIRECTION('',(-0.,-0.,-1.));
#5179 = DIRECTION('',(-0.,-1.,0.));
#5180 = ADVANCED_FACE('',(#5181),#5192,.F.);
#5181 = FACE_BOUND('',#5182,.T.);
#5182 = EDGE_LOOP('',(#5183,#5184,#5190,#5191));
#5183 = ORIENTED_EDGE('',*,*,#2541,.T.);
#5184 = ORIENTED_EDGE('',*,*,#5185,.T.);
#5185 = EDGE_CURVE('',#2542,#3791,#5186,.T.);
#5186 = LINE('',#5187,#5188);
#5187 = CARTESIAN_POINT('',(137.94,-134.81,-4.6E-02));
#5188 = VECTOR('',#5189,1.);
#5189 = DIRECTION('',(0.,0.,1.));
#5190 = ORIENTED_EDGE('',*,*,#3790,.F.);
#5191 = ORIENTED_EDGE('',*,*,#5185,.F.);
#5192 = CYLINDRICAL_SURFACE('',#5193,0.635);
#5193 = AXIS2_PLACEMENT_3D('',#5194,#5195,#5196);
#5194 = CARTESIAN_POINT('',(137.94,-134.175,-4.6E-02));
#5195 = DIRECTION('',(-0.,-0.,-1.));
#5196 = DIRECTION('',(-0.,-1.,0.));
#5197 = ADVANCED_FACE('',(#5198),#5209,.F.);
#5198 = FACE_BOUND('',#5199,.T.);
#5199 = EDGE_LOOP('',(#5200,#5201,#5207,#5208));
#5200 = ORIENTED_EDGE('',*,*,#2552,.T.);
#5201 = ORIENTED_EDGE('',*,*,#5202,.T.);
#5202 = EDGE_CURVE('',#2553,#3802,#5203,.T.);
#5203 = LINE('',#5204,#5205);
#5204 = CARTESIAN_POINT('',(137.94,-132.27,-4.6E-02));
#5205 = VECTOR('',#5206,1.);
#5206 = DIRECTION('',(0.,0.,1.));
#5207 = ORIENTED_EDGE('',*,*,#3801,.F.);
#5208 = ORIENTED_EDGE('',*,*,#5202,.F.);
#5209 = CYLINDRICAL_SURFACE('',#5210,0.635);
#5210 = AXIS2_PLACEMENT_3D('',#5211,#5212,#5213);
#5211 = CARTESIAN_POINT('',(137.94,-131.635,-4.6E-02));
#5212 = DIRECTION('',(-0.,-0.,-1.));
#5213 = DIRECTION('',(-0.,-1.,0.));
#5214 = ADVANCED_FACE('',(#5215),#5226,.F.);
#5215 = FACE_BOUND('',#5216,.T.);
#5216 = EDGE_LOOP('',(#5217,#5218,#5224,#5225));
#5217 = ORIENTED_EDGE('',*,*,#2563,.T.);
#5218 = ORIENTED_EDGE('',*,*,#5219,.T.);
#5219 = EDGE_CURVE('',#2564,#3813,#5220,.T.);
#5220 = LINE('',#5221,#5222);
#5221 = CARTESIAN_POINT('',(137.94,-129.73,-4.6E-02));
#5222 = VECTOR('',#5223,1.);
#5223 = DIRECTION('',(0.,0.,1.));
#5224 = ORIENTED_EDGE('',*,*,#3812,.F.);
#5225 = ORIENTED_EDGE('',*,*,#5219,.F.);
#5226 = CYLINDRICAL_SURFACE('',#5227,0.635);
#5227 = AXIS2_PLACEMENT_3D('',#5228,#5229,#5230);
#5228 = CARTESIAN_POINT('',(137.94,-129.095,-4.6E-02));
#5229 = DIRECTION('',(-0.,-0.,-1.));
#5230 = DIRECTION('',(-0.,-1.,0.));
#5231 = ADVANCED_FACE('',(#5232),#5243,.F.);
#5232 = FACE_BOUND('',#5233,.T.);
#5233 = EDGE_LOOP('',(#5234,#5235,#5241,#5242));
#5234 = ORIENTED_EDGE('',*,*,#2574,.T.);
#5235 = ORIENTED_EDGE('',*,*,#5236,.T.);
#5236 = EDGE_CURVE('',#2575,#3824,#5237,.T.);
#5237 = LINE('',#5238,#5239);
#5238 = CARTESIAN_POINT('',(157.4,-146.99,-4.6E-02));
#5239 = VECTOR('',#5240,1.);
#5240 = DIRECTION('',(0.,0.,1.));
#5241 = ORIENTED_EDGE('',*,*,#3823,.F.);
#5242 = ORIENTED_EDGE('',*,*,#5236,.F.);
#5243 = CYLINDRICAL_SURFACE('',#5244,0.51);
#5244 = AXIS2_PLACEMENT_3D('',#5245,#5246,#5247);
#5245 = CARTESIAN_POINT('',(157.4,-146.48,-4.6E-02));
#5246 = DIRECTION('',(-0.,0.,-1.));
#5247 = DIRECTION('',(5.57288420204E-14,-1.,-0.));
#5248 = ADVANCED_FACE('',(#5249),#5260,.F.);
#5249 = FACE_BOUND('',#5250,.T.);
#5250 = EDGE_LOOP('',(#5251,#5252,#5258,#5259));
#5251 = ORIENTED_EDGE('',*,*,#2585,.T.);
#5252 = ORIENTED_EDGE('',*,*,#5253,.T.);
#5253 = EDGE_CURVE('',#2586,#3835,#5254,.T.);
#5254 = LINE('',#5255,#5256);
#5255 = CARTESIAN_POINT('',(165.2,-146.85,-4.6E-02));
#5256 = VECTOR('',#5257,1.);
#5257 = DIRECTION('',(0.,0.,1.));
#5258 = ORIENTED_EDGE('',*,*,#3834,.F.);
#5259 = ORIENTED_EDGE('',*,*,#5253,.F.);
#5260 = CYLINDRICAL_SURFACE('',#5261,0.4);
#5261 = AXIS2_PLACEMENT_3D('',#5262,#5263,#5264);
#5262 = CARTESIAN_POINT('',(165.2,-146.45,-4.6E-02));
#5263 = DIRECTION('',(-0.,-0.,-1.));
#5264 = DIRECTION('',(-0.,-1.,0.));
#5265 = ADVANCED_FACE('',(#5266),#5277,.F.);
#5266 = FACE_BOUND('',#5267,.T.);
#5267 = EDGE_LOOP('',(#5268,#5269,#5275,#5276));
#5268 = ORIENTED_EDGE('',*,*,#2596,.T.);
#5269 = ORIENTED_EDGE('',*,*,#5270,.T.);
#5270 = EDGE_CURVE('',#2597,#3846,#5271,.T.);
#5271 = LINE('',#5272,#5273);
#5272 = CARTESIAN_POINT('',(157.4,-144.45,-4.6E-02));
#5273 = VECTOR('',#5274,1.);
#5274 = DIRECTION('',(0.,0.,1.));
#5275 = ORIENTED_EDGE('',*,*,#3845,.F.);
#5276 = ORIENTED_EDGE('',*,*,#5270,.F.);
#5277 = CYLINDRICAL_SURFACE('',#5278,0.51);
#5278 = AXIS2_PLACEMENT_3D('',#5279,#5280,#5281);
#5279 = CARTESIAN_POINT('',(157.4,-143.94,-4.6E-02));
#5280 = DIRECTION('',(-0.,0.,-1.));
#5281 = DIRECTION('',(5.57288420204E-14,-1.,-0.));
#5282 = ADVANCED_FACE('',(#5283),#5294,.F.);
#5283 = FACE_BOUND('',#5284,.T.);
#5284 = EDGE_LOOP('',(#5285,#5286,#5292,#5293));
#5285 = ORIENTED_EDGE('',*,*,#2607,.T.);
#5286 = ORIENTED_EDGE('',*,*,#5287,.T.);
#5287 = EDGE_CURVE('',#2608,#3857,#5288,.T.);
#5288 = LINE('',#5289,#5290);
#5289 = CARTESIAN_POINT('',(176.2,-156.473,-4.6E-02));
#5290 = VECTOR('',#5291,1.);
#5291 = DIRECTION('',(0.,0.,1.));
#5292 = ORIENTED_EDGE('',*,*,#3856,.F.);
#5293 = ORIENTED_EDGE('',*,*,#5287,.F.);
#5294 = CYLINDRICAL_SURFACE('',#5295,0.508);
#5295 = AXIS2_PLACEMENT_3D('',#5296,#5297,#5298);
#5296 = CARTESIAN_POINT('',(176.2,-155.965,-4.6E-02));
#5297 = DIRECTION('',(-0.,-0.,-1.));
#5298 = DIRECTION('',(-0.,-1.,0.));
#5299 = ADVANCED_FACE('',(#5300),#5311,.F.);
#5300 = FACE_BOUND('',#5301,.T.);
#5301 = EDGE_LOOP('',(#5302,#5308,#5309,#5310));
#5302 = ORIENTED_EDGE('',*,*,#5303,.T.);
#5303 = EDGE_CURVE('',#2619,#3868,#5304,.T.);
#5304 = LINE('',#5305,#5306);
#5305 = CARTESIAN_POINT('',(173.5,-152.,0.));
#5306 = VECTOR('',#5307,1.);
#5307 = DIRECTION('',(0.,0.,1.));
#5308 = ORIENTED_EDGE('',*,*,#3867,.T.);
#5309 = ORIENTED_EDGE('',*,*,#5303,.F.);
#5310 = ORIENTED_EDGE('',*,*,#2618,.F.);
#5311 = CYLINDRICAL_SURFACE('',#5312,1.5);
#5312 = AXIS2_PLACEMENT_3D('',#5313,#5314,#5315);
#5313 = CARTESIAN_POINT('',(172.,-152.,0.));
#5314 = DIRECTION('',(-0.,-0.,-1.));
#5315 = DIRECTION('',(1.,0.,-0.));
#5316 = ADVANCED_FACE('',(#5317),#5328,.F.);
#5317 = FACE_BOUND('',#5318,.T.);
#5318 = EDGE_LOOP('',(#5319,#5320,#5326,#5327));
#5319 = ORIENTED_EDGE('',*,*,#2629,.T.);
#5320 = ORIENTED_EDGE('',*,*,#5321,.T.);
#5321 = EDGE_CURVE('',#2630,#3879,#5322,.T.);
#5322 = LINE('',#5323,#5324);
#5323 = CARTESIAN_POINT('',(178.74,-156.473,-4.6E-02));
#5324 = VECTOR('',#5325,1.);
#5325 = DIRECTION('',(0.,0.,1.));
#5326 = ORIENTED_EDGE('',*,*,#3878,.F.);
#5327 = ORIENTED_EDGE('',*,*,#5321,.F.);
#5328 = CYLINDRICAL_SURFACE('',#5329,0.508);
#5329 = AXIS2_PLACEMENT_3D('',#5330,#5331,#5332);
#5330 = CARTESIAN_POINT('',(178.74,-155.965,-4.6E-02));
#5331 = DIRECTION('',(-0.,-0.,-1.));
#5332 = DIRECTION('',(-0.,-1.,0.));
#5333 = ADVANCED_FACE('',(#5334),#5345,.F.);
#5334 = FACE_BOUND('',#5335,.T.);
#5335 = EDGE_LOOP('',(#5336,#5337,#5343,#5344));
#5336 = ORIENTED_EDGE('',*,*,#2640,.T.);
#5337 = ORIENTED_EDGE('',*,*,#5338,.T.);
#5338 = EDGE_CURVE('',#2641,#3890,#5339,.T.);
#5339 = LINE('',#5340,#5341);
#5340 = CARTESIAN_POINT('',(181.28,-156.473,-4.6E-02));
#5341 = VECTOR('',#5342,1.);
#5342 = DIRECTION('',(0.,0.,1.));
#5343 = ORIENTED_EDGE('',*,*,#3889,.F.);
#5344 = ORIENTED_EDGE('',*,*,#5338,.F.);
#5345 = CYLINDRICAL_SURFACE('',#5346,0.508);
#5346 = AXIS2_PLACEMENT_3D('',#5347,#5348,#5349);
#5347 = CARTESIAN_POINT('',(181.28,-155.965,-4.6E-02));
#5348 = DIRECTION('',(-0.,-0.,-1.));
#5349 = DIRECTION('',(-0.,-1.,0.));
#5350 = ADVANCED_FACE('',(#5351),#5362,.F.);
#5351 = FACE_BOUND('',#5352,.T.);
#5352 = EDGE_LOOP('',(#5353,#5354,#5360,#5361));
#5353 = ORIENTED_EDGE('',*,*,#2651,.T.);
#5354 = ORIENTED_EDGE('',*,*,#5355,.T.);
#5355 = EDGE_CURVE('',#2652,#3901,#5356,.T.);
#5356 = LINE('',#5357,#5358);
#5357 = CARTESIAN_POINT('',(183.82,-156.473,-4.6E-02));
#5358 = VECTOR('',#5359,1.);
#5359 = DIRECTION('',(0.,0.,1.));
#5360 = ORIENTED_EDGE('',*,*,#3900,.F.);
#5361 = ORIENTED_EDGE('',*,*,#5355,.F.);
#5362 = CYLINDRICAL_SURFACE('',#5363,0.508);
#5363 = AXIS2_PLACEMENT_3D('',#5364,#5365,#5366);
#5364 = CARTESIAN_POINT('',(183.82,-155.965,-4.6E-02));
#5365 = DIRECTION('',(-0.,-0.,-1.));
#5366 = DIRECTION('',(-0.,-1.,0.));
#5367 = ADVANCED_FACE('',(#5368),#5379,.F.);
#5368 = FACE_BOUND('',#5369,.T.);
#5369 = EDGE_LOOP('',(#5370,#5371,#5377,#5378));
#5370 = ORIENTED_EDGE('',*,*,#2662,.T.);
#5371 = ORIENTED_EDGE('',*,*,#5372,.T.);
#5372 = EDGE_CURVE('',#2663,#3912,#5373,.T.);
#5373 = LINE('',#5374,#5375);
#5374 = CARTESIAN_POINT('',(186.36,-156.473,-4.6E-02));
#5375 = VECTOR('',#5376,1.);
#5376 = DIRECTION('',(0.,0.,1.));
#5377 = ORIENTED_EDGE('',*,*,#3911,.F.);
#5378 = ORIENTED_EDGE('',*,*,#5372,.F.);
#5379 = CYLINDRICAL_SURFACE('',#5380,0.508);
#5380 = AXIS2_PLACEMENT_3D('',#5381,#5382,#5383);
#5381 = CARTESIAN_POINT('',(186.36,-155.965,-4.6E-02));
#5382 = DIRECTION('',(-0.,-0.,-1.));
#5383 = DIRECTION('',(-0.,-1.,0.));
#5384 = ADVANCED_FACE('',(#5385),#5396,.F.);
#5385 = FACE_BOUND('',#5386,.T.);
#5386 = EDGE_LOOP('',(#5387,#5388,#5394,#5395));
#5387 = ORIENTED_EDGE('',*,*,#2673,.T.);
#5388 = ORIENTED_EDGE('',*,*,#5389,.T.);
#5389 = EDGE_CURVE('',#2674,#3923,#5390,.T.);
#5390 = LINE('',#5391,#5392);
#5391 = CARTESIAN_POINT('',(181.7,-150.615,-4.6E-02));
#5392 = VECTOR('',#5393,1.);
#5393 = DIRECTION('',(0.,0.,1.));
#5394 = ORIENTED_EDGE('',*,*,#3922,.F.);
#5395 = ORIENTED_EDGE('',*,*,#5389,.F.);
#5396 = CYLINDRICAL_SURFACE('',#5397,0.65);
#5397 = AXIS2_PLACEMENT_3D('',#5398,#5399,#5400);
#5398 = CARTESIAN_POINT('',(181.7,-149.965,-4.6E-02));
#5399 = DIRECTION('',(-0.,-0.,-1.));
#5400 = DIRECTION('',(-0.,-1.,0.));
#5401 = ADVANCED_FACE('',(#5402),#5413,.F.);
#5402 = FACE_BOUND('',#5403,.T.);
#5403 = EDGE_LOOP('',(#5404,#5405,#5411,#5412));
#5404 = ORIENTED_EDGE('',*,*,#2684,.T.);
#5405 = ORIENTED_EDGE('',*,*,#5406,.T.);
#5406 = EDGE_CURVE('',#2685,#3934,#5407,.T.);
#5407 = LINE('',#5408,#5409);
#5408 = CARTESIAN_POINT('',(181.7,-145.615,-4.6E-02));
#5409 = VECTOR('',#5410,1.);
#5410 = DIRECTION('',(0.,0.,1.));
#5411 = ORIENTED_EDGE('',*,*,#3933,.F.);
#5412 = ORIENTED_EDGE('',*,*,#5406,.F.);
#5413 = CYLINDRICAL_SURFACE('',#5414,0.65);
#5414 = AXIS2_PLACEMENT_3D('',#5415,#5416,#5417);
#5415 = CARTESIAN_POINT('',(181.7,-144.965,-4.6E-02));
#5416 = DIRECTION('',(-0.,-0.,-1.));
#5417 = DIRECTION('',(-0.,-1.,0.));
#5418 = ADVANCED_FACE('',(#5419),#5430,.F.);
#5419 = FACE_BOUND('',#5420,.T.);
#5420 = EDGE_LOOP('',(#5421,#5422,#5428,#5429));
#5421 = ORIENTED_EDGE('',*,*,#2695,.T.);
#5422 = ORIENTED_EDGE('',*,*,#5423,.T.);
#5423 = EDGE_CURVE('',#2696,#3945,#5424,.T.);
#5424 = LINE('',#5425,#5426);
#5425 = CARTESIAN_POINT('',(157.4,-141.91,-4.6E-02));
#5426 = VECTOR('',#5427,1.);
#5427 = DIRECTION('',(0.,0.,1.));
#5428 = ORIENTED_EDGE('',*,*,#3944,.F.);
#5429 = ORIENTED_EDGE('',*,*,#5423,.F.);
#5430 = CYLINDRICAL_SURFACE('',#5431,0.51);
#5431 = AXIS2_PLACEMENT_3D('',#5432,#5433,#5434);
#5432 = CARTESIAN_POINT('',(157.4,-141.4,-4.6E-02));
#5433 = DIRECTION('',(-0.,0.,-1.));
#5434 = DIRECTION('',(5.57288420204E-14,-1.,-0.));
#5435 = ADVANCED_FACE('',(#5436),#5447,.F.);
#5436 = FACE_BOUND('',#5437,.T.);
#5437 = EDGE_LOOP('',(#5438,#5439,#5445,#5446));
#5438 = ORIENTED_EDGE('',*,*,#2706,.T.);
#5439 = ORIENTED_EDGE('',*,*,#5440,.T.);
#5440 = EDGE_CURVE('',#2707,#3956,#5441,.T.);
#5441 = LINE('',#5442,#5443);
#5442 = CARTESIAN_POINT('',(157.4,-139.37,-4.6E-02));
#5443 = VECTOR('',#5444,1.);
#5444 = DIRECTION('',(0.,0.,1.));
#5445 = ORIENTED_EDGE('',*,*,#3955,.F.);
#5446 = ORIENTED_EDGE('',*,*,#5440,.F.);
#5447 = CYLINDRICAL_SURFACE('',#5448,0.51);
#5448 = AXIS2_PLACEMENT_3D('',#5449,#5450,#5451);
#5449 = CARTESIAN_POINT('',(157.4,-138.86,-4.6E-02));
#5450 = DIRECTION('',(-0.,0.,-1.));
#5451 = DIRECTION('',(5.57288420204E-14,-1.,-0.));
#5452 = ADVANCED_FACE('',(#5453),#5464,.F.);
#5453 = FACE_BOUND('',#5454,.T.);
#5454 = EDGE_LOOP('',(#5455,#5456,#5462,#5463));
#5455 = ORIENTED_EDGE('',*,*,#2717,.T.);
#5456 = ORIENTED_EDGE('',*,*,#5457,.T.);
#5457 = EDGE_CURVE('',#2718,#3967,#5458,.T.);
#5458 = LINE('',#5459,#5460);
#5459 = CARTESIAN_POINT('',(157.4,-136.83,-4.6E-02));
#5460 = VECTOR('',#5461,1.);
#5461 = DIRECTION('',(0.,0.,1.));
#5462 = ORIENTED_EDGE('',*,*,#3966,.F.);
#5463 = ORIENTED_EDGE('',*,*,#5457,.F.);
#5464 = CYLINDRICAL_SURFACE('',#5465,0.51);
#5465 = AXIS2_PLACEMENT_3D('',#5466,#5467,#5468);
#5466 = CARTESIAN_POINT('',(157.4,-136.32,-4.6E-02));
#5467 = DIRECTION('',(-0.,0.,-1.));
#5468 = DIRECTION('',(5.57288420204E-14,-1.,-0.));
#5469 = ADVANCED_FACE('',(#5470),#5481,.F.);
#5470 = FACE_BOUND('',#5471,.T.);
#5471 = EDGE_LOOP('',(#5472,#5473,#5479,#5480));
#5472 = ORIENTED_EDGE('',*,*,#2728,.T.);
#5473 = ORIENTED_EDGE('',*,*,#5474,.T.);
#5474 = EDGE_CURVE('',#2729,#3978,#5475,.T.);
#5475 = LINE('',#5476,#5477);
#5476 = CARTESIAN_POINT('',(157.4,-134.29,-4.6E-02));
#5477 = VECTOR('',#5478,1.);
#5478 = DIRECTION('',(0.,0.,1.));
#5479 = ORIENTED_EDGE('',*,*,#3977,.F.);
#5480 = ORIENTED_EDGE('',*,*,#5474,.F.);
#5481 = CYLINDRICAL_SURFACE('',#5482,0.51);
#5482 = AXIS2_PLACEMENT_3D('',#5483,#5484,#5485);
#5483 = CARTESIAN_POINT('',(157.4,-133.78,-4.6E-02));
#5484 = DIRECTION('',(-0.,0.,-1.));
#5485 = DIRECTION('',(5.57288420204E-14,-1.,-0.));
#5486 = ADVANCED_FACE('',(#5487),#5498,.F.);
#5487 = FACE_BOUND('',#5488,.T.);
#5488 = EDGE_LOOP('',(#5489,#5490,#5496,#5497));
#5489 = ORIENTED_EDGE('',*,*,#2739,.T.);
#5490 = ORIENTED_EDGE('',*,*,#5491,.T.);
#5491 = EDGE_CURVE('',#2740,#3989,#5492,.T.);
#5492 = LINE('',#5493,#5494);
#5493 = CARTESIAN_POINT('',(157.4,-131.75,-4.6E-02));
#5494 = VECTOR('',#5495,1.);
#5495 = DIRECTION('',(0.,0.,1.));
#5496 = ORIENTED_EDGE('',*,*,#3988,.F.);
#5497 = ORIENTED_EDGE('',*,*,#5491,.F.);
#5498 = CYLINDRICAL_SURFACE('',#5499,0.51);
#5499 = AXIS2_PLACEMENT_3D('',#5500,#5501,#5502);
#5500 = CARTESIAN_POINT('',(157.4,-131.24,-4.6E-02));
#5501 = DIRECTION('',(-0.,0.,-1.));
#5502 = DIRECTION('',(5.57288420204E-14,-1.,-0.));
#5503 = ADVANCED_FACE('',(#5504),#5515,.F.);
#5504 = FACE_BOUND('',#5505,.T.);
#5505 = EDGE_LOOP('',(#5506,#5507,#5513,#5514));
#5506 = ORIENTED_EDGE('',*,*,#2750,.T.);
#5507 = ORIENTED_EDGE('',*,*,#5508,.T.);
#5508 = EDGE_CURVE('',#2751,#4000,#5509,.T.);
#5509 = LINE('',#5510,#5511);
#5510 = CARTESIAN_POINT('',(181.7,-140.615,-4.6E-02));
#5511 = VECTOR('',#5512,1.);
#5512 = DIRECTION('',(0.,0.,1.));
#5513 = ORIENTED_EDGE('',*,*,#3999,.F.);
#5514 = ORIENTED_EDGE('',*,*,#5508,.F.);
#5515 = CYLINDRICAL_SURFACE('',#5516,0.65);
#5516 = AXIS2_PLACEMENT_3D('',#5517,#5518,#5519);
#5517 = CARTESIAN_POINT('',(181.7,-139.965,-4.6E-02));
#5518 = DIRECTION('',(-0.,-0.,-1.));
#5519 = DIRECTION('',(-0.,-1.,0.));
#5520 = ADVANCED_FACE('',(#5521),#5532,.F.);
#5521 = FACE_BOUND('',#5522,.T.);
#5522 = EDGE_LOOP('',(#5523,#5524,#5530,#5531));
#5523 = ORIENTED_EDGE('',*,*,#2761,.T.);
#5524 = ORIENTED_EDGE('',*,*,#5525,.T.);
#5525 = EDGE_CURVE('',#2762,#4011,#5526,.T.);
#5526 = LINE('',#5527,#5528);
#5527 = CARTESIAN_POINT('',(181.5375,-133.115,-4.6E-02));
#5528 = VECTOR('',#5529,1.);
#5529 = DIRECTION('',(0.,0.,1.));
#5530 = ORIENTED_EDGE('',*,*,#4010,.F.);
#5531 = ORIENTED_EDGE('',*,*,#5525,.F.);
#5532 = CYLINDRICAL_SURFACE('',#5533,0.65);
#5533 = AXIS2_PLACEMENT_3D('',#5534,#5535,#5536);
#5534 = CARTESIAN_POINT('',(181.5375,-132.465,-4.6E-02));
#5535 = DIRECTION('',(-0.,-0.,-1.));
#5536 = DIRECTION('',(-0.,-1.,0.));
#5537 = ADVANCED_FACE('',(#5538),#5549,.F.);
#5538 = FACE_BOUND('',#5539,.T.);
#5539 = EDGE_LOOP('',(#5540,#5541,#5547,#5548));
#5540 = ORIENTED_EDGE('',*,*,#2772,.T.);
#5541 = ORIENTED_EDGE('',*,*,#5542,.T.);
#5542 = EDGE_CURVE('',#2773,#4022,#5543,.T.);
#5543 = LINE('',#5544,#5545);
#5544 = CARTESIAN_POINT('',(102.675,-128.728,-4.6E-02));
#5545 = VECTOR('',#5546,1.);
#5546 = DIRECTION('',(0.,0.,1.));
#5547 = ORIENTED_EDGE('',*,*,#4021,.F.);
#5548 = ORIENTED_EDGE('',*,*,#5542,.F.);
#5549 = CYLINDRICAL_SURFACE('',#5550,0.508);
#5550 = AXIS2_PLACEMENT_3D('',#5551,#5552,#5553);
#5551 = CARTESIAN_POINT('',(102.675,-128.22,-4.6E-02));
#5552 = DIRECTION('',(-0.,-0.,-1.));
#5553 = DIRECTION('',(-2.797412345512E-14,-1.,0.));
#5554 = ADVANCED_FACE('',(#5555),#5566,.F.);
#5555 = FACE_BOUND('',#5556,.T.);
#5556 = EDGE_LOOP('',(#5557,#5558,#5564,#5565));
#5557 = ORIENTED_EDGE('',*,*,#2783,.T.);
#5558 = ORIENTED_EDGE('',*,*,#5559,.T.);
#5559 = EDGE_CURVE('',#2784,#4033,#5560,.T.);
#5560 = LINE('',#5561,#5562);
#5561 = CARTESIAN_POINT('',(102.675,-126.188,-4.6E-02));
#5562 = VECTOR('',#5563,1.);
#5563 = DIRECTION('',(0.,0.,1.));
#5564 = ORIENTED_EDGE('',*,*,#4032,.F.);
#5565 = ORIENTED_EDGE('',*,*,#5559,.F.);
#5566 = CYLINDRICAL_SURFACE('',#5567,0.508);
#5567 = AXIS2_PLACEMENT_3D('',#5568,#5569,#5570);
#5568 = CARTESIAN_POINT('',(102.675,-125.68,-4.6E-02));
#5569 = DIRECTION('',(-0.,-0.,-1.));
#5570 = DIRECTION('',(-2.797412345512E-14,-1.,0.));
#5571 = ADVANCED_FACE('',(#5572),#5583,.F.);
#5572 = FACE_BOUND('',#5573,.T.);
#5573 = EDGE_LOOP('',(#5574,#5575,#5581,#5582));
#5574 = ORIENTED_EDGE('',*,*,#2794,.T.);
#5575 = ORIENTED_EDGE('',*,*,#5576,.T.);
#5576 = EDGE_CURVE('',#2795,#4044,#5577,.T.);
#5577 = LINE('',#5578,#5579);
#5578 = CARTESIAN_POINT('',(102.16,-120.29,-4.6E-02));
#5579 = VECTOR('',#5580,1.);
#5580 = DIRECTION('',(0.,0.,1.));
#5581 = ORIENTED_EDGE('',*,*,#4043,.F.);
#5582 = ORIENTED_EDGE('',*,*,#5576,.F.);
#5583 = CYLINDRICAL_SURFACE('',#5584,0.4);
#5584 = AXIS2_PLACEMENT_3D('',#5585,#5586,#5587);
#5585 = CARTESIAN_POINT('',(102.16,-119.89,-4.6E-02));
#5586 = DIRECTION('',(-0.,-0.,-1.));
#5587 = DIRECTION('',(-0.,-1.,0.));
#5588 = ADVANCED_FACE('',(#5589),#5600,.F.);
#5589 = FACE_BOUND('',#5590,.T.);
#5590 = EDGE_LOOP('',(#5591,#5592,#5598,#5599));
#5591 = ORIENTED_EDGE('',*,*,#2805,.T.);
#5592 = ORIENTED_EDGE('',*,*,#5593,.T.);
#5593 = EDGE_CURVE('',#2806,#4055,#5594,.T.);
#5594 = LINE('',#5595,#5596);
#5595 = CARTESIAN_POINT('',(102.16,-117.75,-4.6E-02));
#5596 = VECTOR('',#5597,1.);
#5597 = DIRECTION('',(0.,0.,1.));
#5598 = ORIENTED_EDGE('',*,*,#4054,.F.);
#5599 = ORIENTED_EDGE('',*,*,#5593,.F.);
#5600 = CYLINDRICAL_SURFACE('',#5601,0.4);
#5601 = AXIS2_PLACEMENT_3D('',#5602,#5603,#5604);
#5602 = CARTESIAN_POINT('',(102.16,-117.35,-4.6E-02));
#5603 = DIRECTION('',(-0.,-0.,-1.));
#5604 = DIRECTION('',(-0.,-1.,0.));
#5605 = ADVANCED_FACE('',(#5606),#5617,.F.);
#5606 = FACE_BOUND('',#5607,.T.);
#5607 = EDGE_LOOP('',(#5608,#5609,#5615,#5616));
#5608 = ORIENTED_EDGE('',*,*,#2816,.T.);
#5609 = ORIENTED_EDGE('',*,*,#5610,.T.);
#5610 = EDGE_CURVE('',#2817,#4066,#5611,.T.);
#5611 = LINE('',#5612,#5613);
#5612 = CARTESIAN_POINT('',(109.315,-116.54,-4.6E-02));
#5613 = VECTOR('',#5614,1.);
#5614 = DIRECTION('',(0.,0.,1.));
#5615 = ORIENTED_EDGE('',*,*,#4065,.F.);
#5616 = ORIENTED_EDGE('',*,*,#5610,.F.);
#5617 = CYLINDRICAL_SURFACE('',#5618,0.51);
#5618 = AXIS2_PLACEMENT_3D('',#5619,#5620,#5621);
#5619 = CARTESIAN_POINT('',(109.315,-116.03,-4.6E-02));
#5620 = DIRECTION('',(-0.,-0.,-1.));
#5621 = DIRECTION('',(-0.,-1.,0.));
#5622 = ADVANCED_FACE('',(#5623),#5634,.F.);
#5623 = FACE_BOUND('',#5624,.T.);
#5624 = EDGE_LOOP('',(#5625,#5626,#5632,#5633));
#5625 = ORIENTED_EDGE('',*,*,#2827,.T.);
#5626 = ORIENTED_EDGE('',*,*,#5627,.T.);
#5627 = EDGE_CURVE('',#2828,#4077,#5628,.T.);
#5628 = LINE('',#5629,#5630);
#5629 = CARTESIAN_POINT('',(114.86,-120.29,-4.6E-02));
#5630 = VECTOR('',#5631,1.);
#5631 = DIRECTION('',(0.,0.,1.));
#5632 = ORIENTED_EDGE('',*,*,#4076,.F.);
#5633 = ORIENTED_EDGE('',*,*,#5627,.F.);
#5634 = CYLINDRICAL_SURFACE('',#5635,0.4);
#5635 = AXIS2_PLACEMENT_3D('',#5636,#5637,#5638);
#5636 = CARTESIAN_POINT('',(114.86,-119.89,-4.6E-02));
#5637 = DIRECTION('',(-0.,-0.,-1.));
#5638 = DIRECTION('',(-0.,-1.,0.));
#5639 = ADVANCED_FACE('',(#5640),#5651,.F.);
#5640 = FACE_BOUND('',#5641,.T.);
#5641 = EDGE_LOOP('',(#5642,#5643,#5649,#5650));
#5642 = ORIENTED_EDGE('',*,*,#2838,.T.);
#5643 = ORIENTED_EDGE('',*,*,#5644,.T.);
#5644 = EDGE_CURVE('',#2839,#4088,#5645,.T.);
#5645 = LINE('',#5646,#5647);
#5646 = CARTESIAN_POINT('',(114.86,-117.75,-4.6E-02));
#5647 = VECTOR('',#5648,1.);
#5648 = DIRECTION('',(0.,0.,1.));
#5649 = ORIENTED_EDGE('',*,*,#4087,.F.);
#5650 = ORIENTED_EDGE('',*,*,#5644,.F.);
#5651 = CYLINDRICAL_SURFACE('',#5652,0.4);
#5652 = AXIS2_PLACEMENT_3D('',#5653,#5654,#5655);
#5653 = CARTESIAN_POINT('',(114.86,-117.35,-4.6E-02));
#5654 = DIRECTION('',(-0.,-0.,-1.));
#5655 = DIRECTION('',(-0.,-1.,0.));
#5656 = ADVANCED_FACE('',(#5657),#5668,.F.);
#5657 = FACE_BOUND('',#5658,.T.);
#5658 = EDGE_LOOP('',(#5659,#5660,#5666,#5667));
#5659 = ORIENTED_EDGE('',*,*,#2849,.T.);
#5660 = ORIENTED_EDGE('',*,*,#5661,.T.);
#5661 = EDGE_CURVE('',#2850,#4099,#5662,.T.);
#5662 = LINE('',#5663,#5664);
#5663 = CARTESIAN_POINT('',(132.,-129.21,-4.6E-02));
#5664 = VECTOR('',#5665,1.);
#5665 = DIRECTION('',(0.,0.,1.));
#5666 = ORIENTED_EDGE('',*,*,#4098,.F.);
#5667 = ORIENTED_EDGE('',*,*,#5661,.F.);
#5668 = CYLINDRICAL_SURFACE('',#5669,0.51);
#5669 = AXIS2_PLACEMENT_3D('',#5670,#5671,#5672);
#5670 = CARTESIAN_POINT('',(132.,-128.7,-4.6E-02));
#5671 = DIRECTION('',(-0.,-0.,-1.));
#5672 = DIRECTION('',(-0.,-1.,0.));
#5673 = ADVANCED_FACE('',(#5674),#5685,.F.);
#5674 = FACE_BOUND('',#5675,.T.);
#5675 = EDGE_LOOP('',(#5676,#5677,#5683,#5684));
#5676 = ORIENTED_EDGE('',*,*,#2860,.T.);
#5677 = ORIENTED_EDGE('',*,*,#5678,.T.);
#5678 = EDGE_CURVE('',#2861,#4110,#5679,.T.);
#5679 = LINE('',#5680,#5681);
#5680 = CARTESIAN_POINT('',(132.,-126.67,-4.6E-02));
#5681 = VECTOR('',#5682,1.);
#5682 = DIRECTION('',(0.,0.,1.));
#5683 = ORIENTED_EDGE('',*,*,#4109,.F.);
#5684 = ORIENTED_EDGE('',*,*,#5678,.F.);
#5685 = CYLINDRICAL_SURFACE('',#5686,0.51);
#5686 = AXIS2_PLACEMENT_3D('',#5687,#5688,#5689);
#5687 = CARTESIAN_POINT('',(132.,-126.16,-4.6E-02));
#5688 = DIRECTION('',(-0.,-0.,-1.));
#5689 = DIRECTION('',(-0.,-1.,0.));
#5690 = ADVANCED_FACE('',(#5691),#5702,.F.);
#5691 = FACE_BOUND('',#5692,.T.);
#5692 = EDGE_LOOP('',(#5693,#5694,#5700,#5701));
#5693 = ORIENTED_EDGE('',*,*,#2871,.T.);
#5694 = ORIENTED_EDGE('',*,*,#5695,.T.);
#5695 = EDGE_CURVE('',#2872,#4121,#5696,.T.);
#5696 = LINE('',#5697,#5698);
#5697 = CARTESIAN_POINT('',(132.,-124.13,-4.6E-02));
#5698 = VECTOR('',#5699,1.);
#5699 = DIRECTION('',(0.,0.,1.));
#5700 = ORIENTED_EDGE('',*,*,#4120,.F.);
#5701 = ORIENTED_EDGE('',*,*,#5695,.F.);
#5702 = CYLINDRICAL_SURFACE('',#5703,0.51);
#5703 = AXIS2_PLACEMENT_3D('',#5704,#5705,#5706);
#5704 = CARTESIAN_POINT('',(132.,-123.62,-4.6E-02));
#5705 = DIRECTION('',(-0.,-0.,-1.));
#5706 = DIRECTION('',(-0.,-1.,0.));
#5707 = ADVANCED_FACE('',(#5708),#5719,.F.);
#5708 = FACE_BOUND('',#5709,.T.);
#5709 = EDGE_LOOP('',(#5710,#5711,#5717,#5718));
#5710 = ORIENTED_EDGE('',*,*,#2882,.T.);
#5711 = ORIENTED_EDGE('',*,*,#5712,.T.);
#5712 = EDGE_CURVE('',#2883,#4132,#5713,.T.);
#5713 = LINE('',#5714,#5715);
#5714 = CARTESIAN_POINT('',(137.94,-127.19,-4.6E-02));
#5715 = VECTOR('',#5716,1.);
#5716 = DIRECTION('',(0.,0.,1.));
#5717 = ORIENTED_EDGE('',*,*,#4131,.F.);
#5718 = ORIENTED_EDGE('',*,*,#5712,.F.);
#5719 = CYLINDRICAL_SURFACE('',#5720,0.635);
#5720 = AXIS2_PLACEMENT_3D('',#5721,#5722,#5723);
#5721 = CARTESIAN_POINT('',(137.94,-126.555,-4.6E-02));
#5722 = DIRECTION('',(-0.,-0.,-1.));
#5723 = DIRECTION('',(-0.,-1.,0.));
#5724 = ADVANCED_FACE('',(#5725),#5736,.F.);
#5725 = FACE_BOUND('',#5726,.T.);
#5726 = EDGE_LOOP('',(#5727,#5728,#5734,#5735));
#5727 = ORIENTED_EDGE('',*,*,#2893,.T.);
#5728 = ORIENTED_EDGE('',*,*,#5729,.T.);
#5729 = EDGE_CURVE('',#2894,#4143,#5730,.T.);
#5730 = LINE('',#5731,#5732);
#5731 = CARTESIAN_POINT('',(137.94,-124.65,-4.6E-02));
#5732 = VECTOR('',#5733,1.);
#5733 = DIRECTION('',(0.,0.,1.));
#5734 = ORIENTED_EDGE('',*,*,#4142,.F.);
#5735 = ORIENTED_EDGE('',*,*,#5729,.F.);
#5736 = CYLINDRICAL_SURFACE('',#5737,0.635);
#5737 = AXIS2_PLACEMENT_3D('',#5738,#5739,#5740);
#5738 = CARTESIAN_POINT('',(137.94,-124.015,-4.6E-02));
#5739 = DIRECTION('',(-0.,-0.,-1.));
#5740 = DIRECTION('',(-0.,-1.,0.));
#5741 = ADVANCED_FACE('',(#5742),#5753,.F.);
#5742 = FACE_BOUND('',#5743,.T.);
#5743 = EDGE_LOOP('',(#5744,#5750,#5751,#5752));
#5744 = ORIENTED_EDGE('',*,*,#5745,.T.);
#5745 = EDGE_CURVE('',#2905,#4154,#5746,.T.);
#5746 = LINE('',#5747,#5748);
#5747 = CARTESIAN_POINT('',(126.5,-122.,0.));
#5748 = VECTOR('',#5749,1.);
#5749 = DIRECTION('',(0.,0.,1.));
#5750 = ORIENTED_EDGE('',*,*,#4153,.T.);
#5751 = ORIENTED_EDGE('',*,*,#5745,.F.);
#5752 = ORIENTED_EDGE('',*,*,#2904,.F.);
#5753 = CYLINDRICAL_SURFACE('',#5754,1.5);
#5754 = AXIS2_PLACEMENT_3D('',#5755,#5756,#5757);
#5755 = CARTESIAN_POINT('',(125.,-122.,0.));
#5756 = DIRECTION('',(-0.,-0.,-1.));
#5757 = DIRECTION('',(1.,0.,-0.));
#5758 = ADVANCED_FACE('',(#5759),#5770,.F.);
#5759 = FACE_BOUND('',#5760,.T.);
#5760 = EDGE_LOOP('',(#5761,#5762,#5768,#5769));
#5761 = ORIENTED_EDGE('',*,*,#2915,.T.);
#5762 = ORIENTED_EDGE('',*,*,#5763,.T.);
#5763 = EDGE_CURVE('',#2916,#4165,#5764,.T.);
#5764 = LINE('',#5765,#5766);
#5765 = CARTESIAN_POINT('',(132.,-121.59,-4.6E-02));
#5766 = VECTOR('',#5767,1.);
#5767 = DIRECTION('',(0.,0.,1.));
#5768 = ORIENTED_EDGE('',*,*,#4164,.F.);
#5769 = ORIENTED_EDGE('',*,*,#5763,.F.);
#5770 = CYLINDRICAL_SURFACE('',#5771,0.51);
#5771 = AXIS2_PLACEMENT_3D('',#5772,#5773,#5774);
#5772 = CARTESIAN_POINT('',(132.,-121.08,-4.6E-02));
#5773 = DIRECTION('',(-0.,-0.,-1.));
#5774 = DIRECTION('',(-0.,-1.,0.));
#5775 = ADVANCED_FACE('',(#5776),#5787,.F.);
#5776 = FACE_BOUND('',#5777,.T.);
#5777 = EDGE_LOOP('',(#5778,#5779,#5785,#5786));
#5778 = ORIENTED_EDGE('',*,*,#2926,.T.);
#5779 = ORIENTED_EDGE('',*,*,#5780,.T.);
#5780 = EDGE_CURVE('',#2927,#4176,#5781,.T.);
#5781 = LINE('',#5782,#5783);
#5782 = CARTESIAN_POINT('',(132.,-119.05,-4.6E-02));
#5783 = VECTOR('',#5784,1.);
#5784 = DIRECTION('',(0.,0.,1.));
#5785 = ORIENTED_EDGE('',*,*,#4175,.F.);
#5786 = ORIENTED_EDGE('',*,*,#5780,.F.);
#5787 = CYLINDRICAL_SURFACE('',#5788,0.51);
#5788 = AXIS2_PLACEMENT_3D('',#5789,#5790,#5791);
#5789 = CARTESIAN_POINT('',(132.,-118.54,-4.6E-02));
#5790 = DIRECTION('',(-0.,-0.,-1.));
#5791 = DIRECTION('',(-0.,-1.,0.));
#5792 = ADVANCED_FACE('',(#5793),#5804,.F.);
#5793 = FACE_BOUND('',#5794,.T.);
#5794 = EDGE_LOOP('',(#5795,#5796,#5802,#5803));
#5795 = ORIENTED_EDGE('',*,*,#2937,.T.);
#5796 = ORIENTED_EDGE('',*,*,#5797,.T.);
#5797 = EDGE_CURVE('',#2938,#4187,#5798,.T.);
#5798 = LINE('',#5799,#5800);
#5799 = CARTESIAN_POINT('',(132.,-116.51,-4.6E-02));
#5800 = VECTOR('',#5801,1.);
#5801 = DIRECTION('',(0.,0.,1.));
#5802 = ORIENTED_EDGE('',*,*,#4186,.F.);
#5803 = ORIENTED_EDGE('',*,*,#5797,.F.);
#5804 = CYLINDRICAL_SURFACE('',#5805,0.51);
#5805 = AXIS2_PLACEMENT_3D('',#5806,#5807,#5808);
#5806 = CARTESIAN_POINT('',(132.,-116.,-4.6E-02));
#5807 = DIRECTION('',(-0.,-0.,-1.));
#5808 = DIRECTION('',(-0.,-1.,0.));
#5809 = ADVANCED_FACE('',(#5810),#5821,.F.);
#5810 = FACE_BOUND('',#5811,.T.);
#5811 = EDGE_LOOP('',(#5812,#5813,#5819,#5820));
#5812 = ORIENTED_EDGE('',*,*,#2948,.T.);
#5813 = ORIENTED_EDGE('',*,*,#5814,.T.);
#5814 = EDGE_CURVE('',#2949,#4198,#5815,.T.);
#5815 = LINE('',#5816,#5817);
#5816 = CARTESIAN_POINT('',(102.16,-115.21,-4.6E-02));
#5817 = VECTOR('',#5818,1.);
#5818 = DIRECTION('',(0.,0.,1.));
#5819 = ORIENTED_EDGE('',*,*,#4197,.F.);
#5820 = ORIENTED_EDGE('',*,*,#5814,.F.);
#5821 = CYLINDRICAL_SURFACE('',#5822,0.4);
#5822 = AXIS2_PLACEMENT_3D('',#5823,#5824,#5825);
#5823 = CARTESIAN_POINT('',(102.16,-114.81,-4.6E-02));
#5824 = DIRECTION('',(-0.,-0.,-1.));
#5825 = DIRECTION('',(-0.,-1.,0.));
#5826 = ADVANCED_FACE('',(#5827),#5838,.F.);
#5827 = FACE_BOUND('',#5828,.T.);
#5828 = EDGE_LOOP('',(#5829,#5830,#5836,#5837));
#5829 = ORIENTED_EDGE('',*,*,#2959,.T.);
#5830 = ORIENTED_EDGE('',*,*,#5831,.T.);
#5831 = EDGE_CURVE('',#2960,#4209,#5832,.T.);
#5832 = LINE('',#5833,#5834);
#5833 = CARTESIAN_POINT('',(102.16,-112.67,-4.6E-02));
#5834 = VECTOR('',#5835,1.);
#5835 = DIRECTION('',(0.,0.,1.));
#5836 = ORIENTED_EDGE('',*,*,#4208,.F.);
#5837 = ORIENTED_EDGE('',*,*,#5831,.F.);
#5838 = CYLINDRICAL_SURFACE('',#5839,0.4);
#5839 = AXIS2_PLACEMENT_3D('',#5840,#5841,#5842);
#5840 = CARTESIAN_POINT('',(102.16,-112.27,-4.6E-02));
#5841 = DIRECTION('',(-0.,-0.,-1.));
#5842 = DIRECTION('',(-0.,-1.,0.));
#5843 = ADVANCED_FACE('',(#5844),#5855,.F.);
#5844 = FACE_BOUND('',#5845,.T.);
#5845 = EDGE_LOOP('',(#5846,#5847,#5853,#5854));
#5846 = ORIENTED_EDGE('',*,*,#2970,.T.);
#5847 = ORIENTED_EDGE('',*,*,#5848,.T.);
#5848 = EDGE_CURVE('',#2971,#4220,#5849,.T.);
#5849 = LINE('',#5850,#5851);
#5850 = CARTESIAN_POINT('',(109.315,-114.,-4.6E-02));
#5851 = VECTOR('',#5852,1.);
#5852 = DIRECTION('',(0.,0.,1.));
#5853 = ORIENTED_EDGE('',*,*,#4219,.F.);
#5854 = ORIENTED_EDGE('',*,*,#5848,.F.);
#5855 = CYLINDRICAL_SURFACE('',#5856,0.51);
#5856 = AXIS2_PLACEMENT_3D('',#5857,#5858,#5859);
#5857 = CARTESIAN_POINT('',(109.315,-113.49,-4.6E-02));
#5858 = DIRECTION('',(-0.,-0.,-1.));
#5859 = DIRECTION('',(-0.,-1.,0.));
#5860 = ADVANCED_FACE('',(#5861),#5872,.F.);
#5861 = FACE_BOUND('',#5862,.T.);
#5862 = EDGE_LOOP('',(#5863,#5864,#5870,#5871));
#5863 = ORIENTED_EDGE('',*,*,#2981,.T.);
#5864 = ORIENTED_EDGE('',*,*,#5865,.T.);
#5865 = EDGE_CURVE('',#2982,#4231,#5866,.T.);
#5866 = LINE('',#5867,#5868);
#5867 = CARTESIAN_POINT('',(102.16,-110.13,-4.6E-02));
#5868 = VECTOR('',#5869,1.);
#5869 = DIRECTION('',(0.,0.,1.));
#5870 = ORIENTED_EDGE('',*,*,#4230,.F.);
#5871 = ORIENTED_EDGE('',*,*,#5865,.F.);
#5872 = CYLINDRICAL_SURFACE('',#5873,0.4);
#5873 = AXIS2_PLACEMENT_3D('',#5874,#5875,#5876);
#5874 = CARTESIAN_POINT('',(102.16,-109.73,-4.6E-02));
#5875 = DIRECTION('',(-0.,-0.,-1.));
#5876 = DIRECTION('',(-0.,-1.,0.));
#5877 = ADVANCED_FACE('',(#5878),#5889,.F.);
#5878 = FACE_BOUND('',#5879,.T.);
#5879 = EDGE_LOOP('',(#5880,#5881,#5887,#5888));
#5880 = ORIENTED_EDGE('',*,*,#2992,.T.);
#5881 = ORIENTED_EDGE('',*,*,#5882,.T.);
#5882 = EDGE_CURVE('',#2993,#4242,#5883,.T.);
#5883 = LINE('',#5884,#5885);
#5884 = CARTESIAN_POINT('',(109.315,-111.46,-4.6E-02));
#5885 = VECTOR('',#5886,1.);
#5886 = DIRECTION('',(0.,0.,1.));
#5887 = ORIENTED_EDGE('',*,*,#4241,.F.);
#5888 = ORIENTED_EDGE('',*,*,#5882,.F.);
#5889 = CYLINDRICAL_SURFACE('',#5890,0.51);
#5890 = AXIS2_PLACEMENT_3D('',#5891,#5892,#5893);
#5891 = CARTESIAN_POINT('',(109.315,-110.95,-4.6E-02));
#5892 = DIRECTION('',(-0.,-0.,-1.));
#5893 = DIRECTION('',(-0.,-1.,0.));
#5894 = ADVANCED_FACE('',(#5895),#5906,.F.);
#5895 = FACE_BOUND('',#5896,.T.);
#5896 = EDGE_LOOP('',(#5897,#5898,#5904,#5905));
#5897 = ORIENTED_EDGE('',*,*,#3003,.T.);
#5898 = ORIENTED_EDGE('',*,*,#5899,.T.);
#5899 = EDGE_CURVE('',#3004,#4253,#5900,.T.);
#5900 = LINE('',#5901,#5902);
#5901 = CARTESIAN_POINT('',(114.86,-115.21,-4.6E-02));
#5902 = VECTOR('',#5903,1.);
#5903 = DIRECTION('',(0.,0.,1.));
#5904 = ORIENTED_EDGE('',*,*,#4252,.F.);
#5905 = ORIENTED_EDGE('',*,*,#5899,.F.);
#5906 = CYLINDRICAL_SURFACE('',#5907,0.4);
#5907 = AXIS2_PLACEMENT_3D('',#5908,#5909,#5910);
#5908 = CARTESIAN_POINT('',(114.86,-114.81,-4.6E-02));
#5909 = DIRECTION('',(-0.,-0.,-1.));
#5910 = DIRECTION('',(-0.,-1.,0.));
#5911 = ADVANCED_FACE('',(#5912),#5923,.F.);
#5912 = FACE_BOUND('',#5913,.T.);
#5913 = EDGE_LOOP('',(#5914,#5915,#5921,#5922));
#5914 = ORIENTED_EDGE('',*,*,#3014,.T.);
#5915 = ORIENTED_EDGE('',*,*,#5916,.T.);
#5916 = EDGE_CURVE('',#3015,#4264,#5917,.T.);
#5917 = LINE('',#5918,#5919);
#5918 = CARTESIAN_POINT('',(114.86,-112.67,-4.6E-02));
#5919 = VECTOR('',#5920,1.);
#5920 = DIRECTION('',(0.,0.,1.));
#5921 = ORIENTED_EDGE('',*,*,#4263,.F.);
#5922 = ORIENTED_EDGE('',*,*,#5916,.F.);
#5923 = CYLINDRICAL_SURFACE('',#5924,0.4);
#5924 = AXIS2_PLACEMENT_3D('',#5925,#5926,#5927);
#5925 = CARTESIAN_POINT('',(114.86,-112.27,-4.6E-02));
#5926 = DIRECTION('',(-0.,-0.,-1.));
#5927 = DIRECTION('',(-0.,-1.,0.));
#5928 = ADVANCED_FACE('',(#5929),#5940,.F.);
#5929 = FACE_BOUND('',#5930,.T.);
#5930 = EDGE_LOOP('',(#5931,#5932,#5938,#5939));
#5931 = ORIENTED_EDGE('',*,*,#3025,.T.);
#5932 = ORIENTED_EDGE('',*,*,#5933,.T.);
#5933 = EDGE_CURVE('',#3026,#4275,#5934,.T.);
#5934 = LINE('',#5935,#5936);
#5935 = CARTESIAN_POINT('',(120.989646,-113.49,-4.6E-02));
#5936 = VECTOR('',#5937,1.);
#5937 = DIRECTION('',(0.,0.,1.));
#5938 = ORIENTED_EDGE('',*,*,#4274,.F.);
#5939 = ORIENTED_EDGE('',*,*,#5933,.F.);
#5940 = CYLINDRICAL_SURFACE('',#5941,0.5);
#5941 = AXIS2_PLACEMENT_3D('',#5942,#5943,#5944);
#5942 = CARTESIAN_POINT('',(120.989646,-112.99,-4.6E-02));
#5943 = DIRECTION('',(-0.,-0.,-1.));
#5944 = DIRECTION('',(-0.,-1.,0.));
#5945 = ADVANCED_FACE('',(#5946),#5957,.F.);
#5946 = FACE_BOUND('',#5947,.T.);
#5947 = EDGE_LOOP('',(#5948,#5949,#5955,#5956));
#5948 = ORIENTED_EDGE('',*,*,#3036,.T.);
#5949 = ORIENTED_EDGE('',*,*,#5950,.T.);
#5950 = EDGE_CURVE('',#3037,#4286,#5951,.T.);
#5951 = LINE('',#5952,#5953);
#5952 = CARTESIAN_POINT('',(114.86,-110.13,-4.6E-02));
#5953 = VECTOR('',#5954,1.);
#5954 = DIRECTION('',(0.,0.,1.));
#5955 = ORIENTED_EDGE('',*,*,#4285,.F.);
#5956 = ORIENTED_EDGE('',*,*,#5950,.F.);
#5957 = CYLINDRICAL_SURFACE('',#5958,0.4);
#5958 = AXIS2_PLACEMENT_3D('',#5959,#5960,#5961);
#5959 = CARTESIAN_POINT('',(114.86,-109.73,-4.6E-02));
#5960 = DIRECTION('',(-0.,-0.,-1.));
#5961 = DIRECTION('',(-0.,-1.,0.));
#5962 = ADVANCED_FACE('',(#5963),#5974,.F.);
#5963 = FACE_BOUND('',#5964,.T.);
#5964 = EDGE_LOOP('',(#5965,#5966,#5972,#5973));
#5965 = ORIENTED_EDGE('',*,*,#3047,.T.);
#5966 = ORIENTED_EDGE('',*,*,#5967,.T.);
#5967 = EDGE_CURVE('',#3048,#4297,#5968,.T.);
#5968 = LINE('',#5969,#5970);
#5969 = CARTESIAN_POINT('',(102.16,-107.59,-4.6E-02));
#5970 = VECTOR('',#5971,1.);
#5971 = DIRECTION('',(0.,0.,1.));
#5972 = ORIENTED_EDGE('',*,*,#4296,.F.);
#5973 = ORIENTED_EDGE('',*,*,#5967,.F.);
#5974 = CYLINDRICAL_SURFACE('',#5975,0.4);
#5975 = AXIS2_PLACEMENT_3D('',#5976,#5977,#5978);
#5976 = CARTESIAN_POINT('',(102.16,-107.19,-4.6E-02));
#5977 = DIRECTION('',(-0.,-0.,-1.));
#5978 = DIRECTION('',(-0.,-1.,0.));
#5979 = ADVANCED_FACE('',(#5980),#5991,.F.);
#5980 = FACE_BOUND('',#5981,.T.);
#5981 = EDGE_LOOP('',(#5982,#5983,#5989,#5990));
#5982 = ORIENTED_EDGE('',*,*,#3058,.T.);
#5983 = ORIENTED_EDGE('',*,*,#5984,.T.);
#5984 = EDGE_CURVE('',#3059,#4308,#5985,.T.);
#5985 = LINE('',#5986,#5987);
#5986 = CARTESIAN_POINT('',(109.315,-108.92,-4.6E-02));
#5987 = VECTOR('',#5988,1.);
#5988 = DIRECTION('',(0.,0.,1.));
#5989 = ORIENTED_EDGE('',*,*,#4307,.F.);
#5990 = ORIENTED_EDGE('',*,*,#5984,.F.);
#5991 = CYLINDRICAL_SURFACE('',#5992,0.51);
#5992 = AXIS2_PLACEMENT_3D('',#5993,#5994,#5995);
#5993 = CARTESIAN_POINT('',(109.315,-108.41,-4.6E-02));
#5994 = DIRECTION('',(-0.,-0.,-1.));
#5995 = DIRECTION('',(-0.,-1.,0.));
#5996 = ADVANCED_FACE('',(#5997),#6008,.F.);
#5997 = FACE_BOUND('',#5998,.T.);
#5998 = EDGE_LOOP('',(#5999,#6000,#6006,#6007));
#5999 = ORIENTED_EDGE('',*,*,#3069,.T.);
#6000 = ORIENTED_EDGE('',*,*,#6001,.T.);
#6001 = EDGE_CURVE('',#3070,#4319,#6002,.T.);
#6002 = LINE('',#6003,#6004);
#6003 = CARTESIAN_POINT('',(102.16,-105.05,-4.6E-02));
#6004 = VECTOR('',#6005,1.);
#6005 = DIRECTION('',(0.,0.,1.));
#6006 = ORIENTED_EDGE('',*,*,#4318,.F.);
#6007 = ORIENTED_EDGE('',*,*,#6001,.F.);
#6008 = CYLINDRICAL_SURFACE('',#6009,0.4);
#6009 = AXIS2_PLACEMENT_3D('',#6010,#6011,#6012);
#6010 = CARTESIAN_POINT('',(102.16,-104.65,-4.6E-02));
#6011 = DIRECTION('',(-0.,-0.,-1.));
#6012 = DIRECTION('',(-0.,-1.,0.));
#6013 = ADVANCED_FACE('',(#6014),#6025,.F.);
#6014 = FACE_BOUND('',#6015,.T.);
#6015 = EDGE_LOOP('',(#6016,#6017,#6023,#6024));
#6016 = ORIENTED_EDGE('',*,*,#3080,.T.);
#6017 = ORIENTED_EDGE('',*,*,#6018,.T.);
#6018 = EDGE_CURVE('',#3081,#4330,#6019,.T.);
#6019 = LINE('',#6020,#6021);
#6020 = CARTESIAN_POINT('',(102.16,-102.51,-4.6E-02));
#6021 = VECTOR('',#6022,1.);
#6022 = DIRECTION('',(0.,0.,1.));
#6023 = ORIENTED_EDGE('',*,*,#4329,.F.);
#6024 = ORIENTED_EDGE('',*,*,#6018,.F.);
#6025 = CYLINDRICAL_SURFACE('',#6026,0.4);
#6026 = AXIS2_PLACEMENT_3D('',#6027,#6028,#6029);
#6027 = CARTESIAN_POINT('',(102.16,-102.11,-4.6E-02));
#6028 = DIRECTION('',(-0.,-0.,-1.));
#6029 = DIRECTION('',(-0.,-1.,0.));
#6030 = ADVANCED_FACE('',(#6031),#6042,.F.);
#6031 = FACE_BOUND('',#6032,.T.);
#6032 = EDGE_LOOP('',(#6033,#6034,#6040,#6041));
#6033 = ORIENTED_EDGE('',*,*,#3091,.T.);
#6034 = ORIENTED_EDGE('',*,*,#6035,.T.);
#6035 = EDGE_CURVE('',#3092,#4341,#6036,.T.);
#6036 = LINE('',#6037,#6038);
#6037 = CARTESIAN_POINT('',(114.86,-107.59,-4.6E-02));
#6038 = VECTOR('',#6039,1.);
#6039 = DIRECTION('',(0.,0.,1.));
#6040 = ORIENTED_EDGE('',*,*,#4340,.F.);
#6041 = ORIENTED_EDGE('',*,*,#6035,.F.);
#6042 = CYLINDRICAL_SURFACE('',#6043,0.4);
#6043 = AXIS2_PLACEMENT_3D('',#6044,#6045,#6046);
#6044 = CARTESIAN_POINT('',(114.86,-107.19,-4.6E-02));
#6045 = DIRECTION('',(-0.,-0.,-1.));
#6046 = DIRECTION('',(-0.,-1.,0.));
#6047 = ADVANCED_FACE('',(#6048),#6059,.F.);
#6048 = FACE_BOUND('',#6049,.T.);
#6049 = EDGE_LOOP('',(#6050,#6051,#6057,#6058));
#6050 = ORIENTED_EDGE('',*,*,#3102,.T.);
#6051 = ORIENTED_EDGE('',*,*,#6052,.T.);
#6052 = EDGE_CURVE('',#3103,#4352,#6053,.T.);
#6053 = LINE('',#6054,#6055);
#6054 = CARTESIAN_POINT('',(114.86,-105.05,-4.6E-02));
#6055 = VECTOR('',#6056,1.);
#6056 = DIRECTION('',(0.,0.,1.));
#6057 = ORIENTED_EDGE('',*,*,#4351,.F.);
#6058 = ORIENTED_EDGE('',*,*,#6052,.F.);
#6059 = CYLINDRICAL_SURFACE('',#6060,0.4);
#6060 = AXIS2_PLACEMENT_3D('',#6061,#6062,#6063);
#6061 = CARTESIAN_POINT('',(114.86,-104.65,-4.6E-02));
#6062 = DIRECTION('',(-0.,-0.,-1.));
#6063 = DIRECTION('',(-0.,-1.,0.));
#6064 = ADVANCED_FACE('',(#6065),#6076,.F.);
#6065 = FACE_BOUND('',#6066,.T.);
#6066 = EDGE_LOOP('',(#6067,#6068,#6074,#6075));
#6067 = ORIENTED_EDGE('',*,*,#3113,.T.);
#6068 = ORIENTED_EDGE('',*,*,#6069,.T.);
#6069 = EDGE_CURVE('',#3114,#4363,#6070,.T.);
#6070 = LINE('',#6071,#6072);
#6071 = CARTESIAN_POINT('',(114.86,-102.51,-4.6E-02));
#6072 = VECTOR('',#6073,1.);
#6073 = DIRECTION('',(0.,0.,1.));
#6074 = ORIENTED_EDGE('',*,*,#4362,.F.);
#6075 = ORIENTED_EDGE('',*,*,#6069,.F.);
#6076 = CYLINDRICAL_SURFACE('',#6077,0.4);
#6077 = AXIS2_PLACEMENT_3D('',#6078,#6079,#6080);
#6078 = CARTESIAN_POINT('',(114.86,-102.11,-4.6E-02));
#6079 = DIRECTION('',(-0.,-0.,-1.));
#6080 = DIRECTION('',(-0.,-1.,0.));
#6081 = ADVANCED_FACE('',(#6082),#6093,.F.);
#6082 = FACE_BOUND('',#6083,.T.);
#6083 = EDGE_LOOP('',(#6084,#6085,#6091,#6092));
#6084 = ORIENTED_EDGE('',*,*,#3124,.T.);
#6085 = ORIENTED_EDGE('',*,*,#6086,.T.);
#6086 = EDGE_CURVE('',#3125,#4374,#6087,.T.);
#6087 = LINE('',#6088,#6089);
#6088 = CARTESIAN_POINT('',(125.989646,-113.49,-4.6E-02));
#6089 = VECTOR('',#6090,1.);
#6090 = DIRECTION('',(0.,0.,1.));
#6091 = ORIENTED_EDGE('',*,*,#4373,.F.);
#6092 = ORIENTED_EDGE('',*,*,#6086,.F.);
#6093 = CYLINDRICAL_SURFACE('',#6094,0.5);
#6094 = AXIS2_PLACEMENT_3D('',#6095,#6096,#6097);
#6095 = CARTESIAN_POINT('',(125.989646,-112.99,-4.6E-02));
#6096 = DIRECTION('',(-0.,-0.,-1.));
#6097 = DIRECTION('',(-0.,-1.,0.));
#6098 = ADVANCED_FACE('',(#6099),#6110,.F.);
#6099 = FACE_BOUND('',#6100,.T.);
#6100 = EDGE_LOOP('',(#6101,#6102,#6108,#6109));
#6101 = ORIENTED_EDGE('',*,*,#3135,.T.);
#6102 = ORIENTED_EDGE('',*,*,#6103,.T.);
#6103 = EDGE_CURVE('',#3136,#4385,#6104,.T.);
#6104 = LINE('',#6105,#6106);
#6105 = CARTESIAN_POINT('',(132.,-113.97,-4.6E-02));
#6106 = VECTOR('',#6107,1.);
#6107 = DIRECTION('',(0.,0.,1.));
#6108 = ORIENTED_EDGE('',*,*,#4384,.F.);
#6109 = ORIENTED_EDGE('',*,*,#6103,.F.);
#6110 = CYLINDRICAL_SURFACE('',#6111,0.51);
#6111 = AXIS2_PLACEMENT_3D('',#6112,#6113,#6114);
#6112 = CARTESIAN_POINT('',(132.,-113.46,-4.6E-02));
#6113 = DIRECTION('',(-0.,-0.,-1.));
#6114 = DIRECTION('',(-0.,-1.,0.));
#6115 = ADVANCED_FACE('',(#6116),#6127,.F.);
#6116 = FACE_BOUND('',#6117,.T.);
#6117 = EDGE_LOOP('',(#6118,#6119,#6125,#6126));
#6118 = ORIENTED_EDGE('',*,*,#3146,.T.);
#6119 = ORIENTED_EDGE('',*,*,#6120,.T.);
#6120 = EDGE_CURVE('',#3147,#4396,#6121,.T.);
#6121 = LINE('',#6122,#6123);
#6122 = CARTESIAN_POINT('',(132.,-111.43,-4.6E-02));
#6123 = VECTOR('',#6124,1.);
#6124 = DIRECTION('',(0.,0.,1.));
#6125 = ORIENTED_EDGE('',*,*,#4395,.F.);
#6126 = ORIENTED_EDGE('',*,*,#6120,.F.);
#6127 = CYLINDRICAL_SURFACE('',#6128,0.51);
#6128 = AXIS2_PLACEMENT_3D('',#6129,#6130,#6131);
#6129 = CARTESIAN_POINT('',(132.,-110.92,-4.6E-02));
#6130 = DIRECTION('',(-0.,-0.,-1.));
#6131 = DIRECTION('',(-0.,-1.,0.));
#6132 = ADVANCED_FACE('',(#6133),#6144,.F.);
#6133 = FACE_BOUND('',#6134,.T.);
#6134 = EDGE_LOOP('',(#6135,#6136,#6142,#6143));
#6135 = ORIENTED_EDGE('',*,*,#3157,.T.);
#6136 = ORIENTED_EDGE('',*,*,#6137,.T.);
#6137 = EDGE_CURVE('',#3158,#4407,#6138,.T.);
#6138 = LINE('',#6139,#6140);
#6139 = CARTESIAN_POINT('',(157.4,-129.21,-4.6E-02));
#6140 = VECTOR('',#6141,1.);
#6141 = DIRECTION('',(0.,0.,1.));
#6142 = ORIENTED_EDGE('',*,*,#4406,.F.);
#6143 = ORIENTED_EDGE('',*,*,#6137,.F.);
#6144 = CYLINDRICAL_SURFACE('',#6145,0.51);
#6145 = AXIS2_PLACEMENT_3D('',#6146,#6147,#6148);
#6146 = CARTESIAN_POINT('',(157.4,-128.7,-4.6E-02));
#6147 = DIRECTION('',(-0.,0.,-1.));
#6148 = DIRECTION('',(5.57288420204E-14,-1.,-0.));
#6149 = ADVANCED_FACE('',(#6150),#6161,.F.);
#6150 = FACE_BOUND('',#6151,.T.);
#6151 = EDGE_LOOP('',(#6152,#6153,#6159,#6160));
#6152 = ORIENTED_EDGE('',*,*,#3168,.T.);
#6153 = ORIENTED_EDGE('',*,*,#6154,.T.);
#6154 = EDGE_CURVE('',#3169,#4418,#6155,.T.);
#6155 = LINE('',#6156,#6157);
#6156 = CARTESIAN_POINT('',(157.4,-126.67,-4.6E-02));
#6157 = VECTOR('',#6158,1.);
#6158 = DIRECTION('',(0.,0.,1.));
#6159 = ORIENTED_EDGE('',*,*,#4417,.F.);
#6160 = ORIENTED_EDGE('',*,*,#6154,.F.);
#6161 = CYLINDRICAL_SURFACE('',#6162,0.51);
#6162 = AXIS2_PLACEMENT_3D('',#6163,#6164,#6165);
#6163 = CARTESIAN_POINT('',(157.4,-126.16,-4.6E-02));
#6164 = DIRECTION('',(-0.,0.,-1.));
#6165 = DIRECTION('',(5.57288420204E-14,-1.,-0.));
#6166 = ADVANCED_FACE('',(#6167),#6178,.F.);
#6167 = FACE_BOUND('',#6168,.T.);
#6168 = EDGE_LOOP('',(#6169,#6170,#6176,#6177));
#6169 = ORIENTED_EDGE('',*,*,#3179,.T.);
#6170 = ORIENTED_EDGE('',*,*,#6171,.T.);
#6171 = EDGE_CURVE('',#3180,#4429,#6172,.T.);
#6172 = LINE('',#6173,#6174);
#6173 = CARTESIAN_POINT('',(157.4,-124.13,-4.6E-02));
#6174 = VECTOR('',#6175,1.);
#6175 = DIRECTION('',(0.,0.,1.));
#6176 = ORIENTED_EDGE('',*,*,#4428,.F.);
#6177 = ORIENTED_EDGE('',*,*,#6171,.F.);
#6178 = CYLINDRICAL_SURFACE('',#6179,0.51);
#6179 = AXIS2_PLACEMENT_3D('',#6180,#6181,#6182);
#6180 = CARTESIAN_POINT('',(157.4,-123.62,-4.6E-02));
#6181 = DIRECTION('',(-0.,0.,-1.));
#6182 = DIRECTION('',(5.57288420204E-14,-1.,-0.));
#6183 = ADVANCED_FACE('',(#6184),#6195,.F.);
#6184 = FACE_BOUND('',#6185,.T.);
#6185 = EDGE_LOOP('',(#6186,#6187,#6193,#6194));
#6186 = ORIENTED_EDGE('',*,*,#3190,.T.);
#6187 = ORIENTED_EDGE('',*,*,#6188,.T.);
#6188 = EDGE_CURVE('',#3191,#4440,#6189,.T.);
#6189 = LINE('',#6190,#6191);
#6190 = CARTESIAN_POINT('',(165.2,-124.65,-4.6E-02));
#6191 = VECTOR('',#6192,1.);
#6192 = DIRECTION('',(0.,0.,1.));
#6193 = ORIENTED_EDGE('',*,*,#4439,.F.);
#6194 = ORIENTED_EDGE('',*,*,#6188,.F.);
#6195 = CYLINDRICAL_SURFACE('',#6196,0.4);
#6196 = AXIS2_PLACEMENT_3D('',#6197,#6198,#6199);
#6197 = CARTESIAN_POINT('',(165.2,-124.25,-4.6E-02));
#6198 = DIRECTION('',(-0.,-0.,-1.));
#6199 = DIRECTION('',(-0.,-1.,0.));
#6200 = ADVANCED_FACE('',(#6201),#6212,.F.);
#6201 = FACE_BOUND('',#6202,.T.);
#6202 = EDGE_LOOP('',(#6203,#6204,#6210,#6211));
#6203 = ORIENTED_EDGE('',*,*,#3201,.T.);
#6204 = ORIENTED_EDGE('',*,*,#6205,.T.);
#6205 = EDGE_CURVE('',#3202,#4451,#6206,.T.);
#6206 = LINE('',#6207,#6208);
#6207 = CARTESIAN_POINT('',(157.4,-121.59,-4.6E-02));
#6208 = VECTOR('',#6209,1.);
#6209 = DIRECTION('',(0.,0.,1.));
#6210 = ORIENTED_EDGE('',*,*,#4450,.F.);
#6211 = ORIENTED_EDGE('',*,*,#6205,.F.);
#6212 = CYLINDRICAL_SURFACE('',#6213,0.51);
#6213 = AXIS2_PLACEMENT_3D('',#6214,#6215,#6216);
#6214 = CARTESIAN_POINT('',(157.4,-121.08,-4.6E-02));
#6215 = DIRECTION('',(-0.,0.,-1.));
#6216 = DIRECTION('',(5.57288420204E-14,-1.,-0.));
#6217 = ADVANCED_FACE('',(#6218),#6229,.F.);
#6218 = FACE_BOUND('',#6219,.T.);
#6219 = EDGE_LOOP('',(#6220,#6221,#6227,#6228));
#6220 = ORIENTED_EDGE('',*,*,#3212,.T.);
#6221 = ORIENTED_EDGE('',*,*,#6222,.T.);
#6222 = EDGE_CURVE('',#3213,#4462,#6223,.T.);
#6223 = LINE('',#6224,#6225);
#6224 = CARTESIAN_POINT('',(157.4,-119.05,-4.6E-02));
#6225 = VECTOR('',#6226,1.);
#6226 = DIRECTION('',(0.,0.,1.));
#6227 = ORIENTED_EDGE('',*,*,#4461,.F.);
#6228 = ORIENTED_EDGE('',*,*,#6222,.F.);
#6229 = CYLINDRICAL_SURFACE('',#6230,0.51);
#6230 = AXIS2_PLACEMENT_3D('',#6231,#6232,#6233);
#6231 = CARTESIAN_POINT('',(157.4,-118.54,-4.6E-02));
#6232 = DIRECTION('',(-0.,0.,-1.));
#6233 = DIRECTION('',(5.57288420204E-14,-1.,-0.));
#6234 = ADVANCED_FACE('',(#6235),#6246,.F.);
#6235 = FACE_BOUND('',#6236,.T.);
#6236 = EDGE_LOOP('',(#6237,#6238,#6244,#6245));
#6237 = ORIENTED_EDGE('',*,*,#3223,.T.);
#6238 = ORIENTED_EDGE('',*,*,#6239,.T.);
#6239 = EDGE_CURVE('',#3224,#4473,#6240,.T.);
#6240 = LINE('',#6241,#6242);
#6241 = CARTESIAN_POINT('',(157.4,-116.51,-4.6E-02));
#6242 = VECTOR('',#6243,1.);
#6243 = DIRECTION('',(0.,0.,1.));
#6244 = ORIENTED_EDGE('',*,*,#4472,.F.);
#6245 = ORIENTED_EDGE('',*,*,#6239,.F.);
#6246 = CYLINDRICAL_SURFACE('',#6247,0.51);
#6247 = AXIS2_PLACEMENT_3D('',#6248,#6249,#6250);
#6248 = CARTESIAN_POINT('',(157.4,-116.,-4.6E-02));
#6249 = DIRECTION('',(-0.,0.,-1.));
#6250 = DIRECTION('',(5.57288420204E-14,-1.,-0.));
#6251 = ADVANCED_FACE('',(#6252),#6263,.F.);
#6252 = FACE_BOUND('',#6253,.T.);
#6253 = EDGE_LOOP('',(#6254,#6255,#6261,#6262));
#6254 = ORIENTED_EDGE('',*,*,#3234,.T.);
#6255 = ORIENTED_EDGE('',*,*,#6256,.T.);
#6256 = EDGE_CURVE('',#3235,#4484,#6257,.T.);
#6257 = LINE('',#6258,#6259);
#6258 = CARTESIAN_POINT('',(181.5375,-128.115,-4.6E-02));
#6259 = VECTOR('',#6260,1.);
#6260 = DIRECTION('',(0.,0.,1.));
#6261 = ORIENTED_EDGE('',*,*,#4483,.F.);
#6262 = ORIENTED_EDGE('',*,*,#6256,.F.);
#6263 = CYLINDRICAL_SURFACE('',#6264,0.65);
#6264 = AXIS2_PLACEMENT_3D('',#6265,#6266,#6267);
#6265 = CARTESIAN_POINT('',(181.5375,-127.465,-4.6E-02));
#6266 = DIRECTION('',(-0.,-0.,-1.));
#6267 = DIRECTION('',(-0.,-1.,0.));
#6268 = ADVANCED_FACE('',(#6269),#6280,.F.);
#6269 = FACE_BOUND('',#6270,.T.);
#6270 = EDGE_LOOP('',(#6271,#6272,#6278,#6279));
#6271 = ORIENTED_EDGE('',*,*,#3245,.T.);
#6272 = ORIENTED_EDGE('',*,*,#6273,.T.);
#6273 = EDGE_CURVE('',#3246,#4495,#6274,.T.);
#6274 = LINE('',#6275,#6276);
#6275 = CARTESIAN_POINT('',(174.91,-120.54,-4.6E-02));
#6276 = VECTOR('',#6277,1.);
#6277 = DIRECTION('',(0.,0.,1.));
#6278 = ORIENTED_EDGE('',*,*,#4494,.F.);
#6279 = ORIENTED_EDGE('',*,*,#6273,.F.);
#6280 = CYLINDRICAL_SURFACE('',#6281,0.4);
#6281 = AXIS2_PLACEMENT_3D('',#6282,#6283,#6284);
#6282 = CARTESIAN_POINT('',(174.91,-120.14,-4.6E-02));
#6283 = DIRECTION('',(-0.,-0.,-1.));
#6284 = DIRECTION('',(-0.,-1.,0.));
#6285 = ADVANCED_FACE('',(#6286),#6297,.F.);
#6286 = FACE_BOUND('',#6287,.T.);
#6287 = EDGE_LOOP('',(#6288,#6289,#6295,#6296));
#6288 = ORIENTED_EDGE('',*,*,#3256,.T.);
#6289 = ORIENTED_EDGE('',*,*,#6290,.T.);
#6290 = EDGE_CURVE('',#3257,#4506,#6291,.T.);
#6291 = LINE('',#6292,#6293);
#6292 = CARTESIAN_POINT('',(174.91,-118.,-4.6E-02));
#6293 = VECTOR('',#6294,1.);
#6294 = DIRECTION('',(0.,0.,1.));
#6295 = ORIENTED_EDGE('',*,*,#4505,.F.);
#6296 = ORIENTED_EDGE('',*,*,#6290,.F.);
#6297 = CYLINDRICAL_SURFACE('',#6298,0.4);
#6298 = AXIS2_PLACEMENT_3D('',#6299,#6300,#6301);
#6299 = CARTESIAN_POINT('',(174.91,-117.6,-4.6E-02));
#6300 = DIRECTION('',(-0.,-0.,-1.));
#6301 = DIRECTION('',(-0.,-1.,0.));
#6302 = ADVANCED_FACE('',(#6303),#6314,.F.);
#6303 = FACE_BOUND('',#6304,.T.);
#6304 = EDGE_LOOP('',(#6305,#6306,#6312,#6313));
#6305 = ORIENTED_EDGE('',*,*,#3267,.T.);
#6306 = ORIENTED_EDGE('',*,*,#6307,.T.);
#6307 = EDGE_CURVE('',#3268,#4517,#6308,.T.);
#6308 = LINE('',#6309,#6310);
#6309 = CARTESIAN_POINT('',(187.61,-120.54,-4.6E-02));
#6310 = VECTOR('',#6311,1.);
#6311 = DIRECTION('',(0.,0.,1.));
#6312 = ORIENTED_EDGE('',*,*,#4516,.F.);
#6313 = ORIENTED_EDGE('',*,*,#6307,.F.);
#6314 = CYLINDRICAL_SURFACE('',#6315,0.4);
#6315 = AXIS2_PLACEMENT_3D('',#6316,#6317,#6318);
#6316 = CARTESIAN_POINT('',(187.61,-120.14,-4.6E-02));
#6317 = DIRECTION('',(-0.,-0.,-1.));
#6318 = DIRECTION('',(-0.,-1.,0.));
#6319 = ADVANCED_FACE('',(#6320),#6331,.F.);
#6320 = FACE_BOUND('',#6321,.T.);
#6321 = EDGE_LOOP('',(#6322,#6323,#6329,#6330));
#6322 = ORIENTED_EDGE('',*,*,#3278,.T.);
#6323 = ORIENTED_EDGE('',*,*,#6324,.T.);
#6324 = EDGE_CURVE('',#3279,#4528,#6325,.T.);
#6325 = LINE('',#6326,#6327);
#6326 = CARTESIAN_POINT('',(180.7,-116.015,-4.6E-02));
#6327 = VECTOR('',#6328,1.);
#6328 = DIRECTION('',(0.,0.,1.));
#6329 = ORIENTED_EDGE('',*,*,#4527,.F.);
#6330 = ORIENTED_EDGE('',*,*,#6324,.F.);
#6331 = CYLINDRICAL_SURFACE('',#6332,0.51);
#6332 = AXIS2_PLACEMENT_3D('',#6333,#6334,#6335);
#6333 = CARTESIAN_POINT('',(180.7,-115.505,-4.6E-02));
#6334 = DIRECTION('',(-0.,-0.,-1.));
#6335 = DIRECTION('',(-0.,-1.,0.));
#6336 = ADVANCED_FACE('',(#6337),#6348,.F.);
#6337 = FACE_BOUND('',#6338,.T.);
#6338 = EDGE_LOOP('',(#6339,#6340,#6346,#6347));
#6339 = ORIENTED_EDGE('',*,*,#3289,.T.);
#6340 = ORIENTED_EDGE('',*,*,#6341,.T.);
#6341 = EDGE_CURVE('',#3290,#4539,#6342,.T.);
#6342 = LINE('',#6343,#6344);
#6343 = CARTESIAN_POINT('',(187.61,-118.,-4.6E-02));
#6344 = VECTOR('',#6345,1.);
#6345 = DIRECTION('',(0.,0.,1.));
#6346 = ORIENTED_EDGE('',*,*,#4538,.F.);
#6347 = ORIENTED_EDGE('',*,*,#6341,.F.);
#6348 = CYLINDRICAL_SURFACE('',#6349,0.4);
#6349 = AXIS2_PLACEMENT_3D('',#6350,#6351,#6352);
#6350 = CARTESIAN_POINT('',(187.61,-117.6,-4.6E-02));
#6351 = DIRECTION('',(-0.,-0.,-1.));
#6352 = DIRECTION('',(-0.,-1.,0.));
#6353 = ADVANCED_FACE('',(#6354),#6365,.F.);
#6354 = FACE_BOUND('',#6355,.T.);
#6355 = EDGE_LOOP('',(#6356,#6357,#6363,#6364));
#6356 = ORIENTED_EDGE('',*,*,#3300,.T.);
#6357 = ORIENTED_EDGE('',*,*,#6358,.T.);
#6358 = EDGE_CURVE('',#3301,#4550,#6359,.T.);
#6359 = LINE('',#6360,#6361);
#6360 = CARTESIAN_POINT('',(157.4,-113.97,-4.6E-02));
#6361 = VECTOR('',#6362,1.);
#6362 = DIRECTION('',(0.,0.,1.));
#6363 = ORIENTED_EDGE('',*,*,#4549,.F.);
#6364 = ORIENTED_EDGE('',*,*,#6358,.F.);
#6365 = CYLINDRICAL_SURFACE('',#6366,0.51);
#6366 = AXIS2_PLACEMENT_3D('',#6367,#6368,#6369);
#6367 = CARTESIAN_POINT('',(157.4,-113.46,-4.6E-02));
#6368 = DIRECTION('',(-0.,0.,-1.));
#6369 = DIRECTION('',(5.57288420204E-14,-1.,-0.));
#6370 = ADVANCED_FACE('',(#6371),#6382,.F.);
#6371 = FACE_BOUND('',#6372,.T.);
#6372 = EDGE_LOOP('',(#6373,#6374,#6380,#6381));
#6373 = ORIENTED_EDGE('',*,*,#3311,.T.);
#6374 = ORIENTED_EDGE('',*,*,#6375,.T.);
#6375 = EDGE_CURVE('',#3312,#4561,#6376,.T.);
#6376 = LINE('',#6377,#6378);
#6377 = CARTESIAN_POINT('',(163.739646,-112.74,-4.6E-02));
#6378 = VECTOR('',#6379,1.);
#6379 = DIRECTION('',(0.,0.,1.));
#6380 = ORIENTED_EDGE('',*,*,#4560,.F.);
#6381 = ORIENTED_EDGE('',*,*,#6375,.F.);
#6382 = CYLINDRICAL_SURFACE('',#6383,0.5);
#6383 = AXIS2_PLACEMENT_3D('',#6384,#6385,#6386);
#6384 = CARTESIAN_POINT('',(163.739646,-112.24,-4.6E-02));
#6385 = DIRECTION('',(-0.,-0.,-1.));
#6386 = DIRECTION('',(-0.,-1.,0.));
#6387 = ADVANCED_FACE('',(#6388),#6399,.F.);
#6388 = FACE_BOUND('',#6389,.T.);
#6389 = EDGE_LOOP('',(#6390,#6391,#6397,#6398));
#6390 = ORIENTED_EDGE('',*,*,#3322,.T.);
#6391 = ORIENTED_EDGE('',*,*,#6392,.T.);
#6392 = EDGE_CURVE('',#3323,#4572,#6393,.T.);
#6393 = LINE('',#6394,#6395);
#6394 = CARTESIAN_POINT('',(157.4,-111.43,-4.6E-02));
#6395 = VECTOR('',#6396,1.);
#6396 = DIRECTION('',(0.,0.,1.));
#6397 = ORIENTED_EDGE('',*,*,#4571,.F.);
#6398 = ORIENTED_EDGE('',*,*,#6392,.F.);
#6399 = CYLINDRICAL_SURFACE('',#6400,0.51);
#6400 = AXIS2_PLACEMENT_3D('',#6401,#6402,#6403);
#6401 = CARTESIAN_POINT('',(157.4,-110.92,-4.6E-02));
#6402 = DIRECTION('',(-0.,0.,-1.));
#6403 = DIRECTION('',(5.57288420204E-14,-1.,-0.));
#6404 = ADVANCED_FACE('',(#6405),#6416,.F.);
#6405 = FACE_BOUND('',#6406,.T.);
#6406 = EDGE_LOOP('',(#6407,#6408,#6414,#6415));
#6407 = ORIENTED_EDGE('',*,*,#3333,.T.);
#6408 = ORIENTED_EDGE('',*,*,#6409,.T.);
#6409 = EDGE_CURVE('',#3334,#4583,#6410,.T.);
#6410 = LINE('',#6411,#6412);
#6411 = CARTESIAN_POINT('',(168.739646,-112.74,-4.6E-02));
#6412 = VECTOR('',#6413,1.);
#6413 = DIRECTION('',(0.,0.,1.));
#6414 = ORIENTED_EDGE('',*,*,#4582,.F.);
#6415 = ORIENTED_EDGE('',*,*,#6409,.F.);
#6416 = CYLINDRICAL_SURFACE('',#6417,0.5);
#6417 = AXIS2_PLACEMENT_3D('',#6418,#6419,#6420);
#6418 = CARTESIAN_POINT('',(168.739646,-112.24,-4.6E-02));
#6419 = DIRECTION('',(-0.,-0.,-1.));
#6420 = DIRECTION('',(-0.,-1.,0.));
#6421 = ADVANCED_FACE('',(#6422),#6433,.F.);
#6422 = FACE_BOUND('',#6423,.T.);
#6423 = EDGE_LOOP('',(#6424,#6425,#6431,#6432));
#6424 = ORIENTED_EDGE('',*,*,#3344,.T.);
#6425 = ORIENTED_EDGE('',*,*,#6426,.T.);
#6426 = EDGE_CURVE('',#3345,#4594,#6427,.T.);
#6427 = LINE('',#6428,#6429);
#6428 = CARTESIAN_POINT('',(174.91,-115.46,-4.6E-02));
#6429 = VECTOR('',#6430,1.);
#6430 = DIRECTION('',(0.,0.,1.));
#6431 = ORIENTED_EDGE('',*,*,#4593,.F.);
#6432 = ORIENTED_EDGE('',*,*,#6426,.F.);
#6433 = CYLINDRICAL_SURFACE('',#6434,0.4);
#6434 = AXIS2_PLACEMENT_3D('',#6435,#6436,#6437);
#6435 = CARTESIAN_POINT('',(174.91,-115.06,-4.6E-02));
#6436 = DIRECTION('',(-0.,-0.,-1.));
#6437 = DIRECTION('',(-0.,-1.,0.));
#6438 = ADVANCED_FACE('',(#6439),#6450,.F.);
#6439 = FACE_BOUND('',#6440,.T.);
#6440 = EDGE_LOOP('',(#6441,#6442,#6448,#6449));
#6441 = ORIENTED_EDGE('',*,*,#3355,.T.);
#6442 = ORIENTED_EDGE('',*,*,#6443,.T.);
#6443 = EDGE_CURVE('',#3356,#4605,#6444,.T.);
#6444 = LINE('',#6445,#6446);
#6445 = CARTESIAN_POINT('',(174.91,-112.92,-4.6E-02));
#6446 = VECTOR('',#6447,1.);
#6447 = DIRECTION('',(0.,0.,1.));
#6448 = ORIENTED_EDGE('',*,*,#4604,.F.);
#6449 = ORIENTED_EDGE('',*,*,#6443,.F.);
#6450 = CYLINDRICAL_SURFACE('',#6451,0.4);
#6451 = AXIS2_PLACEMENT_3D('',#6452,#6453,#6454);
#6452 = CARTESIAN_POINT('',(174.91,-112.52,-4.6E-02));
#6453 = DIRECTION('',(-0.,-0.,-1.));
#6454 = DIRECTION('',(-0.,-1.,0.));
#6455 = ADVANCED_FACE('',(#6456),#6467,.F.);
#6456 = FACE_BOUND('',#6457,.T.);
#6457 = EDGE_LOOP('',(#6458,#6459,#6465,#6466));
#6458 = ORIENTED_EDGE('',*,*,#3366,.T.);
#6459 = ORIENTED_EDGE('',*,*,#6460,.T.);
#6460 = EDGE_CURVE('',#3367,#4616,#6461,.T.);
#6461 = LINE('',#6462,#6463);
#6462 = CARTESIAN_POINT('',(174.91,-110.38,-4.6E-02));
#6463 = VECTOR('',#6464,1.);
#6464 = DIRECTION('',(0.,0.,1.));
#6465 = ORIENTED_EDGE('',*,*,#4615,.F.);
#6466 = ORIENTED_EDGE('',*,*,#6460,.F.);
#6467 = CYLINDRICAL_SURFACE('',#6468,0.4);
#6468 = AXIS2_PLACEMENT_3D('',#6469,#6470,#6471);
#6469 = CARTESIAN_POINT('',(174.91,-109.98,-4.6E-02));
#6470 = DIRECTION('',(-0.,-0.,-1.));
#6471 = DIRECTION('',(-0.,-1.,0.));
#6472 = ADVANCED_FACE('',(#6473),#6484,.F.);
#6473 = FACE_BOUND('',#6474,.T.);
#6474 = EDGE_LOOP('',(#6475,#6476,#6482,#6483));
#6475 = ORIENTED_EDGE('',*,*,#3377,.T.);
#6476 = ORIENTED_EDGE('',*,*,#6477,.T.);
#6477 = EDGE_CURVE('',#3378,#4627,#6478,.T.);
#6478 = LINE('',#6479,#6480);
#6479 = CARTESIAN_POINT('',(180.7,-113.475,-4.6E-02));
#6480 = VECTOR('',#6481,1.);
#6481 = DIRECTION('',(0.,0.,1.));
#6482 = ORIENTED_EDGE('',*,*,#4626,.F.);
#6483 = ORIENTED_EDGE('',*,*,#6477,.F.);
#6484 = CYLINDRICAL_SURFACE('',#6485,0.51);
#6485 = AXIS2_PLACEMENT_3D('',#6486,#6487,#6488);
#6486 = CARTESIAN_POINT('',(180.7,-112.965,-4.6E-02));
#6487 = DIRECTION('',(-0.,-0.,-1.));
#6488 = DIRECTION('',(-0.,-1.,0.));
#6489 = ADVANCED_FACE('',(#6490),#6501,.F.);
#6490 = FACE_BOUND('',#6491,.T.);
#6491 = EDGE_LOOP('',(#6492,#6493,#6499,#6500));
#6492 = ORIENTED_EDGE('',*,*,#3388,.T.);
#6493 = ORIENTED_EDGE('',*,*,#6494,.T.);
#6494 = EDGE_CURVE('',#3389,#4638,#6495,.T.);
#6495 = LINE('',#6496,#6497);
#6496 = CARTESIAN_POINT('',(187.61,-115.46,-4.6E-02));
#6497 = VECTOR('',#6498,1.);
#6498 = DIRECTION('',(0.,0.,1.));
#6499 = ORIENTED_EDGE('',*,*,#4637,.F.);
#6500 = ORIENTED_EDGE('',*,*,#6494,.F.);
#6501 = CYLINDRICAL_SURFACE('',#6502,0.4);
#6502 = AXIS2_PLACEMENT_3D('',#6503,#6504,#6505);
#6503 = CARTESIAN_POINT('',(187.61,-115.06,-4.6E-02));
#6504 = DIRECTION('',(-0.,-0.,-1.));
#6505 = DIRECTION('',(-0.,-1.,0.));
#6506 = ADVANCED_FACE('',(#6507),#6518,.F.);
#6507 = FACE_BOUND('',#6508,.T.);
#6508 = EDGE_LOOP('',(#6509,#6510,#6516,#6517));
#6509 = ORIENTED_EDGE('',*,*,#3399,.T.);
#6510 = ORIENTED_EDGE('',*,*,#6511,.T.);
#6511 = EDGE_CURVE('',#3400,#4649,#6512,.T.);
#6512 = LINE('',#6513,#6514);
#6513 = CARTESIAN_POINT('',(187.61,-112.92,-4.6E-02));
#6514 = VECTOR('',#6515,1.);
#6515 = DIRECTION('',(0.,0.,1.));
#6516 = ORIENTED_EDGE('',*,*,#4648,.F.);
#6517 = ORIENTED_EDGE('',*,*,#6511,.F.);
#6518 = CYLINDRICAL_SURFACE('',#6519,0.4);
#6519 = AXIS2_PLACEMENT_3D('',#6520,#6521,#6522);
#6520 = CARTESIAN_POINT('',(187.61,-112.52,-4.6E-02));
#6521 = DIRECTION('',(-0.,-0.,-1.));
#6522 = DIRECTION('',(-0.,-1.,0.));
#6523 = ADVANCED_FACE('',(#6524),#6535,.F.);
#6524 = FACE_BOUND('',#6525,.T.);
#6525 = EDGE_LOOP('',(#6526,#6527,#6533,#6534));
#6526 = ORIENTED_EDGE('',*,*,#3410,.T.);
#6527 = ORIENTED_EDGE('',*,*,#6528,.T.);
#6528 = EDGE_CURVE('',#3411,#4660,#6529,.T.);
#6529 = LINE('',#6530,#6531);
#6530 = CARTESIAN_POINT('',(180.7,-110.935,-4.6E-02));
#6531 = VECTOR('',#6532,1.);
#6532 = DIRECTION('',(0.,0.,1.));
#6533 = ORIENTED_EDGE('',*,*,#4659,.F.);
#6534 = ORIENTED_EDGE('',*,*,#6528,.F.);
#6535 = CYLINDRICAL_SURFACE('',#6536,0.51);
#6536 = AXIS2_PLACEMENT_3D('',#6537,#6538,#6539);
#6537 = CARTESIAN_POINT('',(180.7,-110.425,-4.6E-02));
#6538 = DIRECTION('',(-0.,-0.,-1.));
#6539 = DIRECTION('',(-0.,-1.,0.));
#6540 = ADVANCED_FACE('',(#6541),#6552,.F.);
#6541 = FACE_BOUND('',#6542,.T.);
#6542 = EDGE_LOOP('',(#6543,#6544,#6550,#6551));
#6543 = ORIENTED_EDGE('',*,*,#3421,.T.);
#6544 = ORIENTED_EDGE('',*,*,#6545,.T.);
#6545 = EDGE_CURVE('',#3422,#4671,#6546,.T.);
#6546 = LINE('',#6547,#6548);
#6547 = CARTESIAN_POINT('',(187.61,-110.38,-4.6E-02));
#6548 = VECTOR('',#6549,1.);
#6549 = DIRECTION('',(0.,0.,1.));
#6550 = ORIENTED_EDGE('',*,*,#4670,.F.);
#6551 = ORIENTED_EDGE('',*,*,#6545,.F.);
#6552 = CYLINDRICAL_SURFACE('',#6553,0.4);
#6553 = AXIS2_PLACEMENT_3D('',#6554,#6555,#6556);
#6554 = CARTESIAN_POINT('',(187.61,-109.98,-4.6E-02));
#6555 = DIRECTION('',(-0.,-0.,-1.));
#6556 = DIRECTION('',(-0.,-1.,0.));
#6557 = ADVANCED_FACE('',(#6558),#6569,.F.);
#6558 = FACE_BOUND('',#6559,.T.);
#6559 = EDGE_LOOP('',(#6560,#6561,#6567,#6568));
#6560 = ORIENTED_EDGE('',*,*,#3432,.T.);
#6561 = ORIENTED_EDGE('',*,*,#6562,.T.);
#6562 = EDGE_CURVE('',#3433,#4682,#6563,.T.);
#6563 = LINE('',#6564,#6565);
#6564 = CARTESIAN_POINT('',(174.91,-107.84,-4.6E-02));
#6565 = VECTOR('',#6566,1.);
#6566 = DIRECTION('',(0.,0.,1.));
#6567 = ORIENTED_EDGE('',*,*,#4681,.F.);
#6568 = ORIENTED_EDGE('',*,*,#6562,.F.);
#6569 = CYLINDRICAL_SURFACE('',#6570,0.4);
#6570 = AXIS2_PLACEMENT_3D('',#6571,#6572,#6573);
#6571 = CARTESIAN_POINT('',(174.91,-107.44,-4.6E-02));
#6572 = DIRECTION('',(-0.,-0.,-1.));
#6573 = DIRECTION('',(-0.,-1.,0.));
#6574 = ADVANCED_FACE('',(#6575),#6586,.F.);
#6575 = FACE_BOUND('',#6576,.T.);
#6576 = EDGE_LOOP('',(#6577,#6578,#6584,#6585));
#6577 = ORIENTED_EDGE('',*,*,#3443,.T.);
#6578 = ORIENTED_EDGE('',*,*,#6579,.T.);
#6579 = EDGE_CURVE('',#3444,#4693,#6580,.T.);
#6580 = LINE('',#6581,#6582);
#6581 = CARTESIAN_POINT('',(174.91,-105.3,-4.6E-02));
#6582 = VECTOR('',#6583,1.);
#6583 = DIRECTION('',(0.,0.,1.));
#6584 = ORIENTED_EDGE('',*,*,#4692,.F.);
#6585 = ORIENTED_EDGE('',*,*,#6579,.F.);
#6586 = CYLINDRICAL_SURFACE('',#6587,0.4);
#6587 = AXIS2_PLACEMENT_3D('',#6588,#6589,#6590);
#6588 = CARTESIAN_POINT('',(174.91,-104.9,-4.6E-02));
#6589 = DIRECTION('',(-0.,-0.,-1.));
#6590 = DIRECTION('',(-0.,-1.,0.));
#6591 = ADVANCED_FACE('',(#6592),#6603,.F.);
#6592 = FACE_BOUND('',#6593,.T.);
#6593 = EDGE_LOOP('',(#6594,#6595,#6601,#6602));
#6594 = ORIENTED_EDGE('',*,*,#3454,.T.);
#6595 = ORIENTED_EDGE('',*,*,#6596,.T.);
#6596 = EDGE_CURVE('',#3455,#4704,#6597,.T.);
#6597 = LINE('',#6598,#6599);
#6598 = CARTESIAN_POINT('',(174.91,-102.76,-4.6E-02));
#6599 = VECTOR('',#6600,1.);
#6600 = DIRECTION('',(0.,0.,1.));
#6601 = ORIENTED_EDGE('',*,*,#4703,.F.);
#6602 = ORIENTED_EDGE('',*,*,#6596,.F.);
#6603 = CYLINDRICAL_SURFACE('',#6604,0.4);
#6604 = AXIS2_PLACEMENT_3D('',#6605,#6606,#6607);
#6605 = CARTESIAN_POINT('',(174.91,-102.36,-4.6E-02));
#6606 = DIRECTION('',(-0.,-0.,-1.));
#6607 = DIRECTION('',(-0.,-1.,0.));
#6608 = ADVANCED_FACE('',(#6609),#6620,.F.);
#6609 = FACE_BOUND('',#6610,.T.);
#6610 = EDGE_LOOP('',(#6611,#6612,#6618,#6619));
#6611 = ORIENTED_EDGE('',*,*,#3465,.T.);
#6612 = ORIENTED_EDGE('',*,*,#6613,.T.);
#6613 = EDGE_CURVE('',#3466,#4715,#6614,.T.);
#6614 = LINE('',#6615,#6616);
#6615 = CARTESIAN_POINT('',(180.7,-108.395,-4.6E-02));
#6616 = VECTOR('',#6617,1.);
#6617 = DIRECTION('',(0.,0.,1.));
#6618 = ORIENTED_EDGE('',*,*,#4714,.F.);
#6619 = ORIENTED_EDGE('',*,*,#6613,.F.);
#6620 = CYLINDRICAL_SURFACE('',#6621,0.51);
#6621 = AXIS2_PLACEMENT_3D('',#6622,#6623,#6624);
#6622 = CARTESIAN_POINT('',(180.7,-107.885,-4.6E-02));
#6623 = DIRECTION('',(-0.,-0.,-1.));
#6624 = DIRECTION('',(-0.,-1.,0.));
#6625 = ADVANCED_FACE('',(#6626),#6637,.F.);
#6626 = FACE_BOUND('',#6627,.T.);
#6627 = EDGE_LOOP('',(#6628,#6629,#6635,#6636));
#6628 = ORIENTED_EDGE('',*,*,#3476,.T.);
#6629 = ORIENTED_EDGE('',*,*,#6630,.T.);
#6630 = EDGE_CURVE('',#3477,#4726,#6631,.T.);
#6631 = LINE('',#6632,#6633);
#6632 = CARTESIAN_POINT('',(187.61,-107.84,-4.6E-02));
#6633 = VECTOR('',#6634,1.);
#6634 = DIRECTION('',(0.,0.,1.));
#6635 = ORIENTED_EDGE('',*,*,#4725,.F.);
#6636 = ORIENTED_EDGE('',*,*,#6630,.F.);
#6637 = CYLINDRICAL_SURFACE('',#6638,0.4);
#6638 = AXIS2_PLACEMENT_3D('',#6639,#6640,#6641);
#6639 = CARTESIAN_POINT('',(187.61,-107.44,-4.6E-02));
#6640 = DIRECTION('',(-0.,-0.,-1.));
#6641 = DIRECTION('',(-0.,-1.,0.));
#6642 = ADVANCED_FACE('',(#6643),#6654,.F.);
#6643 = FACE_BOUND('',#6644,.T.);
#6644 = EDGE_LOOP('',(#6645,#6646,#6652,#6653));
#6645 = ORIENTED_EDGE('',*,*,#3487,.T.);
#6646 = ORIENTED_EDGE('',*,*,#6647,.T.);
#6647 = EDGE_CURVE('',#3488,#4737,#6648,.T.);
#6648 = LINE('',#6649,#6650);
#6649 = CARTESIAN_POINT('',(187.61,-105.3,-4.6E-02));
#6650 = VECTOR('',#6651,1.);
#6651 = DIRECTION('',(0.,0.,1.));
#6652 = ORIENTED_EDGE('',*,*,#4736,.F.);
#6653 = ORIENTED_EDGE('',*,*,#6647,.F.);
#6654 = CYLINDRICAL_SURFACE('',#6655,0.4);
#6655 = AXIS2_PLACEMENT_3D('',#6656,#6657,#6658);
#6656 = CARTESIAN_POINT('',(187.61,-104.9,-4.6E-02));
#6657 = DIRECTION('',(-0.,-0.,-1.));
#6658 = DIRECTION('',(-0.,-1.,0.));
#6659 = ADVANCED_FACE('',(#6660),#6671,.F.);
#6660 = FACE_BOUND('',#6661,.T.);
#6661 = EDGE_LOOP('',(#6662,#6663,#6669,#6670));
#6662 = ORIENTED_EDGE('',*,*,#3498,.T.);
#6663 = ORIENTED_EDGE('',*,*,#6664,.T.);
#6664 = EDGE_CURVE('',#3499,#4748,#6665,.T.);
#6665 = LINE('',#6666,#6667);
#6666 = CARTESIAN_POINT('',(187.61,-102.76,-4.6E-02));
#6667 = VECTOR('',#6668,1.);
#6668 = DIRECTION('',(0.,0.,1.));
#6669 = ORIENTED_EDGE('',*,*,#4747,.F.);
#6670 = ORIENTED_EDGE('',*,*,#6664,.F.);
#6671 = CYLINDRICAL_SURFACE('',#6672,0.4);
#6672 = AXIS2_PLACEMENT_3D('',#6673,#6674,#6675);
#6673 = CARTESIAN_POINT('',(187.61,-102.36,-4.6E-02));
#6674 = DIRECTION('',(-0.,-0.,-1.));
#6675 = DIRECTION('',(-0.,-1.,0.));
#6676 = ( GEOMETRIC_REPRESENTATION_CONTEXT(3) 
GLOBAL_UNCERTAINTY_ASSIGNED_CONTEXT((#6680)) 
GLOBAL_UNIT_ASSIGNED_CONTEXT((#6677,#6678,#6679)) REPRESENTATION_CONTEXT
('Context #1','3D Context with UNIT and UNCERTAINTY') );
#6677 = ( LENGTH_UNIT() NAMED_UNIT(*) SI_UNIT(.MILLI.,.METRE.) );
#6678 = ( NAMED_UNIT(*) PLANE_ANGLE_UNIT() SI_UNIT($,.RADIAN.) );
#6679 = ( NAMED_UNIT(*) SI_UNIT($,.STERADIAN.) SOLID_ANGLE_UNIT() );
#6680 = UNCERTAINTY_MEASURE_WITH_UNIT(LENGTH_MEASURE(1.E-07),#6677,
  'distance_accuracy_value','confusion accuracy');
#6681 = CONTEXT_DEPENDENT_SHAPE_REPRESENTATION(#6682,#6684);
#6682 = ( REPRESENTATION_RELATIONSHIP('','',#2157,#10) 
REPRESENTATION_RELATIONSHIP_WITH_TRANSFORMATION(#6683) 
SHAPE_REPRESENTATION_RELATIONSHIP() );
#6683 = ITEM_DEFINED_TRANSFORMATION('','',#11,#23);
#6684 = PRODUCT_DEFINITION_SHAPE('Placement','Placement of an item',
  #6685);
#6685 = NEXT_ASSEMBLY_USAGE_OCCURRENCE('4','=>[0:1:1:4]','',#5,#2152,$);
#6686 = PRODUCT_RELATED_PRODUCT_CATEGORY('part',$,(#2154));
#6687 = MECHANICAL_DESIGN_GEOMETRIC_PRESENTATION_REPRESENTATION('',(
    #6688),#6676);
#6688 = STYLED_ITEM('color',(#6689),#2158);
#6689 = PRESENTATION_STYLE_ASSIGNMENT((#6690));
#6690 = SURFACE_STYLE_USAGE(.BOTH.,#6691);
#6691 = SURFACE_SIDE_STYLE('',(#6692));
#6692 = SURFACE_STYLE_FILL_AREA(#6693);
#6693 = FILL_AREA_STYLE('',(#6694));
#6694 = FILL_AREA_STYLE_COLOUR('',#6695);
#6695 = COLOUR_RGB('',0.313304153717,0.484529207832,0.410020903123);
#6696 = MECHANICAL_DESIGN_GEOMETRIC_PRESENTATION_REPRESENTATION('',(
    #6697,#6705,#6712,#6720,#6727,#6735,#6742,#6749,#6756,#6763,#6770,
    #6777,#6784,#6791,#6798,#6805,#6812,#6819,#6826,#6833,#6840,#6847,
    #6855,#6862,#6869,#6876,#6883,#6890,#6897,#6904,#6911,#6918,#6925,
    #6932,#6939,#6946,#6953,#6960,#6967,#6974,#6981,#6988,#6995,#7002,
    #7009,#7016,#7023,#7030),#2134);
#6697 = STYLED_ITEM('color',(#6698),#66);
#6698 = PRESENTATION_STYLE_ASSIGNMENT((#6699));
#6699 = SURFACE_STYLE_USAGE(.BOTH.,#6700);
#6700 = SURFACE_SIDE_STYLE('',(#6701));
#6701 = SURFACE_STYLE_FILL_AREA(#6702);
#6702 = FILL_AREA_STYLE('',(#6703));
#6703 = FILL_AREA_STYLE_COLOUR('',#6704);
#6704 = COLOUR_RGB('',0.823999987314,0.819999987296,0.781000009244);
#6705 = STYLED_ITEM('color',(#6706),#83);
#6706 = PRESENTATION_STYLE_ASSIGNMENT((#6707));
#6707 = SURFACE_STYLE_USAGE(.BOTH.,#6708);
#6708 = SURFACE_SIDE_STYLE('',(#6709));
#6709 = SURFACE_STYLE_FILL_AREA(#6710);
#6710 = FILL_AREA_STYLE('',(#6711));
#6711 = FILL_AREA_STYLE_COLOUR('',#6704);
#6712 = STYLED_ITEM('color',(#6713),#108);
#6713 = PRESENTATION_STYLE_ASSIGNMENT((#6714));
#6714 = SURFACE_STYLE_USAGE(.BOTH.,#6715);
#6715 = SURFACE_SIDE_STYLE('',(#6716));
#6716 = SURFACE_STYLE_FILL_AREA(#6717);
#6717 = FILL_AREA_STYLE('',(#6718));
#6718 = FILL_AREA_STYLE_COLOUR('',#6719);
#6719 = COLOUR_RGB('',0.136999991899,0.40200001271,0.726999997272);
#6720 = STYLED_ITEM('color',(#6721),#157);
#6721 = PRESENTATION_STYLE_ASSIGNMENT((#6722));
#6722 = SURFACE_STYLE_USAGE(.BOTH.,#6723);
#6723 = SURFACE_SIDE_STYLE('',(#6724));
#6724 = SURFACE_STYLE_FILL_AREA(#6725);
#6725 = FILL_AREA_STYLE('',(#6726));
#6726 = FILL_AREA_STYLE_COLOUR('',#6719);
#6727 = STYLED_ITEM('color',(#6728),#190);
#6728 = PRESENTATION_STYLE_ASSIGNMENT((#6729));
#6729 = SURFACE_STYLE_USAGE(.BOTH.,#6730);
#6730 = SURFACE_SIDE_STYLE('',(#6731));
#6731 = SURFACE_STYLE_FILL_AREA(#6732);
#6732 = FILL_AREA_STYLE('',(#6733));
#6733 = FILL_AREA_STYLE_COLOUR('',#6734);
#6734 = COLOUR_RGB('',0.690999977303,0.663999984767,0.597999987832);
#6735 = STYLED_ITEM('color',(#6736),#208);
#6736 = PRESENTATION_STYLE_ASSIGNMENT((#6737));
#6737 = SURFACE_STYLE_USAGE(.BOTH.,#6738);
#6738 = SURFACE_SIDE_STYLE('',(#6739));
#6739 = SURFACE_STYLE_FILL_AREA(#6740);
#6740 = FILL_AREA_STYLE('',(#6741));
#6741 = FILL_AREA_STYLE_COLOUR('',#6704);
#6742 = STYLED_ITEM('color',(#6743),#233);
#6743 = PRESENTATION_STYLE_ASSIGNMENT((#6744));
#6744 = SURFACE_STYLE_USAGE(.BOTH.,#6745);
#6745 = SURFACE_SIDE_STYLE('',(#6746));
#6746 = SURFACE_STYLE_FILL_AREA(#6747);
#6747 = FILL_AREA_STYLE('',(#6748));
#6748 = FILL_AREA_STYLE_COLOUR('',#6719);
#6749 = STYLED_ITEM('color',(#6750),#265);
#6750 = PRESENTATION_STYLE_ASSIGNMENT((#6751));
#6751 = SURFACE_STYLE_USAGE(.BOTH.,#6752);
#6752 = SURFACE_SIDE_STYLE('',(#6753));
#6753 = SURFACE_STYLE_FILL_AREA(#6754);
#6754 = FILL_AREA_STYLE('',(#6755));
#6755 = FILL_AREA_STYLE_COLOUR('',#6734);
#6756 = STYLED_ITEM('color',(#6757),#283);
#6757 = PRESENTATION_STYLE_ASSIGNMENT((#6758));
#6758 = SURFACE_STYLE_USAGE(.BOTH.,#6759);
#6759 = SURFACE_SIDE_STYLE('',(#6760));
#6760 = SURFACE_STYLE_FILL_AREA(#6761);
#6761 = FILL_AREA_STYLE('',(#6762));
#6762 = FILL_AREA_STYLE_COLOUR('',#6704);
#6763 = STYLED_ITEM('color',(#6764),#292);
#6764 = PRESENTATION_STYLE_ASSIGNMENT((#6765));
#6765 = SURFACE_STYLE_USAGE(.BOTH.,#6766);
#6766 = SURFACE_SIDE_STYLE('',(#6767));
#6767 = SURFACE_STYLE_FILL_AREA(#6768);
#6768 = FILL_AREA_STYLE('',(#6769));
#6769 = FILL_AREA_STYLE_COLOUR('',#6719);
#6770 = STYLED_ITEM('color',(#6771),#330);
#6771 = PRESENTATION_STYLE_ASSIGNMENT((#6772));
#6772 = SURFACE_STYLE_USAGE(.BOTH.,#6773);
#6773 = SURFACE_SIDE_STYLE('',(#6774));
#6774 = SURFACE_STYLE_FILL_AREA(#6775);
#6775 = FILL_AREA_STYLE('',(#6776));
#6776 = FILL_AREA_STYLE_COLOUR('',#6734);
#6777 = STYLED_ITEM('color',(#6778),#352);
#6778 = PRESENTATION_STYLE_ASSIGNMENT((#6779));
#6779 = SURFACE_STYLE_USAGE(.BOTH.,#6780);
#6780 = SURFACE_SIDE_STYLE('',(#6781));
#6781 = SURFACE_STYLE_FILL_AREA(#6782);
#6782 = FILL_AREA_STYLE('',(#6783));
#6783 = FILL_AREA_STYLE_COLOUR('',#6719);
#6784 = STYLED_ITEM('color',(#6785),#415);
#6785 = PRESENTATION_STYLE_ASSIGNMENT((#6786));
#6786 = SURFACE_STYLE_USAGE(.BOTH.,#6787);
#6787 = SURFACE_SIDE_STYLE('',(#6788));
#6788 = SURFACE_STYLE_FILL_AREA(#6789);
#6789 = FILL_AREA_STYLE('',(#6790));
#6790 = FILL_AREA_STYLE_COLOUR('',#6734);
#6791 = STYLED_ITEM('color',(#6792),#443);
#6792 = PRESENTATION_STYLE_ASSIGNMENT((#6793));
#6793 = SURFACE_STYLE_USAGE(.BOTH.,#6794);
#6794 = SURFACE_SIDE_STYLE('',(#6795));
#6795 = SURFACE_STYLE_FILL_AREA(#6796);
#6796 = FILL_AREA_STYLE('',(#6797));
#6797 = FILL_AREA_STYLE_COLOUR('',#6719);
#6798 = STYLED_ITEM('color',(#6799),#617);
#6799 = PRESENTATION_STYLE_ASSIGNMENT((#6800));
#6800 = SURFACE_STYLE_USAGE(.BOTH.,#6801);
#6801 = SURFACE_SIDE_STYLE('',(#6802));
#6802 = SURFACE_STYLE_FILL_AREA(#6803);
#6803 = FILL_AREA_STYLE('',(#6804));
#6804 = FILL_AREA_STYLE_COLOUR('',#6734);
#6805 = STYLED_ITEM('color',(#6806),#683);
#6806 = PRESENTATION_STYLE_ASSIGNMENT((#6807));
#6807 = SURFACE_STYLE_USAGE(.BOTH.,#6808);
#6808 = SURFACE_SIDE_STYLE('',(#6809));
#6809 = SURFACE_STYLE_FILL_AREA(#6810);
#6810 = FILL_AREA_STYLE('',(#6811));
#6811 = FILL_AREA_STYLE_COLOUR('',#6719);
#6812 = STYLED_ITEM('color',(#6813),#752);
#6813 = PRESENTATION_STYLE_ASSIGNMENT((#6814));
#6814 = SURFACE_STYLE_USAGE(.BOTH.,#6815);
#6815 = SURFACE_SIDE_STYLE('',(#6816));
#6816 = SURFACE_STYLE_FILL_AREA(#6817);
#6817 = FILL_AREA_STYLE('',(#6818));
#6818 = FILL_AREA_STYLE_COLOUR('',#6734);
#6819 = STYLED_ITEM('color',(#6820),#784);
#6820 = PRESENTATION_STYLE_ASSIGNMENT((#6821));
#6821 = SURFACE_STYLE_USAGE(.BOTH.,#6822);
#6822 = SURFACE_SIDE_STYLE('',(#6823));
#6823 = SURFACE_STYLE_FILL_AREA(#6824);
#6824 = FILL_AREA_STYLE('',(#6825));
#6825 = FILL_AREA_STYLE_COLOUR('',#6719);
#6826 = STYLED_ITEM('color',(#6827),#958);
#6827 = PRESENTATION_STYLE_ASSIGNMENT((#6828));
#6828 = SURFACE_STYLE_USAGE(.BOTH.,#6829);
#6829 = SURFACE_SIDE_STYLE('',(#6830));
#6830 = SURFACE_STYLE_FILL_AREA(#6831);
#6831 = FILL_AREA_STYLE('',(#6832));
#6832 = FILL_AREA_STYLE_COLOUR('',#6734);
#6833 = STYLED_ITEM('color',(#6834),#1122);
#6834 = PRESENTATION_STYLE_ASSIGNMENT((#6835));
#6835 = SURFACE_STYLE_USAGE(.BOTH.,#6836);
#6836 = SURFACE_SIDE_STYLE('',(#6837));
#6837 = SURFACE_STYLE_FILL_AREA(#6838);
#6838 = FILL_AREA_STYLE('',(#6839));
#6839 = FILL_AREA_STYLE_COLOUR('',#6719);
#6840 = STYLED_ITEM('color',(#6841),#1154);
#6841 = PRESENTATION_STYLE_ASSIGNMENT((#6842));
#6842 = SURFACE_STYLE_USAGE(.BOTH.,#6843);
#6843 = SURFACE_SIDE_STYLE('',(#6844));
#6844 = SURFACE_STYLE_FILL_AREA(#6845);
#6845 = FILL_AREA_STYLE('',(#6846));
#6846 = FILL_AREA_STYLE_COLOUR('',#6734);
#6847 = STYLED_ITEM('color',(#6848),#1338);
#6848 = PRESENTATION_STYLE_ASSIGNMENT((#6849));
#6849 = SURFACE_STYLE_USAGE(.BOTH.,#6850);
#6850 = SURFACE_SIDE_STYLE('',(#6851));
#6851 = SURFACE_STYLE_FILL_AREA(#6852);
#6852 = FILL_AREA_STYLE('',(#6853));
#6853 = FILL_AREA_STYLE_COLOUR('',#6854);
#6854 = COLOUR_RGB('',0.147999998088,0.144999993226,0.144999993226);
#6855 = STYLED_ITEM('color',(#6856),#1404);
#6856 = PRESENTATION_STYLE_ASSIGNMENT((#6857));
#6857 = SURFACE_STYLE_USAGE(.BOTH.,#6858);
#6858 = SURFACE_SIDE_STYLE('',(#6859));
#6859 = SURFACE_STYLE_FILL_AREA(#6860);
#6860 = FILL_AREA_STYLE('',(#6861));
#6861 = FILL_AREA_STYLE_COLOUR('',#6719);
#6862 = STYLED_ITEM('color',(#6863),#1438);
#6863 = PRESENTATION_STYLE_ASSIGNMENT((#6864));
#6864 = SURFACE_STYLE_USAGE(.BOTH.,#6865);
#6865 = SURFACE_SIDE_STYLE('',(#6866));
#6866 = SURFACE_STYLE_FILL_AREA(#6867);
#6867 = FILL_AREA_STYLE('',(#6868));
#6868 = FILL_AREA_STYLE_COLOUR('',#6734);
#6869 = STYLED_ITEM('color',(#6870),#1456);
#6870 = PRESENTATION_STYLE_ASSIGNMENT((#6871));
#6871 = SURFACE_STYLE_USAGE(.BOTH.,#6872);
#6872 = SURFACE_SIDE_STYLE('',(#6873));
#6873 = SURFACE_STYLE_FILL_AREA(#6874);
#6874 = FILL_AREA_STYLE('',(#6875));
#6875 = FILL_AREA_STYLE_COLOUR('',#6854);
#6876 = STYLED_ITEM('color',(#6877),#1472);
#6877 = PRESENTATION_STYLE_ASSIGNMENT((#6878));
#6878 = SURFACE_STYLE_USAGE(.BOTH.,#6879);
#6879 = SURFACE_SIDE_STYLE('',(#6880));
#6880 = SURFACE_STYLE_FILL_AREA(#6881);
#6881 = FILL_AREA_STYLE('',(#6882));
#6882 = FILL_AREA_STYLE_COLOUR('',#6854);
#6883 = STYLED_ITEM('color',(#6884),#1488);
#6884 = PRESENTATION_STYLE_ASSIGNMENT((#6885));
#6885 = SURFACE_STYLE_USAGE(.BOTH.,#6886);
#6886 = SURFACE_SIDE_STYLE('',(#6887));
#6887 = SURFACE_STYLE_FILL_AREA(#6888);
#6888 = FILL_AREA_STYLE('',(#6889));
#6889 = FILL_AREA_STYLE_COLOUR('',#6719);
#6890 = STYLED_ITEM('color',(#6891),#1520);
#6891 = PRESENTATION_STYLE_ASSIGNMENT((#6892));
#6892 = SURFACE_STYLE_USAGE(.BOTH.,#6893);
#6893 = SURFACE_SIDE_STYLE('',(#6894));
#6894 = SURFACE_STYLE_FILL_AREA(#6895);
#6895 = FILL_AREA_STYLE('',(#6896));
#6896 = FILL_AREA_STYLE_COLOUR('',#6734);
#6897 = STYLED_ITEM('color',(#6898),#1538);
#6898 = PRESENTATION_STYLE_ASSIGNMENT((#6899));
#6899 = SURFACE_STYLE_USAGE(.BOTH.,#6900);
#6900 = SURFACE_SIDE_STYLE('',(#6901));
#6901 = SURFACE_STYLE_FILL_AREA(#6902);
#6902 = FILL_AREA_STYLE('',(#6903));
#6903 = FILL_AREA_STYLE_COLOUR('',#6719);
#6904 = STYLED_ITEM('color',(#6905),#1681);
#6905 = PRESENTATION_STYLE_ASSIGNMENT((#6906));
#6906 = SURFACE_STYLE_USAGE(.BOTH.,#6907);
#6907 = SURFACE_SIDE_STYLE('',(#6908));
#6908 = SURFACE_STYLE_FILL_AREA(#6909);
#6909 = FILL_AREA_STYLE('',(#6910));
#6910 = FILL_AREA_STYLE_COLOUR('',#6734);
#6911 = STYLED_ITEM('color',(#6912),#1733);
#6912 = PRESENTATION_STYLE_ASSIGNMENT((#6913));
#6913 = SURFACE_STYLE_USAGE(.BOTH.,#6914);
#6914 = SURFACE_SIDE_STYLE('',(#6915));
#6915 = SURFACE_STYLE_FILL_AREA(#6916);
#6916 = FILL_AREA_STYLE('',(#6917));
#6917 = FILL_AREA_STYLE_COLOUR('',#6704);
#6918 = STYLED_ITEM('color',(#6919),#1757);
#6919 = PRESENTATION_STYLE_ASSIGNMENT((#6920));
#6920 = SURFACE_STYLE_USAGE(.BOTH.,#6921);
#6921 = SURFACE_SIDE_STYLE('',(#6922));
#6922 = SURFACE_STYLE_FILL_AREA(#6923);
#6923 = FILL_AREA_STYLE('',(#6924));
#6924 = FILL_AREA_STYLE_COLOUR('',#6704);
#6925 = STYLED_ITEM('color',(#6926),#1781);
#6926 = PRESENTATION_STYLE_ASSIGNMENT((#6927));
#6927 = SURFACE_STYLE_USAGE(.BOTH.,#6928);
#6928 = SURFACE_SIDE_STYLE('',(#6929));
#6929 = SURFACE_STYLE_FILL_AREA(#6930);
#6930 = FILL_AREA_STYLE('',(#6931));
#6931 = FILL_AREA_STYLE_COLOUR('',#6704);
#6932 = STYLED_ITEM('color',(#6933),#1805);
#6933 = PRESENTATION_STYLE_ASSIGNMENT((#6934));
#6934 = SURFACE_STYLE_USAGE(.BOTH.,#6935);
#6935 = SURFACE_SIDE_STYLE('',(#6936));
#6936 = SURFACE_STYLE_FILL_AREA(#6937);
#6937 = FILL_AREA_STYLE('',(#6938));
#6938 = FILL_AREA_STYLE_COLOUR('',#6704);
#6939 = STYLED_ITEM('color',(#6940),#1867);
#6940 = PRESENTATION_STYLE_ASSIGNMENT((#6941));
#6941 = SURFACE_STYLE_USAGE(.BOTH.,#6942);
#6942 = SURFACE_SIDE_STYLE('',(#6943));
#6943 = SURFACE_STYLE_FILL_AREA(#6944);
#6944 = FILL_AREA_STYLE('',(#6945));
#6945 = FILL_AREA_STYLE_COLOUR('',#6704);
#6946 = STYLED_ITEM('color',(#6947),#1884);
#6947 = PRESENTATION_STYLE_ASSIGNMENT((#6948));
#6948 = SURFACE_STYLE_USAGE(.BOTH.,#6949);
#6949 = SURFACE_SIDE_STYLE('',(#6950));
#6950 = SURFACE_STYLE_FILL_AREA(#6951);
#6951 = FILL_AREA_STYLE('',(#6952));
#6952 = FILL_AREA_STYLE_COLOUR('',#6704);
#6953 = STYLED_ITEM('color',(#6954),#1908);
#6954 = PRESENTATION_STYLE_ASSIGNMENT((#6955));
#6955 = SURFACE_STYLE_USAGE(.BOTH.,#6956);
#6956 = SURFACE_SIDE_STYLE('',(#6957));
#6957 = SURFACE_STYLE_FILL_AREA(#6958);
#6958 = FILL_AREA_STYLE('',(#6959));
#6959 = FILL_AREA_STYLE_COLOUR('',#6704);
#6960 = STYLED_ITEM('color',(#6961),#1924);
#6961 = PRESENTATION_STYLE_ASSIGNMENT((#6962));
#6962 = SURFACE_STYLE_USAGE(.BOTH.,#6963);
#6963 = SURFACE_SIDE_STYLE('',(#6964));
#6964 = SURFACE_STYLE_FILL_AREA(#6965);
#6965 = FILL_AREA_STYLE('',(#6966));
#6966 = FILL_AREA_STYLE_COLOUR('',#6704);
#6967 = STYLED_ITEM('color',(#6968),#1948);
#6968 = PRESENTATION_STYLE_ASSIGNMENT((#6969));
#6969 = SURFACE_STYLE_USAGE(.BOTH.,#6970);
#6970 = SURFACE_SIDE_STYLE('',(#6971));
#6971 = SURFACE_STYLE_FILL_AREA(#6972);
#6972 = FILL_AREA_STYLE('',(#6973));
#6973 = FILL_AREA_STYLE_COLOUR('',#6704);
#6974 = STYLED_ITEM('color',(#6975),#1960);
#6975 = PRESENTATION_STYLE_ASSIGNMENT((#6976));
#6976 = SURFACE_STYLE_USAGE(.BOTH.,#6977);
#6977 = SURFACE_SIDE_STYLE('',(#6978));
#6978 = SURFACE_STYLE_FILL_AREA(#6979);
#6979 = FILL_AREA_STYLE('',(#6980));
#6980 = FILL_AREA_STYLE_COLOUR('',#6704);
#6981 = STYLED_ITEM('color',(#6982),#1976);
#6982 = PRESENTATION_STYLE_ASSIGNMENT((#6983));
#6983 = SURFACE_STYLE_USAGE(.BOTH.,#6984);
#6984 = SURFACE_SIDE_STYLE('',(#6985));
#6985 = SURFACE_STYLE_FILL_AREA(#6986);
#6986 = FILL_AREA_STYLE('',(#6987));
#6987 = FILL_AREA_STYLE_COLOUR('',#6704);
#6988 = STYLED_ITEM('color',(#6989),#1988);
#6989 = PRESENTATION_STYLE_ASSIGNMENT((#6990));
#6990 = SURFACE_STYLE_USAGE(.BOTH.,#6991);
#6991 = SURFACE_SIDE_STYLE('',(#6992));
#6992 = SURFACE_STYLE_FILL_AREA(#6993);
#6993 = FILL_AREA_STYLE('',(#6994));
#6994 = FILL_AREA_STYLE_COLOUR('',#6704);
#6995 = STYLED_ITEM('color',(#6996),#2000);
#6996 = PRESENTATION_STYLE_ASSIGNMENT((#6997));
#6997 = SURFACE_STYLE_USAGE(.BOTH.,#6998);
#6998 = SURFACE_SIDE_STYLE('',(#6999));
#6999 = SURFACE_STYLE_FILL_AREA(#7000);
#7000 = FILL_AREA_STYLE('',(#7001));
#7001 = FILL_AREA_STYLE_COLOUR('',#6704);
#7002 = STYLED_ITEM('color',(#7003),#2014);
#7003 = PRESENTATION_STYLE_ASSIGNMENT((#7004));
#7004 = SURFACE_STYLE_USAGE(.BOTH.,#7005);
#7005 = SURFACE_SIDE_STYLE('',(#7006));
#7006 = SURFACE_STYLE_FILL_AREA(#7007);
#7007 = FILL_AREA_STYLE('',(#7008));
#7008 = FILL_AREA_STYLE_COLOUR('',#6734);
#7009 = STYLED_ITEM('color',(#7010),#2047);
#7010 = PRESENTATION_STYLE_ASSIGNMENT((#7011));
#7011 = SURFACE_STYLE_USAGE(.BOTH.,#7012);
#7012 = SURFACE_SIDE_STYLE('',(#7013));
#7013 = SURFACE_STYLE_FILL_AREA(#7014);
#7014 = FILL_AREA_STYLE('',(#7015));
#7015 = FILL_AREA_STYLE_COLOUR('',#6734);
#7016 = STYLED_ITEM('color',(#7017),#2079);
#7017 = PRESENTATION_STYLE_ASSIGNMENT((#7018));
#7018 = SURFACE_STYLE_USAGE(.BOTH.,#7019);
#7019 = SURFACE_SIDE_STYLE('',(#7020));
#7020 = SURFACE_STYLE_FILL_AREA(#7021);
#7021 = FILL_AREA_STYLE('',(#7022));
#7022 = FILL_AREA_STYLE_COLOUR('',#6719);
#7023 = STYLED_ITEM('color',(#7024),#2096);
#7024 = PRESENTATION_STYLE_ASSIGNMENT((#7025));
#7025 = SURFACE_STYLE_USAGE(.BOTH.,#7026);
#7026 = SURFACE_SIDE_STYLE('',(#7027));
#7027 = SURFACE_STYLE_FILL_AREA(#7028);
#7028 = FILL_AREA_STYLE('',(#7029));
#7029 = FILL_AREA_STYLE_COLOUR('',#6719);
#7030 = STYLED_ITEM('color',(#7031),#2123);
#7031 = PRESENTATION_STYLE_ASSIGNMENT((#7032));
#7032 = SURFACE_STYLE_USAGE(.BOTH.,#7033);
#7033 = SURFACE_SIDE_STYLE('',(#7034));
#7034 = SURFACE_STYLE_FILL_AREA(#7035);
#7035 = FILL_AREA_STYLE('',(#7036));
#7036 = FILL_AREA_STYLE_COLOUR('',#6704);
ENDSEC;
END-ISO-10303-21;
